{
    "time": [
        0,
        1.0,
        2.0,
        3.0,
        4.0,
        5.0,
        6.0,
        7.0,
        8.0,
        9.0,
        10.0,
        11.0,
        12.0,
        13.0,
        14.0
    ],
    "object_EEELane.AbstractStaticDirectionalObject$direction": [
        0.0
    ],
    "object_EEELane.AbstractStaticHeadingObject$heading": [
        0.0
    ],
    "object_EEELane.AbstractStaticObject$length": [
        25.815625
    ],
    "object_EEELane.AbstractStaticObject$width": [
        2.55
    ],
    "object_EEELane.AbstractStaticObject$x": [
        2.55
    ],
    "object_EEELane.AbstractStaticObject$y": [
        -1.275
    ],
    "object_ERoad.AbstractStaticHeadingObject$heading": [
        0.0
    ],
    "object_ERoad.AbstractStaticObject$length": [
        25.815625
    ],
    "object_ERoad.AbstractStaticObject$width": [
        5.1
    ],
    "object_ERoad.AbstractStaticObject$x": [
        2.55
    ],
    "object_ERoad.AbstractStaticObject$y": [
        0.0
    ],
    "object_EWWLane.AbstractStaticDirectionalObject$direction": [
        3.1415926535
    ],
    "object_EWWLane.AbstractStaticHeadingObject$heading": [
        3.1415926535
    ],
    "object_EWWLane.AbstractStaticObject$length": [
        25.815625
    ],
    "object_EWWLane.AbstractStaticObject$width": [
        2.55
    ],
    "object_EWWLane.AbstractStaticObject$x": [
        28.365625
    ],
    "object_EWWLane.AbstractStaticObject$y": [
        1.275
    ],
    "object_Junction.AbstractStaticObject$length": [
        5.1
    ],
    "object_Junction.AbstractStaticObject$width": [
        5.1
    ],
    "object_Junction.AbstractStaticObject$x": [
        0.0
    ],
    "object_Junction.AbstractStaticObject$y": [
        0.0
    ],
    "object_NNNLane.AbstractStaticDirectionalObject$direction": [
        1.5707963267
    ],
    "object_NNNLane.AbstractStaticHeadingObject$heading": [
        1.5707963267
    ],
    "object_NNNLane.AbstractStaticObject$length": [
        10.787708333333333
    ],
    "object_NNNLane.AbstractStaticObject$width": [
        2.55
    ],
    "object_NNNLane.AbstractStaticObject$x": [
        1.275
    ],
    "object_NNNLane.AbstractStaticObject$y": [
        2.55
    ],
    "object_NRoad.AbstractStaticHeadingObject$heading": [
        1.5707963267
    ],
    "object_NRoad.AbstractStaticObject$length": [
        10.787708333333333
    ],
    "object_NRoad.AbstractStaticObject$width": [
        5.1
    ],
    "object_NRoad.AbstractStaticObject$x": [
        0.0
    ],
    "object_NRoad.AbstractStaticObject$y": [
        2.55
    ],
    "object_NSSLane.AbstractStaticDirectionalObject$direction": [
        4.7123889803
    ],
    "object_NSSLane.AbstractStaticHeadingObject$heading": [
        4.7123889803
    ],
    "object_NSSLane.AbstractStaticObject$length": [
        10.787708333333333
    ],
    "object_NSSLane.AbstractStaticObject$width": [
        2.55
    ],
    "object_NSSLane.AbstractStaticObject$x": [
        -1.275
    ],
    "object_NSSLane.AbstractStaticObject$y": [
        13.337708333333333
    ],
    "object_SNNLane.AbstractStaticDirectionalObject$direction": [
        1.5707963267
    ],
    "object_SNNLane.AbstractStaticHeadingObject$heading": [
        1.5707963267
    ],
    "object_SNNLane.AbstractStaticObject$length": [
        7.293125
    ],
    "object_SNNLane.AbstractStaticObject$width": [
        2.55
    ],
    "object_SNNLane.AbstractStaticObject$x": [
        1.275
    ],
    "object_SNNLane.AbstractStaticObject$y": [
        -9.843125
    ],
    "object_SRoad.AbstractStaticHeadingObject$heading": [
        4.7123889803
    ],
    "object_SRoad.AbstractStaticObject$length": [
        7.293125
    ],
    "object_SRoad.AbstractStaticObject$width": [
        5.1
    ],
    "object_SRoad.AbstractStaticObject$x": [
        0.0
    ],
    "object_SRoad.AbstractStaticObject$y": [
        -2.55
    ],
    "object_SSSLane.AbstractStaticDirectionalObject$direction": [
        4.7123889803
    ],
    "object_SSSLane.AbstractStaticHeadingObject$heading": [
        4.7123889803
    ],
    "object_SSSLane.AbstractStaticObject$length": [
        7.293125
    ],
    "object_SSSLane.AbstractStaticObject$width": [
        2.55
    ],
    "object_SSSLane.AbstractStaticObject$x": [
        -1.275
    ],
    "object_SSSLane.AbstractStaticObject$y": [
        -2.55
    ],
    "object_WEELane.AbstractStaticDirectionalObject$direction": [
        0.0
    ],
    "object_WEELane.AbstractStaticHeadingObject$heading": [
        0.0
    ],
    "object_WEELane.AbstractStaticObject$length": [
        134.78645833333334
    ],
    "object_WEELane.AbstractStaticObject$width": [
        2.55
    ],
    "object_WEELane.AbstractStaticObject$x": [
        -137.33645833333333
    ],
    "object_WEELane.AbstractStaticObject$y": [
        -1.275
    ],
    "object_WRoad.AbstractStaticHeadingObject$heading": [
        3.1415926535
    ],
    "object_WRoad.AbstractStaticObject$length": [
        134.78645833333334
    ],
    "object_WRoad.AbstractStaticObject$width": [
        5.1
    ],
    "object_WRoad.AbstractStaticObject$x": [
        -2.55
    ],
    "object_WRoad.AbstractStaticObject$y": [
        0.0
    ],
    "object_WWWLane.AbstractStaticDirectionalObject$direction": [
        3.1415926535
    ],
    "object_WWWLane.AbstractStaticHeadingObject$heading": [
        3.1415926535
    ],
    "object_WWWLane.AbstractStaticObject$length": [
        134.78645833333334
    ],
    "object_WWWLane.AbstractStaticObject$width": [
        2.55
    ],
    "object_WWWLane.AbstractStaticObject$x": [
        -2.55
    ],
    "object_WWWLane.AbstractStaticObject$y": [
        1.275
    ],
    "object_World.World$occlusion_distance": [
        0.0020833333333333333
    ],
    "object_World.World$occlusion_epsilon": [
        0.0
    ],
    "object_VehicleA.AbstractDynamicObject$a_max": [
        0.0,
        0.0,
        0.0,
        0.0,
        0.0,
        0.0,
        0.0,
        0.0,
        0.0,
        0.0,
        0.0,
        0.0,
        0.0,
        0.0
    ],
    "object_VehicleA.AbstractDynamicObject$a_min": [
        0.0,
        0.0,
        0.0,
        0.0,
        0.0,
        0.0,
        0.0,
        0.0,
        0.0,
        0.0,
        0.0,
        0.0,
        0.0,
        0.0
    ],
    "object_VehicleA.AbstractDynamicObject$bb_max_x_max": [
        0.8,
        107.384375,
        94.884375,
        82.384375,
        0.8,
        0.8,
        44.884375,
        0.8,
        0.8,
        0.8,
        0.8,
        0.8,
        0.8,
        0.0
    ],
    "object_VehicleA.AbstractDynamicObject$bb_max_x_min": [
        0.0,
        0.0,
        0.0,
        0.0,
        0.8,
        0.8,
        0.8,
        0.8,
        0.8,
        0.8,
        0.8,
        0.0,
        0.0,
        0.0
    ],
    "object_VehicleA.AbstractDynamicObject$bb_max_y_max": [
        1.1,
        1.45,
        1.4458333333333333,
        1.4458333333333333,
        1.4458333333333333,
        1.1,
        1.1,
        1.1,
        1.1,
        1.1,
        1.1,
        1.4458333333333333,
        1.4458333333333333,
        0.0
    ],
    "object_VehicleA.AbstractDynamicObject$bb_max_y_min": [
        0.0020833333333333333,
        0.0,
        -1.0979166666666667,
        0.0,
        1.1,
        -1.0979166666666667,
        1.1,
        1.1,
        1.1,
        1.1,
        1.1,
        0.0020833333333333333,
        0.0020833333333333333,
        0.0
    ],
    "object_VehicleA.AbstractDynamicObject$bb_min_x_max": [
        -0.0020833333333333333,
        -0.0020833333333333333,
        -0.0020833333333333333,
        -0.0020833333333333333,
        0.7979166666666667,
        0.7979166666666667,
        0.7979166666666667,
        0.7979166666666667,
        0.7979166666666667,
        0.7979166666666667,
        0.7979166666666667,
        -0.0020833333333333333,
        -0.0020833333333333333,
        0.0
    ],
    "object_VehicleA.AbstractDynamicObject$bb_min_x_min": [
        -2.4,
        -14.9,
        -27.4,
        -2.4,
        -52.4,
        -2.4,
        -2.4,
        -2.4,
        -2.4,
        -2.4,
        -2.4,
        -2.4,
        -12.513541666666667,
        0.0
    ],
    "object_VehicleA.AbstractDynamicObject$bb_min_y_max": [
        0.0,
        -0.0020833333333333333,
        -1.1,
        -0.0020833333333333333,
        1.0979166666666667,
        -1.1,
        1.0979166666666667,
        1.0979166666666667,
        1.0979166666666667,
        1.0979166666666667,
        1.0979166666666667,
        0.0,
        0.0,
        0.0
    ],
    "object_VehicleA.AbstractDynamicObject$bb_min_y_min": [
        -1.1,
        -1.1,
        -1.1,
        -1.1,
        -1.1,
        -1.1,
        -1.1,
        -1.1,
        -1.1,
        -1.1,
        -1.1,
        -1.1,
        -1.1,
        0.0
    ],
    "object_VehicleA.AbstractDynamicObject$length_max": [
        0.0,
        0.0,
        0.0,
        0.0,
        0.0,
        0.0,
        0.0,
        0.0,
        0.0,
        0.0,
        0.0,
        0.0,
        0.0,
        0.0
    ],
    "object_VehicleA.AbstractDynamicObject$length_min": [
        4.8,
        4.8,
        4.8,
        4.8,
        4.8,
        4.8,
        4.8,
        4.8,
        4.8,
        4.8,
        4.8,
        4.8,
        4.8,
        0.0
    ],
    "object_VehicleA.AbstractDynamicObject$v2_max": [
        12.5,
        12.5,
        12.5,
        12.5,
        12.5,
        12.5,
        12.5,
        12.5,
        12.5,
        12.5,
        12.5,
        12.5,
        12.5,
        0.0
    ],
    "object_VehicleA.AbstractDynamicObject$v2_min": [
        12.5,
        12.5,
        12.5,
        12.5,
        12.5,
        12.5,
        12.5,
        12.5,
        12.5,
        12.5,
        12.5,
        12.5,
        12.5,
        0.0
    ],
    "object_VehicleA.AbstractDynamicObject$v_max": [
        12.5,
        12.5,
        12.5,
        12.5,
        12.5,
        12.5,
        12.5,
        12.5,
        12.5,
        12.5,
        12.5,
        12.5,
        12.5,
        0.0
    ],
    "object_VehicleA.AbstractDynamicObject$v_min": [
        12.5,
        12.5,
        12.5,
        12.5,
        12.5,
        12.5,
        12.5,
        12.5,
        12.5,
        12.5,
        12.5,
        12.5,
        12.5,
        0.0
    ],
    "object_VehicleA.AbstractDynamicObject$width_max": [
        0.0,
        0.0,
        0.0,
        0.0,
        0.0,
        0.0,
        0.0,
        0.0,
        0.0,
        0.0,
        0.0,
        0.0,
        0.0,
        0.0
    ],
    "object_VehicleA.AbstractDynamicObject$width_min": [
        2.2,
        2.2,
        2.2,
        2.2,
        2.2,
        2.2,
        2.2,
        2.2,
        2.2,
        2.2,
        2.2,
        2.2,
        2.2,
        0.0
    ],
    "object_VehicleA.AbstractDynamicObject$x": [
        -134.934375,
        -122.434375,
        -109.934375,
        -97.434375,
        -84.934375,
        -72.434375,
        -59.934375,
        -47.434375,
        -34.934375,
        -22.434375,
        -9.934375,
        2.565625,
        15.065625,
        27.565625
    ],
    "object_VehicleA.AbstractDynamicObject$x2": [
        -128.684375,
        -116.184375,
        -103.684375,
        -91.184375,
        -78.684375,
        -66.184375,
        -53.684375,
        -41.184375,
        -28.684375,
        -16.184375,
        -3.684375,
        8.815625,
        21.315625,
        33.815625
    ],
    "object_VehicleA.AbstractDynamicObject$y": [
        -1.4479166666666667,
        -1.4479166666666667,
        -1.4479166666666667,
        -1.4479166666666667,
        -1.4479166666666667,
        -1.4479166666666667,
        -1.4479166666666667,
        -1.4479166666666667,
        -1.4479166666666667,
        -1.4479166666666667,
        -1.4479166666666667,
        -1.4479166666666667,
        -1.4479166666666667,
        -1.4479166666666667
    ],
    "object_VehicleA.AbstractDynamicObject$y2": [
        -1.4479166666666667,
        -1.4479166666666667,
        -1.4479166666666667,
        -1.4479166666666667,
        -1.4479166666666667,
        -1.4479166666666667,
        -1.4479166666666667,
        -1.4479166666666667,
        -1.4479166666666667,
        -1.4479166666666667,
        -1.4479166666666667,
        -1.4479166666666667,
        -1.4479166666666667,
        -1.4479166666666667
    ],
    "object_VehicleB.AbstractDynamicObject$a_max": [
        0.0,
        0.0,
        0.0,
        0.0,
        0.0,
        0.0,
        0.0,
        0.0,
        10.980208333333334,
        -10.980208333333334,
        0.0,
        13.884722222222223,
        -13.884722222222223,
        0.0
    ],
    "object_VehicleB.AbstractDynamicObject$a_min": [
        0.0,
        0.0,
        0.0,
        0.0,
        0.0,
        0.0,
        0.0,
        0.0,
        10.980208333333334,
        -10.980208333333334,
        0.0,
        13.884722222222223,
        -13.884722222222223,
        0.0
    ],
    "object_VehicleB.AbstractDynamicObject$bb_max_x_max": [
        2.4,
        24.992708333333333,
        24.988541666666666,
        24.992708333333333,
        2.4,
        2.4,
        2.4,
        2.4,
        2.4,
        2.4,
        2.4,
        2.4,
        12.037152777777777,
        0.0
    ],
    "object_VehicleB.AbstractDynamicObject$bb_max_x_min": [
        0.0,
        0.0020833333333333333,
        -0.7979166666666667,
        -0.7979166666666667,
        2.4,
        -0.7979166666666667,
        2.4,
        2.4,
        2.4,
        2.4,
        2.4,
        0.0020833333333333333,
        0.0,
        0.0
    ],
    "object_VehicleB.AbstractDynamicObject$bb_max_y_max": [
        1.1,
        1.1,
        1.1,
        1.1,
        1.1,
        1.1,
        1.1,
        1.1,
        1.1,
        1.1,
        1.1,
        1.1,
        1.1,
        0.0
    ],
    "object_VehicleB.AbstractDynamicObject$bb_max_y_min": [
        0.0020833333333333333,
        0.0,
        1.1,
        0.0020833333333333333,
        1.1,
        1.1,
        1.1,
        1.1,
        1.1,
        1.1,
        1.1,
        0.0020833333333333333,
        0.0,
        0.0
    ],
    "object_VehicleB.AbstractDynamicObject$bb_min_x_max": [
        -0.0020833333333333333,
        0.0,
        -0.8,
        -0.8,
        -0.8,
        -0.8,
        -0.8,
        -0.8,
        -0.8,
        -0.8,
        -0.8,
        0.0,
        -0.0020833333333333333,
        0.0
    ],
    "object_VehicleB.AbstractDynamicObject$bb_min_x_min": [
        -0.8291666666666667,
        -0.8270833333333333,
        -0.8208333333333333,
        -0.8166666666666667,
        -0.8,
        -0.8083333333333333,
        -0.8,
        -0.8,
        -0.8,
        -0.8,
        -0.8,
        -0.8,
        -115.80069444444445,
        0.0
    ],
    "object_VehicleB.AbstractDynamicObject$bb_min_y_max": [
        0.0,
        -0.0020833333333333333,
        1.0979166666666667,
        0.0,
        1.0979166666666667,
        -1.1,
        -1.1,
        -1.1,
        34.890625,
        -1.1,
        -1.1,
        0.0,
        -0.0020833333333333333,
        0.0
    ],
    "object_VehicleB.AbstractDynamicObject$bb_min_y_min": [
        -1.4458333333333333,
        -1.45,
        -1.4458333333333333,
        -1.4458333333333333,
        -1.4458333333333333,
        -1.1,
        -1.4479166666666667,
        -1.1,
        -1.4479166666666667,
        -1.1,
        -1.1,
        -1.4458333333333333,
        -1.4458333333333333,
        0.0
    ],
    "object_VehicleB.AbstractDynamicObject$length_max": [
        0.0,
        0.0,
        0.0,
        0.0,
        0.0,
        0.0,
        0.0,
        0.0,
        0.0,
        0.0,
        0.0,
        0.0,
        0.0,
        0.0
    ],
    "object_VehicleB.AbstractDynamicObject$length_min": [
        4.8,
        4.8,
        4.8,
        4.8,
        4.8,
        4.8,
        4.8,
        4.8,
        4.8,
        4.8,
        4.8,
        4.8,
        4.8,
        0.0
    ],
    "object_VehicleB.AbstractDynamicObject$v2_max": [
        0.1,
        0.10208333333333333,
        0.1,
        0.1,
        0.004166666666666667,
        0.1,
        0.004166666666666667,
        0.1,
        10.984375,
        0.004166666666666667,
        0.004166666666666667,
        13.88888888888889,
        0.004166666666666667,
        0.0
    ],
    "object_VehicleB.AbstractDynamicObject$v2_min": [
        0.004166666666666667,
        0.004166666666666667,
        0.004166666666666667,
        0.0,
        0.0,
        0.0,
        0.0,
        0.0,
        0.0,
        0.0,
        0.0,
        0.0,
        0.0,
        0.0
    ],
    "object_VehicleB.AbstractDynamicObject$v_max": [
        0.004166666666666667,
        0.004166666666666667,
        0.004166666666666667,
        0.004166666666666667,
        0.004166666666666667,
        0.004166666666666667,
        0.09791666666666667,
        0.004166666666666667,
        0.004166666666666667,
        13.88888888888889,
        0.004166666666666667,
        0.004166666666666667,
        13.88888888888889,
        0.0
    ],
    "object_VehicleB.AbstractDynamicObject$v_min": [
        0.004166666666666667,
        0.004166666666666667,
        0.004166666666666667,
        0.004166666666666667,
        0.004166666666666667,
        0.004166666666666667,
        0.004166666666666667,
        0.004166666666666667,
        0.004166666666666667,
        10.984375,
        0.004166666666666667,
        0.004166666666666667,
        13.88888888888889,
        0.0
    ],
    "object_VehicleB.AbstractDynamicObject$width_max": [
        0.0,
        0.0,
        0.0,
        0.0,
        0.0,
        0.0,
        0.0,
        0.0,
        0.0,
        0.0,
        0.0,
        0.0,
        0.0,
        0.0
    ],
    "object_VehicleB.AbstractDynamicObject$width_min": [
        2.2,
        2.2,
        2.2,
        2.2,
        2.2,
        2.2,
        2.2,
        2.2,
        2.2,
        2.2,
        2.2,
        2.2,
        2.2,
        0.0
    ],
    "object_VehicleB.AbstractDynamicObject$x": [
        3.3833333333333333,
        3.379166666666667,
        3.375,
        3.370833333333333,
        3.3666666666666667,
        3.3625,
        3.3583333333333334,
        3.3541666666666665,
        3.35,
        -2.144270833333333,
        -7.638541666666667,
        -7.642708333333333,
        -14.589236111111111,
        -21.535763888888887
    ],
    "object_VehicleB.AbstractDynamicObject$x2": [
        3.38125,
        3.377083333333333,
        3.372916666666667,
        3.36875,
        3.3645833333333335,
        3.3604166666666666,
        3.35625,
        3.3520833333333333,
        3.347916666666667,
        -7.636458333333334,
        -7.640625,
        -7.644791666666666,
        -21.533680555555556,
        -21.537847222222222
    ],
    "object_VehicleB.AbstractDynamicObject$y": [
        1.4479166666666667,
        1.4479166666666667,
        1.4479166666666667,
        1.4479166666666667,
        1.4479166666666667,
        1.4479166666666667,
        1.4479166666666667,
        1.4479166666666667,
        1.4479166666666667,
        1.4479166666666667,
        1.4479166666666667,
        1.4479166666666667,
        1.4479166666666667,
        1.4479166666666667
    ],
    "object_VehicleB.AbstractDynamicObject$y2": [
        1.4479166666666667,
        1.4479166666666667,
        1.4479166666666667,
        1.4479166666666667,
        1.4479166666666667,
        1.4479166666666667,
        1.4479166666666667,
        1.4479166666666667,
        1.4479166666666667,
        1.4479166666666667,
        1.4479166666666667,
        1.4479166666666667,
        1.4479166666666667,
        1.4479166666666667
    ],
    "object_VehicleC.AbstractDynamicObject$a_max": [
        0.0,
        0.0,
        1.9979166666666666,
        1.9979166666666666,
        0.0,
        1.9979166666666666,
        1.9979166666666666,
        0.09583333333333334,
        1.9979166666666666,
        1.9979166666666666,
        1.9979166666666666,
        1.9979166666666666,
        -6.93375,
        0.0
    ],
    "object_VehicleC.AbstractDynamicObject$a_min": [
        0.0,
        0.0,
        0.0,
        0.0,
        0.0,
        0.0,
        0.0,
        0.09583333333333334,
        1.9979166666666666,
        1.9979166666666666,
        1.9979166666666666,
        0.8441666666666666,
        -6.93375,
        0.0
    ],
    "object_VehicleC.AbstractDynamicObject$bb_max_x_max": [
        1.7958333333333334,
        1.7958333333333334,
        1.7958333333333334,
        1.7958333333333334,
        1.7958333333333334,
        1.7958333333333334,
        1.7958333333333334,
        1.7958333333333334,
        1.7958333333333334,
        1.7958333333333334,
        0.75,
        1.7958333333333334,
        1.7958333333333334,
        0.0
    ],
    "object_VehicleC.AbstractDynamicObject$bb_max_x_min": [
        0.0,
        0.0,
        0.75,
        0.75,
        -0.7479166666666667,
        -0.7479166666666667,
        -0.7479166666666667,
        -0.7479166666666667,
        -0.7479166666666667,
        0.0,
        -0.7479166666666667,
        0.0020833333333333333,
        0.0,
        0.0
    ],
    "object_VehicleC.AbstractDynamicObject$bb_max_y_max": [
        0.82,
        0.82,
        0.8283333333333334,
        0.8325,
        0.8366666666666667,
        0.82,
        0.845,
        0.8491666666666666,
        0.82,
        0.82,
        0.82,
        0.82,
        0.82,
        0.0
    ],
    "object_VehicleC.AbstractDynamicObject$bb_max_y_min": [
        0.0020833333333333333,
        0.0020833333333333333,
        0.0020833333333333333,
        0.0020833333333333333,
        -2.997916666666667,
        -2.997916666666667,
        -2.997916666666667,
        0.0,
        0.82,
        0.82,
        -2.997916666666667,
        0.0020833333333333333,
        0.0020833333333333333,
        0.0
    ],
    "object_VehicleC.AbstractDynamicObject$bb_min_x_max": [
        -0.0020833333333333333,
        -0.0020833333333333333,
        0.7479166666666667,
        0.7479166666666667,
        -0.75,
        -0.75,
        -0.75,
        -0.75,
        -0.75,
        -0.75,
        -0.75,
        0.0,
        -0.0020833333333333333,
        0.0
    ],
    "object_VehicleC.AbstractDynamicObject$bb_min_x_min": [
        -0.75,
        -0.75,
        -0.75,
        -0.75,
        -0.75,
        -0.75,
        -0.75,
        -0.75,
        -0.75,
        -0.7520833333333333,
        -0.75,
        -0.75,
        -0.75,
        0.0
    ],
    "object_VehicleC.AbstractDynamicObject$bb_min_y_max": [
        0.0,
        0.0,
        0.0,
        0.0,
        -3.0,
        -3.0,
        -3.0,
        -3.0,
        -3.0,
        -3.0,
        -3.0,
        0.0,
        0.0,
        0.0
    ],
    "object_VehicleC.AbstractDynamicObject$bb_min_y_min": [
        -9.961458333333333,
        -9.957291666666666,
        -9.953125,
        -9.948958333333334,
        -3.0,
        -3.0,
        -9.936458333333333,
        -9.884375,
        -3.0,
        -3.0,
        -3.0,
        -3.0,
        -3.0,
        0.0
    ],
    "object_VehicleC.AbstractDynamicObject$length_max": [
        0.0,
        0.0,
        0.0,
        0.0,
        0.0,
        0.0,
        0.0,
        0.0,
        0.0,
        0.0,
        0.0,
        0.0,
        0.0,
        0.0
    ],
    "object_VehicleC.AbstractDynamicObject$length_min": [
        1.65,
        1.65,
        1.65,
        1.65,
        1.65,
        1.65,
        1.65,
        1.65,
        1.65,
        1.65,
        1.65,
        1.65,
        1.65,
        0.0
    ],
    "object_VehicleC.AbstractDynamicObject$v2_max": [
        0.004166666666666667,
        0.10208333333333333,
        0.1,
        0.004166666666666667,
        0.004166666666666667,
        0.004166666666666667,
        0.1,
        0.1,
        2.097916666666667,
        4.095833333333333,
        6.09375,
        6.937916666666666,
        0.004166666666666667,
        0.0
    ],
    "object_VehicleC.AbstractDynamicObject$v2_min": [
        0.004166666666666667,
        0.004166666666666667,
        0.004166666666666667,
        0.004166666666666667,
        0.004166666666666667,
        0.004166666666666667,
        0.004166666666666667,
        0.1,
        2.097916666666667,
        4.095833333333333,
        0.0,
        0.0,
        0.0,
        0.0
    ],
    "object_VehicleC.AbstractDynamicObject$v_max": [
        0.004166666666666667,
        0.09791666666666667,
        0.004166666666666667,
        0.004166666666666667,
        0.004166666666666667,
        0.004166666666666667,
        0.09791666666666667,
        0.09791666666666667,
        6.937916666666666,
        6.937916666666666,
        4.095833333333333,
        6.09375,
        6.937916666666666,
        0.0
    ],
    "object_VehicleC.AbstractDynamicObject$v_min": [
        0.004166666666666667,
        0.004166666666666667,
        0.004166666666666667,
        0.004166666666666667,
        0.004166666666666667,
        0.004166666666666667,
        0.004166666666666667,
        0.004166666666666667,
        0.1,
        2.097916666666667,
        4.095833333333333,
        6.09375,
        6.937916666666666,
        0.0
    ],
    "object_VehicleC.AbstractDynamicObject$width_max": [
        0.0,
        0.0,
        0.0,
        0.0,
        0.0,
        0.0,
        0.0,
        0.0,
        0.0,
        0.0,
        0.0,
        0.0,
        0.0,
        0.0
    ],
    "object_VehicleC.AbstractDynamicObject$width_min": [
        1.5,
        1.5,
        1.5,
        1.5,
        1.5,
        1.5,
        1.5,
        1.5,
        1.5,
        1.5,
        1.5,
        1.5,
        1.5,
        0.0
    ],
    "object_VehicleC.AbstractDynamicObject$x": [
        -1.7979166666666666,
        -1.7979166666666666,
        -1.7979166666666666,
        -1.7979166666666666,
        -1.7979166666666666,
        -1.7979166666666666,
        -1.7979166666666666,
        -1.7979166666666666,
        -1.7979166666666666,
        -1.7979166666666666,
        -1.7979166666666666,
        -1.7979166666666666,
        -1.7979166666666666,
        -1.7979166666666666
    ],
    "object_VehicleC.AbstractDynamicObject$x2": [
        -1.7979166666666666,
        -1.7979166666666666,
        -1.7979166666666666,
        -1.7979166666666666,
        -1.7979166666666666,
        -1.7979166666666666,
        -1.7979166666666666,
        -1.7979166666666666,
        -1.7979166666666666,
        -1.7979166666666666,
        -1.7979166666666666,
        -1.7979166666666666,
        -1.7979166666666666,
        -1.7979166666666666
    ],
    "object_VehicleC.AbstractDynamicObject$y": [
        12.515625,
        12.511458333333334,
        12.507291666666667,
        12.503125,
        12.498958333333333,
        12.494791666666666,
        12.490625,
        12.486458333333333,
        12.434375,
        11.335416666666667,
        8.238541666666666,
        3.14375,
        -3.3720833333333333,
        -6.843125
    ],
    "object_VehicleC.AbstractDynamicObject$y2": [
        12.513541666666667,
        12.509375,
        12.505208333333334,
        12.501041666666667,
        12.496875,
        12.492708333333333,
        12.488541666666666,
        12.484375,
        12.384375,
        10.286458333333334,
        6.190625,
        0.096875,
        -6.8410416666666665,
        -6.845208333333333
    ]
}