{
    "time": [
        0,
        1.0,
        2.0,
        3.0,
        4.0,
        5.0,
        6.0,
        7.0,
        8.0,
        9.0,
        10.0,
        11.0,
        12.0,
        13.0,
        14.0
    ],
    "object_EEELane.AbstractStaticDirectionalObject$direction": [
        0.0
    ],
    "object_EEELane.AbstractStaticHeadingObject$heading": [
        0.0
    ],
    "object_EEELane.AbstractStaticObject$length": [
        63.3625
    ],
    "object_EEELane.AbstractStaticObject$width": [
        2.55
    ],
    "object_EEELane.AbstractStaticObject$x": [
        2.55
    ],
    "object_EEELane.AbstractStaticObject$y": [
        -1.275
    ],
    "object_ERoad.AbstractStaticHeadingObject$heading": [
        0.0
    ],
    "object_ERoad.AbstractStaticObject$length": [
        63.3625
    ],
    "object_ERoad.AbstractStaticObject$width": [
        5.1
    ],
    "object_ERoad.AbstractStaticObject$x": [
        2.55
    ],
    "object_ERoad.AbstractStaticObject$y": [
        0.0
    ],
    "object_EWWLane.AbstractStaticDirectionalObject$direction": [
        3.1415926535
    ],
    "object_EWWLane.AbstractStaticHeadingObject$heading": [
        3.1415926535
    ],
    "object_EWWLane.AbstractStaticObject$length": [
        63.3625
    ],
    "object_EWWLane.AbstractStaticObject$width": [
        2.55
    ],
    "object_EWWLane.AbstractStaticObject$x": [
        65.9125
    ],
    "object_EWWLane.AbstractStaticObject$y": [
        1.275
    ],
    "object_Junction.AbstractStaticObject$length": [
        5.1
    ],
    "object_Junction.AbstractStaticObject$width": [
        5.1
    ],
    "object_Junction.AbstractStaticObject$x": [
        0.0
    ],
    "object_Junction.AbstractStaticObject$y": [
        0.0
    ],
    "object_NNNLane.AbstractStaticDirectionalObject$direction": [
        1.5707963267
    ],
    "object_NNNLane.AbstractStaticHeadingObject$heading": [
        1.5707963267
    ],
    "object_NNNLane.AbstractStaticObject$length": [
        10.865833333333333
    ],
    "object_NNNLane.AbstractStaticObject$width": [
        2.55
    ],
    "object_NNNLane.AbstractStaticObject$x": [
        1.275
    ],
    "object_NNNLane.AbstractStaticObject$y": [
        2.55
    ],
    "object_NRoad.AbstractStaticHeadingObject$heading": [
        1.5707963267
    ],
    "object_NRoad.AbstractStaticObject$length": [
        10.865833333333333
    ],
    "object_NRoad.AbstractStaticObject$width": [
        5.1
    ],
    "object_NRoad.AbstractStaticObject$x": [
        0.0
    ],
    "object_NRoad.AbstractStaticObject$y": [
        2.55
    ],
    "object_NSSLane.AbstractStaticDirectionalObject$direction": [
        4.7123889803
    ],
    "object_NSSLane.AbstractStaticHeadingObject$heading": [
        4.7123889803
    ],
    "object_NSSLane.AbstractStaticObject$length": [
        10.865833333333333
    ],
    "object_NSSLane.AbstractStaticObject$width": [
        2.55
    ],
    "object_NSSLane.AbstractStaticObject$x": [
        -1.275
    ],
    "object_NSSLane.AbstractStaticObject$y": [
        13.415833333333333
    ],
    "object_SNNLane.AbstractStaticDirectionalObject$direction": [
        1.5707963267
    ],
    "object_SNNLane.AbstractStaticHeadingObject$heading": [
        1.5707963267
    ],
    "object_SNNLane.AbstractStaticObject$length": [
        13.5775
    ],
    "object_SNNLane.AbstractStaticObject$width": [
        2.55
    ],
    "object_SNNLane.AbstractStaticObject$x": [
        1.275
    ],
    "object_SNNLane.AbstractStaticObject$y": [
        -16.1275
    ],
    "object_SRoad.AbstractStaticHeadingObject$heading": [
        4.7123889803
    ],
    "object_SRoad.AbstractStaticObject$length": [
        13.5775
    ],
    "object_SRoad.AbstractStaticObject$width": [
        5.1
    ],
    "object_SRoad.AbstractStaticObject$x": [
        0.0
    ],
    "object_SRoad.AbstractStaticObject$y": [
        -2.55
    ],
    "object_SSSLane.AbstractStaticDirectionalObject$direction": [
        4.7123889803
    ],
    "object_SSSLane.AbstractStaticHeadingObject$heading": [
        4.7123889803
    ],
    "object_SSSLane.AbstractStaticObject$length": [
        13.5775
    ],
    "object_SSSLane.AbstractStaticObject$width": [
        2.55
    ],
    "object_SSSLane.AbstractStaticObject$x": [
        -1.275
    ],
    "object_SSSLane.AbstractStaticObject$y": [
        -2.55
    ],
    "object_WEELane.AbstractStaticDirectionalObject$direction": [
        0.0
    ],
    "object_WEELane.AbstractStaticHeadingObject$heading": [
        0.0
    ],
    "object_WEELane.AbstractStaticObject$length": [
        97.24583333333334
    ],
    "object_WEELane.AbstractStaticObject$width": [
        2.55
    ],
    "object_WEELane.AbstractStaticObject$x": [
        -99.79583333333333
    ],
    "object_WEELane.AbstractStaticObject$y": [
        -1.275
    ],
    "object_WRoad.AbstractStaticHeadingObject$heading": [
        3.1415926535
    ],
    "object_WRoad.AbstractStaticObject$length": [
        97.24583333333334
    ],
    "object_WRoad.AbstractStaticObject$width": [
        5.1
    ],
    "object_WRoad.AbstractStaticObject$x": [
        -2.55
    ],
    "object_WRoad.AbstractStaticObject$y": [
        0.0
    ],
    "object_WWWLane.AbstractStaticDirectionalObject$direction": [
        3.1415926535
    ],
    "object_WWWLane.AbstractStaticHeadingObject$heading": [
        3.1415926535
    ],
    "object_WWWLane.AbstractStaticObject$length": [
        97.24583333333334
    ],
    "object_WWWLane.AbstractStaticObject$width": [
        2.55
    ],
    "object_WWWLane.AbstractStaticObject$x": [
        -2.55
    ],
    "object_WWWLane.AbstractStaticObject$y": [
        1.275
    ],
    "object_World.World$occlusion_distance": [
        0.008333333333333333
    ],
    "object_World.World$occlusion_epsilon": [
        0.0
    ],
    "object_VehicleA.AbstractDynamicObject$a_max": [
        0.0,
        0.0,
        0.0,
        0.0,
        0.0,
        0.0,
        0.0,
        0.0,
        0.0,
        0.0,
        0.0,
        0.0,
        0.0,
        0.0
    ],
    "object_VehicleA.AbstractDynamicObject$a_min": [
        0.0,
        0.0,
        0.0,
        0.0,
        0.0,
        0.0,
        0.0,
        0.0,
        0.0,
        0.0,
        0.0,
        0.0,
        0.0,
        0.0
    ],
    "object_VehicleA.AbstractDynamicObject$bb_max_x_max": [
        0.8,
        69.8375,
        57.3375,
        44.8375,
        0.8,
        0.8,
        0.8,
        0.8,
        0.8,
        0.8,
        0.8,
        13.3,
        0.8,
        0.0
    ],
    "object_VehicleA.AbstractDynamicObject$bb_max_x_min": [
        0.0,
        0.0,
        0.0,
        0.0,
        0.8,
        0.8,
        0.8,
        0.8,
        0.8,
        0.8,
        0.8,
        0.0,
        0.0,
        0.0
    ],
    "object_VehicleA.AbstractDynamicObject$bb_max_y_max": [
        1.1,
        1.4333333333333333,
        1.4333333333333333,
        1.4333333333333333,
        1.4333333333333333,
        1.1,
        1.1,
        1.1,
        1.1,
        1.4333333333333333,
        1.4333333333333333,
        1.4333333333333333,
        1.4333333333333333,
        0.0
    ],
    "object_VehicleA.AbstractDynamicObject$bb_max_y_min": [
        0.008333333333333333,
        0.0,
        0.0,
        0.0,
        1.1,
        -1.0916666666666666,
        1.1,
        1.1,
        1.1,
        1.1,
        1.1,
        0.008333333333333333,
        0.008333333333333333,
        0.0
    ],
    "object_VehicleA.AbstractDynamicObject$bb_min_x_max": [
        -0.008333333333333333,
        -0.008333333333333333,
        -0.008333333333333333,
        -0.008333333333333333,
        0.7916666666666666,
        0.7916666666666666,
        0.7916666666666666,
        0.7916666666666666,
        0.7916666666666666,
        -2.4,
        0.7916666666666666,
        -0.008333333333333333,
        -0.008333333333333333,
        0.0
    ],
    "object_VehicleA.AbstractDynamicObject$bb_min_x_min": [
        -2.4,
        -14.9,
        -27.4,
        -2.4,
        -52.4,
        -2.4,
        -2.4,
        -2.4,
        -2.4,
        -12.554166666666667,
        -2.4,
        -2.4,
        -50.05416666666667,
        0.0
    ],
    "object_VehicleA.AbstractDynamicObject$bb_min_y_max": [
        0.0,
        -0.008333333333333333,
        -0.008333333333333333,
        -0.008333333333333333,
        1.0916666666666666,
        -1.1,
        1.0916666666666666,
        1.0916666666666666,
        1.0916666666666666,
        1.0916666666666666,
        1.0916666666666666,
        0.0,
        0.0,
        0.0
    ],
    "object_VehicleA.AbstractDynamicObject$bb_min_y_min": [
        -1.1,
        -1.1,
        -1.1,
        -1.1,
        -1.1,
        -1.1,
        -1.1,
        -1.1,
        -1.1,
        -1.1,
        -1.1,
        -1.1,
        -1.1,
        0.0
    ],
    "object_VehicleA.AbstractDynamicObject$length_max": [
        0.0,
        0.0,
        0.0,
        0.0,
        0.0,
        0.0,
        0.0,
        0.0,
        0.0,
        0.0,
        0.0,
        0.0,
        0.0,
        0.0
    ],
    "object_VehicleA.AbstractDynamicObject$length_min": [
        4.8,
        4.8,
        4.8,
        4.8,
        4.8,
        4.8,
        4.8,
        4.8,
        4.8,
        4.8,
        4.8,
        4.8,
        4.8,
        0.0
    ],
    "object_VehicleA.AbstractDynamicObject$v2_max": [
        12.5,
        12.5,
        12.5,
        12.5,
        12.5,
        12.5,
        12.5,
        12.5,
        12.5,
        12.5,
        12.5,
        12.5,
        12.5,
        0.0
    ],
    "object_VehicleA.AbstractDynamicObject$v2_min": [
        12.5,
        12.5,
        12.5,
        12.5,
        12.5,
        12.5,
        12.5,
        12.5,
        12.5,
        12.5,
        12.5,
        12.5,
        12.5,
        0.0
    ],
    "object_VehicleA.AbstractDynamicObject$v_max": [
        12.5,
        12.5,
        12.5,
        12.5,
        12.5,
        12.5,
        12.5,
        12.5,
        12.5,
        12.5,
        12.5,
        12.5,
        12.5,
        0.0
    ],
    "object_VehicleA.AbstractDynamicObject$v_min": [
        12.5,
        12.5,
        12.5,
        12.5,
        12.5,
        12.5,
        12.5,
        12.5,
        12.5,
        12.5,
        12.5,
        12.5,
        12.5,
        0.0
    ],
    "object_VehicleA.AbstractDynamicObject$width_max": [
        0.0,
        0.0,
        0.0,
        0.0,
        0.0,
        0.0,
        0.0,
        0.0,
        0.0,
        0.0,
        0.0,
        0.0,
        0.0,
        0.0
    ],
    "object_VehicleA.AbstractDynamicObject$width_min": [
        2.2,
        2.2,
        2.2,
        2.2,
        2.2,
        2.2,
        2.2,
        2.2,
        2.2,
        2.2,
        2.2,
        2.2,
        2.2,
        0.0
    ],
    "object_VehicleA.AbstractDynamicObject$x": [
        -97.3875,
        -84.8875,
        -72.3875,
        -59.8875,
        -47.3875,
        -34.8875,
        -22.3875,
        -9.8875,
        2.6125,
        15.1125,
        27.6125,
        40.1125,
        52.6125,
        65.1125
    ],
    "object_VehicleA.AbstractDynamicObject$x2": [
        -91.1375,
        -78.6375,
        -66.1375,
        -53.6375,
        -41.1375,
        -28.6375,
        -16.1375,
        -3.6375,
        8.8625,
        21.3625,
        33.8625,
        46.3625,
        58.8625,
        71.3625
    ],
    "object_VehicleA.AbstractDynamicObject$y": [
        -1.4416666666666667,
        -1.4416666666666667,
        -1.4416666666666667,
        -1.4416666666666667,
        -1.4416666666666667,
        -1.4416666666666667,
        -1.4416666666666667,
        -1.4416666666666667,
        -1.4416666666666667,
        -1.4416666666666667,
        -1.4416666666666667,
        -1.4416666666666667,
        -1.4416666666666667,
        -1.4416666666666667
    ],
    "object_VehicleA.AbstractDynamicObject$y2": [
        -1.4416666666666667,
        -1.4416666666666667,
        -1.4416666666666667,
        -1.4416666666666667,
        -1.4416666666666667,
        -1.4416666666666667,
        -1.4416666666666667,
        -1.4416666666666667,
        -1.4416666666666667,
        -1.4416666666666667,
        -1.4416666666666667,
        -1.4416666666666667,
        -1.4416666666666667,
        -1.4416666666666667
    ],
    "object_VehicleB.AbstractDynamicObject$a_max": [
        0.0,
        0.0,
        0.0,
        0.0,
        0.0,
        10.920833333333333,
        -10.920833333333333,
        0.0,
        0.0,
        0.0,
        13.872222222222222,
        0.0,
        -13.872222222222222,
        0.0
    ],
    "object_VehicleB.AbstractDynamicObject$a_min": [
        0.0,
        0.0,
        0.0,
        0.0,
        0.0,
        10.920833333333333,
        -10.920833333333333,
        0.0,
        0.0,
        0.0,
        13.872222222222222,
        0.0,
        -13.872222222222222,
        0.0
    ],
    "object_VehicleB.AbstractDynamicObject$bb_max_x_max": [
        2.4,
        62.4875,
        62.50416666666667,
        62.520833333333336,
        2.4,
        2.4,
        2.4,
        2.4,
        2.4,
        2.4,
        2.4,
        2.4,
        25.9375,
        0.0
    ],
    "object_VehicleB.AbstractDynamicObject$bb_max_x_min": [
        0.0,
        0.008333333333333333,
        0.008333333333333333,
        0.008333333333333333,
        2.4,
        -0.7916666666666666,
        2.4,
        2.4,
        2.4,
        2.4,
        2.4,
        0.008333333333333333,
        0.0,
        0.0
    ],
    "object_VehicleB.AbstractDynamicObject$bb_max_y_max": [
        1.1,
        1.1,
        1.1,
        1.1,
        1.1,
        1.1083333333333334,
        1.1,
        1.1,
        1.1,
        1.1,
        1.1,
        1.1,
        1.1,
        0.0
    ],
    "object_VehicleB.AbstractDynamicObject$bb_max_y_min": [
        0.008333333333333333,
        0.0,
        0.0,
        0.008333333333333333,
        1.1,
        1.1,
        1.1,
        1.1,
        1.1,
        1.1,
        1.1,
        0.008333333333333333,
        0.0,
        0.0
    ],
    "object_VehicleB.AbstractDynamicObject$bb_min_x_max": [
        -0.008333333333333333,
        0.0,
        0.0,
        0.0,
        -0.8,
        -0.8,
        -0.8,
        -0.8,
        -0.8,
        -0.8,
        -0.8,
        0.0,
        -0.008333333333333333,
        0.0
    ],
    "object_VehicleB.AbstractDynamicObject$bb_min_x_min": [
        -0.8666666666666667,
        -0.85,
        -0.8333333333333334,
        -0.8166666666666667,
        -0.8,
        -97.66875,
        -0.8,
        -0.8,
        -0.8,
        -92.14166666666667,
        -92.14166666666667,
        -71.3,
        -64.34722222222223,
        0.0
    ],
    "object_VehicleB.AbstractDynamicObject$bb_min_y_max": [
        0.0,
        -0.008333333333333333,
        -0.008333333333333333,
        0.0,
        1.0916666666666666,
        -1.1,
        -1.1,
        -1.1,
        -1.1,
        -1.1,
        -1.1,
        0.0,
        -0.008333333333333333,
        0.0
    ],
    "object_VehicleB.AbstractDynamicObject$bb_min_y_min": [
        -1.4333333333333333,
        -1.4333333333333333,
        -1.4333333333333333,
        -1.4333333333333333,
        -1.4333333333333333,
        -1.1,
        -1.4416666666666667,
        -1.1,
        -1.1,
        -1.1,
        -1.1,
        -1.4333333333333333,
        -1.4333333333333333,
        0.0
    ],
    "object_VehicleB.AbstractDynamicObject$length_max": [
        0.0,
        0.0,
        0.0,
        0.0,
        0.0,
        0.0,
        0.0,
        0.0,
        0.0,
        0.0,
        0.0,
        0.0,
        0.0,
        0.0
    ],
    "object_VehicleB.AbstractDynamicObject$length_min": [
        4.8,
        4.8,
        4.8,
        4.8,
        4.8,
        4.8,
        4.8,
        4.8,
        4.8,
        4.8,
        4.8,
        4.8,
        4.8,
        0.0
    ],
    "object_VehicleB.AbstractDynamicObject$v2_max": [
        0.1,
        0.1,
        0.1,
        0.1,
        0.016666666666666666,
        10.9375,
        0.016666666666666666,
        0.016666666666666666,
        0.016666666666666666,
        0.016666666666666666,
        13.88888888888889,
        13.88888888888889,
        0.016666666666666666,
        0.0
    ],
    "object_VehicleB.AbstractDynamicObject$v2_min": [
        0.016666666666666666,
        0.016666666666666666,
        0.016666666666666666,
        0.0,
        0.0,
        0.0,
        0.0,
        0.0,
        0.0,
        0.0,
        0.0,
        0.0,
        0.0,
        0.0
    ],
    "object_VehicleB.AbstractDynamicObject$v_max": [
        0.016666666666666666,
        0.016666666666666666,
        0.016666666666666666,
        0.016666666666666666,
        0.016666666666666666,
        0.016666666666666666,
        13.88888888888889,
        0.09166666666666666,
        0.016666666666666666,
        0.016666666666666666,
        0.016666666666666666,
        13.88888888888889,
        13.88888888888889,
        0.0
    ],
    "object_VehicleB.AbstractDynamicObject$v_min": [
        0.016666666666666666,
        0.016666666666666666,
        0.016666666666666666,
        0.016666666666666666,
        0.016666666666666666,
        0.016666666666666666,
        10.9375,
        0.016666666666666666,
        0.016666666666666666,
        0.016666666666666666,
        0.016666666666666666,
        13.88888888888889,
        13.88888888888889,
        0.0
    ],
    "object_VehicleB.AbstractDynamicObject$width_max": [
        0.0,
        0.0,
        0.0,
        0.0,
        0.0,
        0.0,
        0.0,
        0.0,
        0.0,
        0.0,
        0.0,
        0.0,
        0.0,
        0.0
    ],
    "object_VehicleB.AbstractDynamicObject$width_min": [
        2.2,
        2.2,
        2.2,
        2.2,
        2.2,
        2.2,
        2.2,
        2.2,
        2.2,
        2.2,
        2.2,
        2.2,
        2.2,
        0.0
    ],
    "object_VehicleB.AbstractDynamicObject$x": [
        3.433333333333333,
        3.4166666666666665,
        3.4,
        3.3833333333333333,
        3.3666666666666667,
        3.35,
        -2.127083333333333,
        -7.604166666666667,
        -7.620833333333334,
        -7.6375,
        -7.654166666666667,
        -14.606944444444444,
        -28.495833333333334,
        -35.44861111111111
    ],
    "object_VehicleB.AbstractDynamicObject$x2": [
        3.425,
        3.408333333333333,
        3.3916666666666666,
        3.375,
        3.3583333333333334,
        3.341666666666667,
        -7.595833333333333,
        -7.6125,
        -7.629166666666666,
        -7.645833333333333,
        -7.6625,
        -21.551388888888887,
        -35.44027777777778,
        -35.456944444444446
    ],
    "object_VehicleB.AbstractDynamicObject$y": [
        1.4416666666666667,
        1.4416666666666667,
        1.4416666666666667,
        1.4416666666666667,
        1.4416666666666667,
        1.4416666666666667,
        1.4416666666666667,
        1.4416666666666667,
        1.4416666666666667,
        1.4416666666666667,
        1.4416666666666667,
        1.4416666666666667,
        1.4416666666666667,
        1.4416666666666667
    ],
    "object_VehicleB.AbstractDynamicObject$y2": [
        1.4416666666666667,
        1.4416666666666667,
        1.4416666666666667,
        1.4416666666666667,
        1.4416666666666667,
        1.4416666666666667,
        1.4416666666666667,
        1.4416666666666667,
        1.4416666666666667,
        1.4416666666666667,
        1.4416666666666667,
        1.4416666666666667,
        1.4416666666666667,
        1.4416666666666667
    ],
    "object_VehicleC.AbstractDynamicObject$a_max": [
        0.0,
        0.0,
        1.9916666666666667,
        1.9916666666666667,
        0.008333333333333333,
        1.9916666666666667,
        1.9916666666666667,
        1.9916666666666667,
        0.8566666666666667,
        -6.831666666666667,
        1.9916666666666667,
        1.9916666666666667,
        -4.066666666666666,
        0.0
    ],
    "object_VehicleC.AbstractDynamicObject$a_min": [
        0.0,
        0.0,
        0.0,
        0.075,
        0.008333333333333333,
        1.9916666666666667,
        1.9916666666666667,
        1.9916666666666667,
        0.8566666666666667,
        -6.831666666666667,
        1.9916666666666667,
        1.9916666666666667,
        -4.066666666666666,
        0.0
    ],
    "object_VehicleC.AbstractDynamicObject$bb_max_x_max": [
        1.7833333333333334,
        1.7833333333333334,
        1.7833333333333334,
        1.7833333333333334,
        1.7833333333333334,
        1.7833333333333334,
        1.7833333333333334,
        1.7833333333333334,
        1.7833333333333334,
        1.7833333333333334,
        1.7833333333333334,
        1.7833333333333334,
        1.7833333333333334,
        0.0
    ],
    "object_VehicleC.AbstractDynamicObject$bb_max_x_min": [
        0.0,
        0.0,
        0.0,
        0.008333333333333333,
        -0.7416666666666667,
        -0.7416666666666667,
        -0.7416666666666667,
        -0.7416666666666667,
        -0.7416666666666667,
        0.0,
        -0.7416666666666667,
        0.008333333333333333,
        0.0,
        0.0
    ],
    "object_VehicleC.AbstractDynamicObject$bb_max_y_max": [
        0.82,
        0.8366666666666667,
        0.8533333333333334,
        0.87,
        0.82,
        0.82,
        0.82,
        0.82,
        0.82,
        0.82,
        4.335833333333333,
        0.82,
        8.519166666666667,
        0.0
    ],
    "object_VehicleC.AbstractDynamicObject$bb_max_y_min": [
        0.008333333333333333,
        0.008333333333333333,
        0.008333333333333333,
        0.008333333333333333,
        -2.9916666666666667,
        -2.9916666666666667,
        -2.9916666666666667,
        0.0,
        0.82,
        0.82,
        -2.9916666666666667,
        0.008333333333333333,
        0.008333333333333333,
        0.0
    ],
    "object_VehicleC.AbstractDynamicObject$bb_min_x_max": [
        -0.008333333333333333,
        -0.008333333333333333,
        -0.008333333333333333,
        0.0,
        -0.75,
        -0.75,
        -0.75,
        -0.75,
        -0.75,
        -0.75,
        -0.75,
        0.0,
        -0.008333333333333333,
        0.0
    ],
    "object_VehicleC.AbstractDynamicObject$bb_min_x_min": [
        -0.75,
        -0.75,
        -0.75,
        -0.75,
        -0.75,
        -0.75,
        -0.75,
        -0.75,
        -0.75,
        -0.75,
        -0.75,
        -0.75,
        -0.75,
        0.0
    ],
    "object_VehicleC.AbstractDynamicObject$bb_min_y_max": [
        0.0,
        0.0,
        0.0,
        0.0,
        -3.0,
        -3.0,
        -3.0,
        -3.0,
        -3.0,
        -3.0,
        -3.0,
        0.0,
        0.0,
        0.0
    ],
    "object_VehicleC.AbstractDynamicObject$bb_min_y_min": [
        -10.020833333333334,
        -10.004166666666666,
        -9.9875,
        -9.933333333333334,
        -9.8375,
        -14.945833333333333,
        -3.0,
        -3.0,
        -3.0,
        -3.0,
        -3.0,
        -3.0,
        -3.0,
        0.0
    ],
    "object_VehicleC.AbstractDynamicObject$length_max": [
        0.0,
        0.0,
        0.0,
        0.0,
        0.0,
        0.0,
        0.0,
        0.0,
        0.0,
        0.0,
        0.0,
        0.0,
        0.0,
        0.0
    ],
    "object_VehicleC.AbstractDynamicObject$length_min": [
        1.65,
        1.65,
        1.65,
        1.65,
        1.65,
        1.65,
        1.65,
        1.65,
        1.65,
        1.65,
        1.65,
        1.65,
        1.65,
        0.0
    ],
    "object_VehicleC.AbstractDynamicObject$v2_max": [
        0.016666666666666666,
        0.016666666666666666,
        0.1,
        0.09166666666666666,
        0.1,
        2.091666666666667,
        4.083333333333333,
        6.075,
        6.931666666666667,
        0.1,
        2.091666666666667,
        4.083333333333333,
        0.016666666666666666,
        0.0
    ],
    "object_VehicleC.AbstractDynamicObject$v2_min": [
        0.016666666666666666,
        0.016666666666666666,
        0.016666666666666666,
        0.09166666666666666,
        0.1,
        2.091666666666667,
        4.083333333333333,
        6.075,
        6.931666666666667,
        0.1,
        0.0,
        0.0,
        0.0,
        0.0
    ],
    "object_VehicleC.AbstractDynamicObject$v_max": [
        0.016666666666666666,
        0.09166666666666666,
        0.016666666666666666,
        0.016666666666666666,
        0.09166666666666666,
        0.1,
        2.091666666666667,
        4.083333333333333,
        6.075,
        6.931666666666667,
        0.1,
        2.091666666666667,
        4.083333333333333,
        0.0
    ],
    "object_VehicleC.AbstractDynamicObject$v_min": [
        0.016666666666666666,
        0.016666666666666666,
        0.016666666666666666,
        0.016666666666666666,
        0.09166666666666666,
        0.1,
        2.091666666666667,
        4.083333333333333,
        6.075,
        6.931666666666667,
        0.1,
        2.091666666666667,
        4.083333333333333,
        0.0
    ],
    "object_VehicleC.AbstractDynamicObject$width_max": [
        0.0,
        0.0,
        0.0,
        0.0,
        0.0,
        0.0,
        0.0,
        0.0,
        0.0,
        0.0,
        0.0,
        0.0,
        0.0,
        0.0
    ],
    "object_VehicleC.AbstractDynamicObject$width_min": [
        1.5,
        1.5,
        1.5,
        1.5,
        1.5,
        1.5,
        1.5,
        1.5,
        1.5,
        1.5,
        1.5,
        1.5,
        1.5,
        0.0
    ],
    "object_VehicleC.AbstractDynamicObject$x": [
        -1.7916666666666667,
        -1.7916666666666667,
        -1.7916666666666667,
        -1.7916666666666667,
        -1.7916666666666667,
        -1.7916666666666667,
        -1.7916666666666667,
        -1.7916666666666667,
        -1.7916666666666667,
        -1.7916666666666667,
        -1.7916666666666667,
        -1.7916666666666667,
        -1.7916666666666667,
        -1.7916666666666667
    ],
    "object_VehicleC.AbstractDynamicObject$x2": [
        -1.7916666666666667,
        -1.7916666666666667,
        -1.7916666666666667,
        -1.7916666666666667,
        -1.7916666666666667,
        -1.7916666666666667,
        -1.7916666666666667,
        -1.7916666666666667,
        -1.7916666666666667,
        -1.7916666666666667,
        -1.7916666666666667,
        -1.7916666666666667,
        -1.7916666666666667,
        -1.7916666666666667
    ],
    "object_VehicleC.AbstractDynamicObject$y": [
        12.5875,
        12.570833333333333,
        12.554166666666667,
        12.5375,
        12.483333333333333,
        12.3875,
        11.291666666666666,
        8.204166666666667,
        3.125,
        -3.3783333333333334,
        -6.894166666666667,
        -7.99,
        -11.0775,
        -13.1275
    ],
    "object_VehicleC.AbstractDynamicObject$y2": [
        12.579166666666667,
        12.5625,
        12.545833333333333,
        12.529166666666667,
        12.4375,
        12.3375,
        10.245833333333334,
        6.1625,
        0.0875,
        -6.844166666666666,
        -6.944166666666667,
        -9.035833333333333,
        -13.119166666666667,
        -13.135833333333334
    ]
}