{
    "time": [
        0,
        1.0,
        2.0,
        3.0,
        4.0,
        5.0,
        6.0,
        7.0,
        8.0,
        9.0,
        10.0,
        11.0,
        12.0,
        13.0,
        14.0
    ],
    "object_EEELane.AbstractStaticDirectionalObject$direction": [
        0.0
    ],
    "object_EEELane.AbstractStaticHeadingObject$heading": [
        0.0
    ],
    "object_EEELane.AbstractStaticObject$length": [
        54.891666666666666
    ],
    "object_EEELane.AbstractStaticObject$width": [
        2.55
    ],
    "object_EEELane.AbstractStaticObject$x": [
        2.55
    ],
    "object_EEELane.AbstractStaticObject$y": [
        -1.275
    ],
    "object_ERoad.AbstractStaticHeadingObject$heading": [
        0.0
    ],
    "object_ERoad.AbstractStaticObject$length": [
        54.891666666666666
    ],
    "object_ERoad.AbstractStaticObject$width": [
        5.1
    ],
    "object_ERoad.AbstractStaticObject$x": [
        2.55
    ],
    "object_ERoad.AbstractStaticObject$y": [
        0.0
    ],
    "object_EWWLane.AbstractStaticDirectionalObject$direction": [
        3.1415926535
    ],
    "object_EWWLane.AbstractStaticHeadingObject$heading": [
        3.1415926535
    ],
    "object_EWWLane.AbstractStaticObject$length": [
        54.891666666666666
    ],
    "object_EWWLane.AbstractStaticObject$width": [
        2.55
    ],
    "object_EWWLane.AbstractStaticObject$x": [
        57.44166666666667
    ],
    "object_EWWLane.AbstractStaticObject$y": [
        1.275
    ],
    "object_Junction.AbstractStaticObject$length": [
        5.1
    ],
    "object_Junction.AbstractStaticObject$width": [
        5.1
    ],
    "object_Junction.AbstractStaticObject$x": [
        0.0
    ],
    "object_Junction.AbstractStaticObject$y": [
        0.0
    ],
    "object_NNNLane.AbstractStaticDirectionalObject$direction": [
        1.5707963267
    ],
    "object_NNNLane.AbstractStaticHeadingObject$heading": [
        1.5707963267
    ],
    "object_NNNLane.AbstractStaticObject$length": [
        3.9658333333333333
    ],
    "object_NNNLane.AbstractStaticObject$width": [
        2.55
    ],
    "object_NNNLane.AbstractStaticObject$x": [
        1.275
    ],
    "object_NNNLane.AbstractStaticObject$y": [
        2.55
    ],
    "object_NRoad.AbstractStaticHeadingObject$heading": [
        1.5707963267
    ],
    "object_NRoad.AbstractStaticObject$length": [
        3.9658333333333333
    ],
    "object_NRoad.AbstractStaticObject$width": [
        5.1
    ],
    "object_NRoad.AbstractStaticObject$x": [
        0.0
    ],
    "object_NRoad.AbstractStaticObject$y": [
        2.55
    ],
    "object_NSSLane.AbstractStaticDirectionalObject$direction": [
        4.7123889803
    ],
    "object_NSSLane.AbstractStaticHeadingObject$heading": [
        4.7123889803
    ],
    "object_NSSLane.AbstractStaticObject$length": [
        3.9658333333333333
    ],
    "object_NSSLane.AbstractStaticObject$width": [
        2.55
    ],
    "object_NSSLane.AbstractStaticObject$x": [
        -1.275
    ],
    "object_NSSLane.AbstractStaticObject$y": [
        6.515833333333333
    ],
    "object_SNNLane.AbstractStaticDirectionalObject$direction": [
        1.5707963267
    ],
    "object_SNNLane.AbstractStaticHeadingObject$heading": [
        1.5707963267
    ],
    "object_SNNLane.AbstractStaticObject$length": [
        11.343333333333334
    ],
    "object_SNNLane.AbstractStaticObject$width": [
        2.55
    ],
    "object_SNNLane.AbstractStaticObject$x": [
        1.275
    ],
    "object_SNNLane.AbstractStaticObject$y": [
        -13.893333333333333
    ],
    "object_SRoad.AbstractStaticHeadingObject$heading": [
        4.7123889803
    ],
    "object_SRoad.AbstractStaticObject$length": [
        11.343333333333334
    ],
    "object_SRoad.AbstractStaticObject$width": [
        5.1
    ],
    "object_SRoad.AbstractStaticObject$x": [
        0.0
    ],
    "object_SRoad.AbstractStaticObject$y": [
        -2.55
    ],
    "object_SSSLane.AbstractStaticDirectionalObject$direction": [
        4.7123889803
    ],
    "object_SSSLane.AbstractStaticHeadingObject$heading": [
        4.7123889803
    ],
    "object_SSSLane.AbstractStaticObject$length": [
        11.343333333333334
    ],
    "object_SSSLane.AbstractStaticObject$width": [
        2.55
    ],
    "object_SSSLane.AbstractStaticObject$x": [
        -1.275
    ],
    "object_SSSLane.AbstractStaticObject$y": [
        -2.55
    ],
    "object_WEELane.AbstractStaticDirectionalObject$direction": [
        0.0
    ],
    "object_WEELane.AbstractStaticHeadingObject$heading": [
        0.0
    ],
    "object_WEELane.AbstractStaticObject$length": [
        105.7125
    ],
    "object_WEELane.AbstractStaticObject$width": [
        2.55
    ],
    "object_WEELane.AbstractStaticObject$x": [
        -108.2625
    ],
    "object_WEELane.AbstractStaticObject$y": [
        -1.275
    ],
    "object_WRoad.AbstractStaticHeadingObject$heading": [
        3.1415926535
    ],
    "object_WRoad.AbstractStaticObject$length": [
        105.7125
    ],
    "object_WRoad.AbstractStaticObject$width": [
        5.1
    ],
    "object_WRoad.AbstractStaticObject$x": [
        -2.55
    ],
    "object_WRoad.AbstractStaticObject$y": [
        0.0
    ],
    "object_WWWLane.AbstractStaticDirectionalObject$direction": [
        3.1415926535
    ],
    "object_WWWLane.AbstractStaticHeadingObject$heading": [
        3.1415926535
    ],
    "object_WWWLane.AbstractStaticObject$length": [
        105.7125
    ],
    "object_WWWLane.AbstractStaticObject$width": [
        2.55
    ],
    "object_WWWLane.AbstractStaticObject$x": [
        -2.55
    ],
    "object_WWWLane.AbstractStaticObject$y": [
        1.275
    ],
    "object_World.World$occlusion_distance": [
        0.004166666666666667
    ],
    "object_World.World$occlusion_epsilon": [
        0.0
    ],
    "object_VehicleA.AbstractDynamicObject$a_max": [
        0.0,
        0.0,
        0.0,
        0.0,
        0.0,
        0.0,
        0.0,
        0.0,
        0.0,
        0.0,
        0.0,
        0.0,
        0.0,
        0.0
    ],
    "object_VehicleA.AbstractDynamicObject$a_min": [
        0.0,
        0.0,
        0.0,
        0.0,
        0.0,
        0.0,
        0.0,
        0.0,
        0.0,
        0.0,
        0.0,
        0.0,
        0.0,
        0.0
    ],
    "object_VehicleA.AbstractDynamicObject$bb_max_x_max": [
        0.8,
        78.3125,
        65.80833333333334,
        53.30833333333333,
        0.8,
        0.8,
        0.8,
        0.8,
        0.8,
        0.8,
        0.8,
        0.8,
        0.8,
        0.0
    ],
    "object_VehicleA.AbstractDynamicObject$bb_max_x_min": [
        0.0,
        0.0,
        0.0,
        0.0,
        0.8,
        0.8,
        0.8,
        0.8,
        0.8,
        0.8,
        0.8,
        0.0,
        0.0,
        0.0
    ],
    "object_VehicleA.AbstractDynamicObject$bb_max_y_max": [
        1.1,
        1.45,
        1.4416666666666667,
        1.4416666666666667,
        1.4416666666666667,
        1.1,
        1.1,
        1.1,
        1.1,
        1.1,
        1.1,
        1.4416666666666667,
        1.4416666666666667,
        0.0
    ],
    "object_VehicleA.AbstractDynamicObject$bb_max_y_min": [
        0.004166666666666667,
        0.0,
        -1.0958333333333334,
        0.0,
        1.1,
        -1.0958333333333334,
        1.1,
        1.1,
        1.1,
        1.1,
        1.1,
        0.004166666666666667,
        0.004166666666666667,
        0.0
    ],
    "object_VehicleA.AbstractDynamicObject$bb_min_x_max": [
        -0.004166666666666667,
        -0.004166666666666667,
        -0.004166666666666667,
        -0.004166666666666667,
        0.7958333333333333,
        0.7958333333333333,
        0.7958333333333333,
        0.7958333333333333,
        0.7958333333333333,
        0.7958333333333333,
        0.7958333333333333,
        -0.004166666666666667,
        -0.004166666666666667,
        0.0
    ],
    "object_VehicleA.AbstractDynamicObject$bb_min_x_min": [
        -2.4,
        -27.408333333333335,
        -27.4,
        -2.4,
        -52.4,
        -2.4,
        -2.4,
        -2.4,
        -2.4,
        -2.4,
        -2.4,
        -2.4,
        -41.5875,
        0.0
    ],
    "object_VehicleA.AbstractDynamicObject$bb_min_y_max": [
        0.0,
        -0.004166666666666667,
        -1.1,
        -0.004166666666666667,
        1.0958333333333334,
        -1.1,
        1.0958333333333334,
        1.0958333333333334,
        1.0958333333333334,
        1.0958333333333334,
        1.0958333333333334,
        0.0,
        0.0,
        0.0
    ],
    "object_VehicleA.AbstractDynamicObject$bb_min_y_min": [
        -1.1,
        -1.1,
        -1.1,
        -1.1,
        -1.1,
        -1.1,
        -1.1,
        -1.1,
        -1.1083333333333334,
        -1.1,
        -1.1,
        -1.1,
        -1.1,
        0.0
    ],
    "object_VehicleA.AbstractDynamicObject$length_max": [
        0.0,
        0.0,
        0.0,
        0.0,
        0.0,
        0.0,
        0.0,
        0.0,
        0.0,
        0.0,
        0.0,
        0.0,
        0.0,
        0.0
    ],
    "object_VehicleA.AbstractDynamicObject$length_min": [
        4.8,
        4.8,
        4.8,
        4.8,
        4.8,
        4.8,
        4.8,
        4.8,
        4.8,
        4.8,
        4.8,
        4.8,
        4.8,
        0.0
    ],
    "object_VehicleA.AbstractDynamicObject$v2_max": [
        12.5,
        12.5,
        12.5,
        12.5,
        12.5,
        12.5,
        12.5,
        12.5,
        12.5,
        12.5,
        12.5,
        12.5,
        12.5,
        0.0
    ],
    "object_VehicleA.AbstractDynamicObject$v2_min": [
        12.5,
        12.5,
        12.5,
        12.5,
        12.5,
        12.5,
        12.5,
        12.5,
        12.5,
        12.5,
        12.5,
        12.5,
        12.5,
        0.0
    ],
    "object_VehicleA.AbstractDynamicObject$v_max": [
        12.5,
        12.5,
        12.5,
        12.5,
        12.5,
        12.5,
        12.5,
        12.5,
        12.5,
        12.5,
        12.5,
        12.5,
        12.5,
        0.0
    ],
    "object_VehicleA.AbstractDynamicObject$v_min": [
        12.5,
        12.5,
        12.5,
        12.5,
        12.5,
        12.5,
        12.5,
        12.5,
        12.5,
        12.5,
        12.5,
        12.5,
        12.5,
        0.0
    ],
    "object_VehicleA.AbstractDynamicObject$width_max": [
        0.0,
        0.0,
        0.0,
        0.0,
        0.0,
        0.0,
        0.0,
        0.0,
        0.0,
        0.0,
        0.0,
        0.0,
        0.0,
        0.0
    ],
    "object_VehicleA.AbstractDynamicObject$width_min": [
        2.2,
        2.2,
        2.2,
        2.2,
        2.2,
        2.2,
        2.2,
        2.2,
        2.2,
        2.2,
        2.2,
        2.2,
        2.2,
        0.0
    ],
    "object_VehicleA.AbstractDynamicObject$x": [
        -105.85833333333333,
        -93.35833333333333,
        -80.85833333333333,
        -68.35833333333333,
        -55.858333333333334,
        -43.358333333333334,
        -30.858333333333334,
        -18.358333333333334,
        -5.858333333333333,
        6.641666666666667,
        19.141666666666666,
        31.641666666666666,
        44.141666666666666,
        56.641666666666666
    ],
    "object_VehicleA.AbstractDynamicObject$x2": [
        -99.60833333333333,
        -87.10833333333333,
        -74.60833333333333,
        -62.108333333333334,
        -49.608333333333334,
        -37.108333333333334,
        -24.608333333333334,
        -12.108333333333333,
        0.39166666666666666,
        12.891666666666667,
        25.391666666666666,
        37.891666666666666,
        50.391666666666666,
        62.891666666666666
    ],
    "object_VehicleA.AbstractDynamicObject$y": [
        -1.4458333333333333,
        -1.4458333333333333,
        -1.4458333333333333,
        -1.4458333333333333,
        -1.4458333333333333,
        -1.4458333333333333,
        -1.4458333333333333,
        -1.4458333333333333,
        -1.4458333333333333,
        -1.4458333333333333,
        -1.4458333333333333,
        -1.4458333333333333,
        -1.4458333333333333,
        -1.4458333333333333
    ],
    "object_VehicleA.AbstractDynamicObject$y2": [
        -1.4458333333333333,
        -1.4458333333333333,
        -1.4458333333333333,
        -1.4458333333333333,
        -1.4458333333333333,
        -1.4458333333333333,
        -1.4458333333333333,
        -1.4458333333333333,
        -1.4458333333333333,
        -1.4458333333333333,
        -1.4458333333333333,
        -1.4458333333333333,
        -1.4458333333333333,
        -1.4458333333333333
    ],
    "object_VehicleB.AbstractDynamicObject$a_max": [
        0.0,
        0.0,
        0.0,
        0.0875,
        -0.0875,
        0.0,
        7.241666666666666,
        -7.241666666666666,
        0.0,
        0.0,
        0.09166666666666666,
        13.78888888888889,
        -13.880555555555556,
        0.0
    ],
    "object_VehicleB.AbstractDynamicObject$a_min": [
        0.0,
        0.0,
        0.0,
        0.0875,
        -0.0875,
        0.0,
        7.241666666666666,
        -7.241666666666666,
        0.0,
        0.0,
        0.09166666666666666,
        13.78888888888889,
        -13.880555555555556,
        0.0
    ],
    "object_VehicleB.AbstractDynamicObject$bb_max_x_max": [
        2.4,
        53.975,
        53.96666666666667,
        53.975,
        2.4,
        2.4,
        2.4,
        2.4,
        2.4,
        2.4,
        61.425,
        2.4,
        8.419444444444444,
        0.0
    ],
    "object_VehicleB.AbstractDynamicObject$bb_max_x_min": [
        0.0,
        0.004166666666666667,
        -0.7958333333333333,
        -0.7958333333333333,
        2.4,
        -0.7958333333333333,
        2.4,
        2.4,
        2.4,
        2.4,
        -0.8,
        0.004166666666666667,
        0.0,
        0.0
    ],
    "object_VehicleB.AbstractDynamicObject$bb_max_y_max": [
        1.1,
        1.4416666666666667,
        1.4416666666666667,
        1.4416666666666667,
        1.4416666666666667,
        1.4416666666666667,
        1.1,
        1.1,
        1.1,
        1.1,
        1.1,
        1.1,
        1.4416666666666667,
        0.0
    ],
    "object_VehicleB.AbstractDynamicObject$bb_max_y_min": [
        0.004166666666666667,
        0.0,
        1.1,
        0.004166666666666667,
        1.1,
        1.1,
        1.1,
        1.1,
        1.1,
        1.1,
        1.1,
        0.004166666666666667,
        0.0,
        0.0
    ],
    "object_VehicleB.AbstractDynamicObject$bb_min_x_max": [
        -0.004166666666666667,
        0.0,
        -0.8,
        -0.8,
        -0.8,
        -0.8,
        -0.8,
        -0.8,
        -0.8,
        -0.8,
        -0.8,
        0.0,
        -0.004166666666666667,
        0.0
    ],
    "object_VehicleB.AbstractDynamicObject$bb_min_x_min": [
        -0.9291666666666667,
        -0.925,
        -0.9125,
        -0.8604166666666667,
        -0.8,
        -0.8,
        -0.8,
        -0.8,
        -0.8,
        -104.34166666666667,
        -0.8,
        -0.8,
        -90.34027777777777,
        0.0
    ],
    "object_VehicleB.AbstractDynamicObject$bb_min_y_max": [
        0.0,
        -0.004166666666666667,
        1.0958333333333334,
        0.0,
        1.0958333333333334,
        -1.1,
        -1.1,
        1.1,
        -1.1,
        -1.1,
        -1.1,
        0.0,
        -0.004166666666666667,
        0.0
    ],
    "object_VehicleB.AbstractDynamicObject$bb_min_y_min": [
        -1.1,
        -1.1083333333333334,
        -1.1,
        -1.1,
        -1.1,
        -1.1,
        -1.1041666666666667,
        -1.1083333333333334,
        -1.1,
        -1.1,
        -1.1,
        -1.1,
        -1.1,
        0.0
    ],
    "object_VehicleB.AbstractDynamicObject$length_max": [
        0.0,
        0.0,
        0.0,
        0.0,
        0.0,
        0.0,
        0.0,
        0.0,
        0.0,
        0.0,
        0.0,
        0.0,
        0.0,
        0.0
    ],
    "object_VehicleB.AbstractDynamicObject$length_min": [
        4.8,
        4.8,
        4.8,
        4.8,
        4.8,
        4.8,
        4.8,
        4.8,
        4.8,
        4.8,
        4.8,
        4.8,
        4.8,
        0.0
    ],
    "object_VehicleB.AbstractDynamicObject$v2_max": [
        0.1,
        0.10416666666666667,
        0.1,
        0.1,
        0.008333333333333333,
        0.008333333333333333,
        7.25,
        0.008333333333333333,
        0.10416666666666667,
        0.1,
        0.1,
        13.88888888888889,
        0.008333333333333333,
        0.0
    ],
    "object_VehicleB.AbstractDynamicObject$v2_min": [
        0.008333333333333333,
        0.008333333333333333,
        0.008333333333333333,
        0.0,
        0.0,
        0.0,
        0.0,
        0.0,
        0.0,
        0.0,
        0.0,
        0.0,
        0.0,
        0.0
    ],
    "object_VehicleB.AbstractDynamicObject$v_max": [
        0.008333333333333333,
        0.008333333333333333,
        0.008333333333333333,
        0.008333333333333333,
        0.09583333333333334,
        0.09583333333333334,
        13.88888888888889,
        13.88888888888889,
        0.008333333333333333,
        0.09583333333333334,
        0.008333333333333333,
        0.1,
        13.88888888888889,
        0.0
    ],
    "object_VehicleB.AbstractDynamicObject$v_min": [
        0.008333333333333333,
        0.008333333333333333,
        0.008333333333333333,
        0.008333333333333333,
        0.09583333333333334,
        0.008333333333333333,
        0.008333333333333333,
        7.25,
        0.008333333333333333,
        0.008333333333333333,
        0.008333333333333333,
        0.1,
        13.88888888888889,
        0.0
    ],
    "object_VehicleB.AbstractDynamicObject$width_max": [
        0.0,
        0.0,
        0.0,
        0.0,
        0.0,
        0.0,
        0.0,
        0.0,
        0.0,
        0.0,
        0.0,
        0.0,
        0.0,
        0.0
    ],
    "object_VehicleB.AbstractDynamicObject$width_min": [
        2.2,
        2.2,
        2.2,
        2.2,
        2.2,
        2.2,
        2.2,
        2.2,
        2.2,
        2.2,
        2.2,
        2.2,
        2.2,
        0.0
    ],
    "object_VehicleB.AbstractDynamicObject$x": [
        3.4875,
        3.4791666666666665,
        3.470833333333333,
        3.4625,
        3.410416666666667,
        3.3583333333333334,
        3.35,
        -0.2791666666666667,
        -3.908333333333333,
        -3.9166666666666665,
        -3.925,
        -3.9791666666666665,
        -10.973611111111111,
        -17.92222222222222
    ],
    "object_VehicleB.AbstractDynamicObject$x2": [
        3.4833333333333334,
        3.475,
        3.466666666666667,
        3.4583333333333335,
        3.3625,
        3.3541666666666665,
        3.345833333333333,
        -3.904166666666667,
        -3.9125,
        -3.9208333333333334,
        -3.9291666666666667,
        -4.029166666666667,
        -17.918055555555554,
        -17.926388888888887
    ],
    "object_VehicleB.AbstractDynamicObject$y": [
        1.1041666666666667,
        1.1041666666666667,
        1.1041666666666667,
        1.1041666666666667,
        1.1041666666666667,
        1.1041666666666667,
        1.1041666666666667,
        1.1041666666666667,
        1.1041666666666667,
        1.1041666666666667,
        1.1041666666666667,
        1.1041666666666667,
        1.1041666666666667,
        1.1041666666666667
    ],
    "object_VehicleB.AbstractDynamicObject$y2": [
        1.1041666666666667,
        1.1041666666666667,
        1.1041666666666667,
        1.1041666666666667,
        1.1041666666666667,
        1.1041666666666667,
        1.1041666666666667,
        1.1041666666666667,
        1.1041666666666667,
        1.1041666666666667,
        1.1041666666666667,
        1.1041666666666667,
        1.1041666666666667,
        1.1041666666666667
    ],
    "object_VehicleC.AbstractDynamicObject$a_max": [
        0.0,
        0.0,
        1.9958333333333333,
        1.9958333333333333,
        -0.09166666666666666,
        1.9958333333333333,
        1.9958333333333333,
        0.65,
        0.29,
        1.9958333333333333,
        1.9958333333333333,
        1.9958333333333333,
        -6.9275,
        0.0
    ],
    "object_VehicleC.AbstractDynamicObject$a_min": [
        0.0,
        0.0,
        0.0,
        0.09166666666666666,
        -0.09166666666666666,
        0.0,
        0.0,
        0.65,
        0.29,
        1.9958333333333333,
        1.9958333333333333,
        1.9958333333333333,
        -6.9275,
        0.0
    ],
    "object_VehicleC.AbstractDynamicObject$bb_max_x_max": [
        0.75,
        0.7583333333333333,
        0.75,
        0.75,
        0.75,
        0.75,
        0.75,
        0.75,
        0.75,
        0.75,
        0.75,
        0.7541666666666667,
        0.75,
        0.0
    ],
    "object_VehicleC.AbstractDynamicObject$bb_max_x_min": [
        0.0,
        0.0,
        0.75,
        0.75,
        -0.7458333333333333,
        0.75,
        -0.7458333333333333,
        -0.7458333333333333,
        -0.7458333333333333,
        0.0,
        -0.7458333333333333,
        0.004166666666666667,
        0.0,
        0.0
    ],
    "object_VehicleC.AbstractDynamicObject$bb_max_y_max": [
        0.82,
        0.845,
        0.8366666666666667,
        0.845,
        0.8991666666666667,
        0.82,
        0.82,
        0.82,
        0.82,
        0.82,
        0.82,
        0.82,
        4.867083333333333,
        0.0
    ],
    "object_VehicleC.AbstractDynamicObject$bb_max_y_min": [
        0.004166666666666667,
        0.004166666666666667,
        0.004166666666666667,
        0.004166666666666667,
        -2.995833333333333,
        -2.995833333333333,
        -2.995833333333333,
        0.0,
        0.82,
        0.82,
        -2.995833333333333,
        0.004166666666666667,
        0.004166666666666667,
        0.0
    ],
    "object_VehicleC.AbstractDynamicObject$bb_min_x_max": [
        -0.004166666666666667,
        -0.004166666666666667,
        0.7458333333333333,
        0.7458333333333333,
        -0.75,
        0.7458333333333333,
        -0.75,
        -0.75,
        -0.75,
        -0.75,
        -0.75,
        0.0,
        -0.004166666666666667,
        0.0
    ],
    "object_VehicleC.AbstractDynamicObject$bb_min_x_min": [
        -0.75,
        -1.8,
        -0.75,
        -1.7916666666666667,
        -1.7958333333333334,
        -0.75,
        -0.75,
        -1.7916666666666667,
        -0.75,
        -1.7958333333333334,
        -0.75,
        -1.7916666666666667,
        -1.7916666666666667,
        0.0
    ],
    "object_VehicleC.AbstractDynamicObject$bb_min_y_max": [
        0.0,
        0.0,
        0.0,
        0.0,
        -3.0,
        -3.0,
        -3.0,
        -3.0,
        -3.0,
        -3.0,
        -3.0,
        0.0,
        0.0,
        0.0
    ],
    "object_VehicleC.AbstractDynamicObject$bb_min_y_min": [
        -3.1333333333333333,
        -3.129166666666667,
        -3.1166666666666667,
        -3.0625,
        -3.0,
        -3.0,
        -3.0,
        -3.0,
        -3.0,
        -3.0,
        -3.0,
        -3.0,
        -3.0,
        0.0
    ],
    "object_VehicleC.AbstractDynamicObject$length_max": [
        0.0,
        0.0,
        0.0,
        0.0,
        0.0,
        0.0,
        0.0,
        0.0,
        0.0,
        0.0,
        0.0,
        0.0,
        0.0,
        0.0
    ],
    "object_VehicleC.AbstractDynamicObject$length_min": [
        1.65,
        1.65,
        1.65,
        1.65,
        1.65,
        1.65,
        1.65,
        1.65,
        1.65,
        1.65,
        1.65,
        1.65,
        1.65,
        0.0
    ],
    "object_VehicleC.AbstractDynamicObject$v2_max": [
        0.008333333333333333,
        0.10416666666666667,
        0.1,
        0.1,
        0.008333333333333333,
        0.008333333333333333,
        0.008333333333333333,
        0.6583333333333333,
        0.9483333333333334,
        2.944166666666667,
        4.94,
        6.935833333333333,
        0.008333333333333333,
        0.0
    ],
    "object_VehicleC.AbstractDynamicObject$v2_min": [
        0.008333333333333333,
        0.008333333333333333,
        0.008333333333333333,
        0.1,
        0.008333333333333333,
        0.008333333333333333,
        0.008333333333333333,
        0.6583333333333333,
        0.9483333333333334,
        2.944166666666667,
        0.0,
        0.0,
        0.0,
        0.0
    ],
    "object_VehicleC.AbstractDynamicObject$v_max": [
        0.008333333333333333,
        0.09583333333333334,
        0.008333333333333333,
        0.008333333333333333,
        0.1,
        0.09583333333333334,
        6.935833333333333,
        0.008333333333333333,
        0.6583333333333333,
        0.9483333333333334,
        6.935833333333333,
        6.935833333333333,
        6.935833333333333,
        0.0
    ],
    "object_VehicleC.AbstractDynamicObject$v_min": [
        0.008333333333333333,
        0.008333333333333333,
        0.008333333333333333,
        0.008333333333333333,
        0.1,
        0.008333333333333333,
        0.008333333333333333,
        0.008333333333333333,
        0.6583333333333333,
        0.9483333333333334,
        2.944166666666667,
        4.94,
        6.935833333333333,
        0.0
    ],
    "object_VehicleC.AbstractDynamicObject$width_max": [
        0.0,
        0.0,
        0.0,
        0.0,
        0.0,
        0.0,
        0.0,
        0.0,
        0.0,
        0.0,
        0.0,
        0.0,
        0.0,
        0.0
    ],
    "object_VehicleC.AbstractDynamicObject$width_min": [
        1.5,
        1.5,
        1.5,
        1.5,
        1.5,
        1.5,
        1.5,
        1.5,
        1.5,
        1.5,
        1.5,
        1.5,
        1.5,
        0.0
    ],
    "object_VehicleC.AbstractDynamicObject$x": [
        -0.7541666666666667,
        -0.7541666666666667,
        -0.7541666666666667,
        -0.7541666666666667,
        -0.7541666666666667,
        -0.7541666666666667,
        -0.7541666666666667,
        -0.7541666666666667,
        -0.7541666666666667,
        -0.7541666666666667,
        -0.7541666666666667,
        -0.7541666666666667,
        -0.7541666666666667,
        -0.7541666666666667
    ],
    "object_VehicleC.AbstractDynamicObject$x2": [
        -0.7541666666666667,
        -0.7541666666666667,
        -0.7541666666666667,
        -0.7541666666666667,
        -0.7541666666666667,
        -0.7541666666666667,
        -0.7541666666666667,
        -0.7541666666666667,
        -0.7541666666666667,
        -0.7541666666666667,
        -0.7541666666666667,
        -0.7541666666666667,
        -0.7541666666666667,
        -0.7541666666666667
    ],
    "object_VehicleC.AbstractDynamicObject$y": [
        5.691666666666666,
        5.683333333333334,
        5.675,
        5.666666666666667,
        5.6125,
        5.558333333333334,
        5.55,
        5.541666666666667,
        5.208333333333333,
        4.405,
        2.45875,
        -1.4833333333333334,
        -7.42125,
        -10.893333333333333
    ],
    "object_VehicleC.AbstractDynamicObject$y2": [
        5.6875,
        5.679166666666666,
        5.670833333333333,
        5.6625,
        5.5625,
        5.554166666666666,
        5.545833333333333,
        5.5375,
        4.879166666666666,
        3.930833333333333,
        0.9866666666666667,
        -3.953333333333333,
        -10.889166666666666,
        -10.8975
    ]
}