{
    "time": [
        0,
        1.0,
        2.0,
        3.0,
        4.0,
        5.0,
        6.0,
        7.0,
        8.0,
        9.0,
        10.0,
        11.0,
        12.0,
        13.0,
        14.0
    ],
    "object_EEELane.AbstractStaticDirectionalObject$direction": [
        0.0
    ],
    "object_EEELane.AbstractStaticHeadingObject$heading": [
        0.0
    ],
    "object_EEELane.AbstractStaticObject$length": [
        42.391666666666666
    ],
    "object_EEELane.AbstractStaticObject$width": [
        2.55
    ],
    "object_EEELane.AbstractStaticObject$x": [
        2.55
    ],
    "object_EEELane.AbstractStaticObject$y": [
        -1.275
    ],
    "object_ERoad.AbstractStaticHeadingObject$heading": [
        0.0
    ],
    "object_ERoad.AbstractStaticObject$length": [
        42.391666666666666
    ],
    "object_ERoad.AbstractStaticObject$width": [
        5.1
    ],
    "object_ERoad.AbstractStaticObject$x": [
        2.55
    ],
    "object_ERoad.AbstractStaticObject$y": [
        0.0
    ],
    "object_EWWLane.AbstractStaticDirectionalObject$direction": [
        3.1415926535
    ],
    "object_EWWLane.AbstractStaticHeadingObject$heading": [
        3.1415926535
    ],
    "object_EWWLane.AbstractStaticObject$length": [
        42.391666666666666
    ],
    "object_EWWLane.AbstractStaticObject$width": [
        2.55
    ],
    "object_EWWLane.AbstractStaticObject$x": [
        44.94166666666667
    ],
    "object_EWWLane.AbstractStaticObject$y": [
        1.275
    ],
    "object_Junction.AbstractStaticObject$length": [
        5.1
    ],
    "object_Junction.AbstractStaticObject$width": [
        5.1
    ],
    "object_Junction.AbstractStaticObject$x": [
        0.0
    ],
    "object_Junction.AbstractStaticObject$y": [
        0.0
    ],
    "object_NNNLane.AbstractStaticDirectionalObject$direction": [
        1.5707963267
    ],
    "object_NNNLane.AbstractStaticHeadingObject$heading": [
        1.5707963267
    ],
    "object_NNNLane.AbstractStaticObject$length": [
        13.034583333333334
    ],
    "object_NNNLane.AbstractStaticObject$width": [
        2.55
    ],
    "object_NNNLane.AbstractStaticObject$x": [
        1.275
    ],
    "object_NNNLane.AbstractStaticObject$y": [
        2.55
    ],
    "object_NRoad.AbstractStaticHeadingObject$heading": [
        1.5707963267
    ],
    "object_NRoad.AbstractStaticObject$length": [
        13.034583333333334
    ],
    "object_NRoad.AbstractStaticObject$width": [
        5.1
    ],
    "object_NRoad.AbstractStaticObject$x": [
        0.0
    ],
    "object_NRoad.AbstractStaticObject$y": [
        2.55
    ],
    "object_NSSLane.AbstractStaticDirectionalObject$direction": [
        4.7123889803
    ],
    "object_NSSLane.AbstractStaticHeadingObject$heading": [
        4.7123889803
    ],
    "object_NSSLane.AbstractStaticObject$length": [
        13.034583333333334
    ],
    "object_NSSLane.AbstractStaticObject$width": [
        2.55
    ],
    "object_NSSLane.AbstractStaticObject$x": [
        -1.275
    ],
    "object_NSSLane.AbstractStaticObject$y": [
        15.584583333333333
    ],
    "object_SNNLane.AbstractStaticDirectionalObject$direction": [
        1.5707963267
    ],
    "object_SNNLane.AbstractStaticHeadingObject$heading": [
        1.5707963267
    ],
    "object_SNNLane.AbstractStaticObject$length": [
        19.097083333333334
    ],
    "object_SNNLane.AbstractStaticObject$width": [
        2.55
    ],
    "object_SNNLane.AbstractStaticObject$x": [
        1.275
    ],
    "object_SNNLane.AbstractStaticObject$y": [
        -21.647083333333335
    ],
    "object_SRoad.AbstractStaticHeadingObject$heading": [
        4.7123889803
    ],
    "object_SRoad.AbstractStaticObject$length": [
        19.097083333333334
    ],
    "object_SRoad.AbstractStaticObject$width": [
        5.1
    ],
    "object_SRoad.AbstractStaticObject$x": [
        0.0
    ],
    "object_SRoad.AbstractStaticObject$y": [
        -2.55
    ],
    "object_SSSLane.AbstractStaticDirectionalObject$direction": [
        4.7123889803
    ],
    "object_SSSLane.AbstractStaticHeadingObject$heading": [
        4.7123889803
    ],
    "object_SSSLane.AbstractStaticObject$length": [
        19.097083333333334
    ],
    "object_SSSLane.AbstractStaticObject$width": [
        2.55
    ],
    "object_SSSLane.AbstractStaticObject$x": [
        -1.275
    ],
    "object_SSSLane.AbstractStaticObject$y": [
        -2.55
    ],
    "object_WEELane.AbstractStaticDirectionalObject$direction": [
        0.0
    ],
    "object_WEELane.AbstractStaticHeadingObject$heading": [
        0.0
    ],
    "object_WEELane.AbstractStaticObject$length": [
        118.2125
    ],
    "object_WEELane.AbstractStaticObject$width": [
        2.55
    ],
    "object_WEELane.AbstractStaticObject$x": [
        -120.7625
    ],
    "object_WEELane.AbstractStaticObject$y": [
        -1.275
    ],
    "object_WRoad.AbstractStaticHeadingObject$heading": [
        3.1415926535
    ],
    "object_WRoad.AbstractStaticObject$length": [
        118.2125
    ],
    "object_WRoad.AbstractStaticObject$width": [
        5.1
    ],
    "object_WRoad.AbstractStaticObject$x": [
        -2.55
    ],
    "object_WRoad.AbstractStaticObject$y": [
        0.0
    ],
    "object_WWWLane.AbstractStaticDirectionalObject$direction": [
        3.1415926535
    ],
    "object_WWWLane.AbstractStaticHeadingObject$heading": [
        3.1415926535
    ],
    "object_WWWLane.AbstractStaticObject$length": [
        118.2125
    ],
    "object_WWWLane.AbstractStaticObject$width": [
        2.55
    ],
    "object_WWWLane.AbstractStaticObject$x": [
        -2.55
    ],
    "object_WWWLane.AbstractStaticObject$y": [
        1.275
    ],
    "object_World.World$occlusion_distance": [
        0.004166666666666667
    ],
    "object_World.World$occlusion_epsilon": [
        0.0
    ],
    "object_VehicleA.AbstractDynamicObject$a_max": [
        0.0,
        0.0,
        0.0,
        0.0,
        0.0,
        0.0,
        0.0,
        0.0,
        0.0,
        0.0,
        0.0,
        0.0,
        0.0,
        0.0
    ],
    "object_VehicleA.AbstractDynamicObject$a_min": [
        0.0,
        0.0,
        0.0,
        0.0,
        0.0,
        0.0,
        0.0,
        0.0,
        0.0,
        0.0,
        0.0,
        0.0,
        0.0,
        0.0
    ],
    "object_VehicleA.AbstractDynamicObject$bb_max_x_max": [
        0.8,
        90.8125,
        78.30833333333334,
        65.80833333333334,
        0.8,
        0.8,
        0.8,
        0.8,
        0.8,
        0.8,
        0.8,
        13.3,
        0.8,
        0.0
    ],
    "object_VehicleA.AbstractDynamicObject$bb_max_x_min": [
        0.0,
        0.0,
        0.0,
        0.0,
        0.8,
        0.8,
        0.8,
        0.8,
        0.8,
        0.8,
        0.8,
        0.0,
        0.0,
        0.0
    ],
    "object_VehicleA.AbstractDynamicObject$bb_max_y_max": [
        1.1,
        1.45,
        1.4416666666666667,
        1.4416666666666667,
        1.4416666666666667,
        1.1,
        1.1,
        1.45,
        1.1,
        1.1,
        1.1,
        1.4416666666666667,
        1.4416666666666667,
        0.0
    ],
    "object_VehicleA.AbstractDynamicObject$bb_max_y_min": [
        0.004166666666666667,
        0.0,
        -1.0958333333333334,
        0.0,
        1.1,
        -1.0958333333333334,
        1.1,
        1.1,
        1.1,
        1.1,
        1.1,
        0.004166666666666667,
        0.004166666666666667,
        0.0
    ],
    "object_VehicleA.AbstractDynamicObject$bb_min_x_max": [
        -0.004166666666666667,
        -0.004166666666666667,
        -0.004166666666666667,
        -0.004166666666666667,
        0.7958333333333333,
        0.7958333333333333,
        0.7958333333333333,
        0.7958333333333333,
        0.7958333333333333,
        0.7958333333333333,
        0.7958333333333333,
        -0.004166666666666667,
        -0.004166666666666667,
        0.0
    ],
    "object_VehicleA.AbstractDynamicObject$bb_min_x_min": [
        -2.4,
        -27.408333333333335,
        -27.4,
        -46.15416666666667,
        -52.4,
        -2.4,
        -2.4,
        -2.4,
        -2.4,
        -2.4,
        -2.4,
        -2.4,
        -29.0875,
        0.0
    ],
    "object_VehicleA.AbstractDynamicObject$bb_min_y_max": [
        0.0,
        -0.004166666666666667,
        -1.1,
        -0.004166666666666667,
        1.0958333333333334,
        -1.1,
        1.0958333333333334,
        -1.1,
        1.0958333333333334,
        1.0958333333333334,
        -1.1,
        0.0,
        0.0,
        0.0
    ],
    "object_VehicleA.AbstractDynamicObject$bb_min_y_min": [
        -1.1,
        -1.1083333333333334,
        -1.1,
        -1.1,
        -1.1,
        -1.1,
        -1.1041666666666667,
        -1.1,
        -1.1,
        -1.1,
        -1.1,
        -1.1,
        -1.1,
        0.0
    ],
    "object_VehicleA.AbstractDynamicObject$length_max": [
        0.0,
        0.0,
        0.0,
        0.0,
        0.0,
        0.0,
        0.0,
        0.0,
        0.0,
        0.0,
        0.0,
        0.0,
        0.0,
        0.0
    ],
    "object_VehicleA.AbstractDynamicObject$length_min": [
        4.8,
        4.8,
        4.8,
        4.8,
        4.8,
        4.8,
        4.8,
        4.8,
        4.8,
        4.8,
        4.8,
        4.8,
        4.8,
        0.0
    ],
    "object_VehicleA.AbstractDynamicObject$v2_max": [
        12.5,
        12.5,
        12.5,
        12.5,
        12.5,
        12.5,
        12.5,
        12.5,
        12.5,
        12.5,
        12.5,
        12.5,
        12.5,
        0.0
    ],
    "object_VehicleA.AbstractDynamicObject$v2_min": [
        12.5,
        12.5,
        12.5,
        12.5,
        12.5,
        12.5,
        12.5,
        12.5,
        12.5,
        12.5,
        12.5,
        12.5,
        12.5,
        0.0
    ],
    "object_VehicleA.AbstractDynamicObject$v_max": [
        12.5,
        12.5,
        12.5,
        12.5,
        12.5,
        12.5,
        12.5,
        12.5,
        12.5,
        12.5,
        12.5,
        12.5,
        12.5,
        0.0
    ],
    "object_VehicleA.AbstractDynamicObject$v_min": [
        12.5,
        12.5,
        12.5,
        12.5,
        12.5,
        12.5,
        12.5,
        12.5,
        12.5,
        12.5,
        12.5,
        12.5,
        12.5,
        0.0
    ],
    "object_VehicleA.AbstractDynamicObject$width_max": [
        0.0,
        0.0,
        0.0,
        0.0,
        0.0,
        0.0,
        0.0,
        0.0,
        0.0,
        0.0,
        0.0,
        0.0,
        0.0,
        0.0
    ],
    "object_VehicleA.AbstractDynamicObject$width_min": [
        2.2,
        2.2,
        2.2,
        2.2,
        2.2,
        2.2,
        2.2,
        2.2,
        2.2,
        2.2,
        2.2,
        2.2,
        2.2,
        0.0
    ],
    "object_VehicleA.AbstractDynamicObject$x": [
        -118.35833333333333,
        -105.85833333333333,
        -93.35833333333333,
        -80.85833333333333,
        -68.35833333333333,
        -55.858333333333334,
        -43.358333333333334,
        -30.858333333333334,
        -18.358333333333334,
        -5.858333333333333,
        6.641666666666667,
        19.141666666666666,
        31.641666666666666,
        44.141666666666666
    ],
    "object_VehicleA.AbstractDynamicObject$x2": [
        -112.10833333333333,
        -99.60833333333333,
        -87.10833333333333,
        -74.60833333333333,
        -62.108333333333334,
        -49.608333333333334,
        -37.108333333333334,
        -24.608333333333334,
        -12.108333333333333,
        0.39166666666666666,
        12.891666666666667,
        25.391666666666666,
        37.891666666666666,
        50.391666666666666
    ],
    "object_VehicleA.AbstractDynamicObject$y": [
        -1.4458333333333333,
        -1.4458333333333333,
        -1.4458333333333333,
        -1.4458333333333333,
        -1.4458333333333333,
        -1.4458333333333333,
        -1.4458333333333333,
        -1.4458333333333333,
        -1.4458333333333333,
        -1.4458333333333333,
        -1.4458333333333333,
        -1.4458333333333333,
        -1.4458333333333333,
        -1.4458333333333333
    ],
    "object_VehicleA.AbstractDynamicObject$y2": [
        -1.4458333333333333,
        -1.4458333333333333,
        -1.4458333333333333,
        -1.4458333333333333,
        -1.4458333333333333,
        -1.4458333333333333,
        -1.4458333333333333,
        -1.4458333333333333,
        -1.4458333333333333,
        -1.4458333333333333,
        -1.4458333333333333,
        -1.4458333333333333,
        -1.4458333333333333,
        -1.4458333333333333
    ],
    "object_VehicleB.AbstractDynamicObject$a_max": [
        0.0,
        0.0,
        0.0,
        0.0,
        0.0,
        0.0,
        0.29305555555555557,
        -0.29305555555555557,
        13.880555555555556,
        -13.880555555555556,
        0.0,
        0.0,
        0.0,
        0.0
    ],
    "object_VehicleB.AbstractDynamicObject$a_min": [
        0.0,
        0.0,
        0.0,
        0.0,
        0.0,
        0.0,
        0.29305555555555557,
        -0.29305555555555557,
        13.880555555555556,
        -13.880555555555556,
        0.0,
        0.0,
        0.0,
        0.0
    ],
    "object_VehicleB.AbstractDynamicObject$bb_max_x_max": [
        41.5375,
        41.5625,
        41.55416666666667,
        2.4,
        2.4,
        2.4,
        2.4,
        2.4,
        2.4,
        2.4,
        55.81111111111111,
        2.4,
        8.319444444444445,
        0.0
    ],
    "object_VehicleB.AbstractDynamicObject$bb_max_x_min": [
        0.0,
        0.004166666666666667,
        -0.7958333333333333,
        -0.7958333333333333,
        2.4,
        -0.7958333333333333,
        2.4,
        2.4,
        2.4,
        2.4,
        2.4,
        0.004166666666666667,
        0.0,
        0.0
    ],
    "object_VehicleB.AbstractDynamicObject$bb_max_y_max": [
        1.1,
        1.45,
        1.4416666666666667,
        1.4416666666666667,
        1.4416666666666667,
        1.4416666666666667,
        1.45,
        1.1,
        1.1,
        1.1,
        1.1,
        1.1,
        1.4416666666666667,
        0.0
    ],
    "object_VehicleB.AbstractDynamicObject$bb_max_y_min": [
        0.004166666666666667,
        0.0,
        1.1,
        0.004166666666666667,
        1.1,
        1.1,
        1.1,
        1.1,
        1.1,
        1.1,
        1.1,
        0.004166666666666667,
        0.0,
        0.0
    ],
    "object_VehicleB.AbstractDynamicObject$bb_min_x_max": [
        -0.004166666666666667,
        0.0,
        -0.8,
        -0.8,
        -0.8,
        -0.8,
        -0.8,
        -0.8,
        -0.8,
        -0.8,
        2.3958333333333335,
        0.0,
        -0.004166666666666667,
        0.0
    ],
    "object_VehicleB.AbstractDynamicObject$bb_min_x_min": [
        -0.8416666666666667,
        -0.8375,
        -0.825,
        -0.8,
        -0.8,
        -0.8,
        -45.55833333333333,
        -123.80694444444444,
        -0.8,
        -0.8,
        -0.8,
        -109.88888888888889,
        -109.88055555555556,
        0.0
    ],
    "object_VehicleB.AbstractDynamicObject$bb_min_y_max": [
        0.0,
        -0.004166666666666667,
        1.0958333333333334,
        0.0,
        1.0958333333333334,
        -1.1,
        -1.1,
        -1.1,
        -1.1,
        -1.1,
        -1.1,
        0.0,
        -0.004166666666666667,
        0.0
    ],
    "object_VehicleB.AbstractDynamicObject$bb_min_y_min": [
        -1.1,
        -1.1083333333333334,
        -1.1,
        -1.1,
        -1.1,
        -1.1,
        -1.1,
        -1.1,
        -1.1083333333333334,
        -1.1,
        -1.1083333333333334,
        -1.1,
        -1.1,
        0.0
    ],
    "object_VehicleB.AbstractDynamicObject$length_max": [
        0.0,
        0.0,
        0.0,
        0.0,
        0.0,
        0.0,
        0.0,
        0.0,
        0.0,
        0.0,
        0.0,
        0.0,
        0.0,
        0.0
    ],
    "object_VehicleB.AbstractDynamicObject$length_min": [
        4.8,
        4.8,
        4.8,
        4.8,
        4.8,
        4.8,
        4.8,
        4.8,
        4.8,
        4.8,
        4.8,
        4.8,
        4.8,
        0.0
    ],
    "object_VehicleB.AbstractDynamicObject$v2_max": [
        0.1,
        0.10416666666666667,
        0.1,
        0.008333333333333333,
        0.008333333333333333,
        0.008333333333333333,
        0.3013888888888889,
        0.008333333333333333,
        13.88888888888889,
        0.008333333333333333,
        0.008333333333333333,
        0.008333333333333333,
        0.008333333333333333,
        0.0
    ],
    "object_VehicleB.AbstractDynamicObject$v2_min": [
        0.008333333333333333,
        0.008333333333333333,
        0.008333333333333333,
        0.0,
        0.0,
        0.0,
        0.0,
        0.0,
        0.0,
        0.0,
        0.0,
        0.0,
        0.0,
        0.0
    ],
    "object_VehicleB.AbstractDynamicObject$v_max": [
        0.008333333333333333,
        0.008333333333333333,
        0.008333333333333333,
        0.008333333333333333,
        0.09583333333333334,
        0.09583333333333334,
        13.88888888888889,
        0.3013888888888889,
        0.008333333333333333,
        13.88888888888889,
        0.008333333333333333,
        0.008333333333333333,
        0.008333333333333333,
        0.0
    ],
    "object_VehicleB.AbstractDynamicObject$v_min": [
        0.008333333333333333,
        0.008333333333333333,
        0.008333333333333333,
        0.008333333333333333,
        0.008333333333333333,
        0.008333333333333333,
        0.008333333333333333,
        0.3013888888888889,
        0.008333333333333333,
        13.88888888888889,
        0.008333333333333333,
        0.008333333333333333,
        0.008333333333333333,
        0.0
    ],
    "object_VehicleB.AbstractDynamicObject$width_max": [
        0.0,
        0.0,
        0.0,
        0.0,
        0.0,
        0.0,
        0.0,
        0.0,
        0.0,
        0.0,
        0.0,
        0.0,
        0.0,
        0.0
    ],
    "object_VehicleB.AbstractDynamicObject$width_min": [
        2.2,
        2.2,
        2.2,
        2.2,
        2.2,
        2.2,
        2.2,
        2.2,
        2.2,
        2.2,
        2.2,
        2.2,
        2.2,
        0.0
    ],
    "object_VehicleB.AbstractDynamicObject$x": [
        3.4,
        3.3916666666666666,
        3.3833333333333333,
        3.375,
        3.3666666666666667,
        3.3583333333333334,
        3.35,
        3.1951388888888888,
        3.040277777777778,
        -3.908333333333333,
        -10.856944444444444,
        -10.865277777777777,
        -10.873611111111112,
        -10.881944444444445
    ],
    "object_VehicleB.AbstractDynamicObject$x2": [
        3.3958333333333335,
        3.3875,
        3.379166666666667,
        3.370833333333333,
        3.3625,
        3.3541666666666665,
        3.345833333333333,
        3.0444444444444443,
        3.036111111111111,
        -10.852777777777778,
        -10.86111111111111,
        -10.869444444444444,
        -10.877777777777778,
        -10.886111111111111
    ],
    "object_VehicleB.AbstractDynamicObject$y": [
        1.1041666666666667,
        1.1041666666666667,
        1.1041666666666667,
        1.1041666666666667,
        1.1041666666666667,
        1.1041666666666667,
        1.1041666666666667,
        1.1041666666666667,
        1.1041666666666667,
        1.1041666666666667,
        1.1041666666666667,
        1.1041666666666667,
        1.1041666666666667,
        1.1041666666666667
    ],
    "object_VehicleB.AbstractDynamicObject$y2": [
        1.1041666666666667,
        1.1041666666666667,
        1.1041666666666667,
        1.1041666666666667,
        1.1041666666666667,
        1.1041666666666667,
        1.1041666666666667,
        1.1041666666666667,
        1.1041666666666667,
        1.1041666666666667,
        1.1041666666666667,
        1.1041666666666667,
        1.1041666666666667,
        1.1041666666666667
    ],
    "object_VehicleC.AbstractDynamicObject$a_max": [
        0.0,
        0.0,
        1.9958333333333333,
        1.9958333333333333,
        1.9958333333333333,
        0.004166666666666667,
        1.9958333333333333,
        1.9958333333333333,
        1.9958333333333333,
        0.8483333333333334,
        0.0,
        0.0,
        1.9958333333333333,
        0.0
    ],
    "object_VehicleC.AbstractDynamicObject$a_min": [
        0.0,
        0.0,
        0.0,
        0.0875,
        0.0,
        0.004166666666666667,
        1.9958333333333333,
        1.9958333333333333,
        1.9958333333333333,
        0.8483333333333334,
        0.0,
        0.0,
        -6.9275,
        0.0
    ],
    "object_VehicleC.AbstractDynamicObject$bb_max_x_max": [
        0.75,
        0.7583333333333333,
        0.75,
        0.75,
        0.75,
        0.75,
        0.75,
        0.75,
        0.75,
        0.75,
        0.75,
        0.7541666666666667,
        0.75,
        0.0
    ],
    "object_VehicleC.AbstractDynamicObject$bb_max_x_min": [
        0.0,
        0.0,
        0.75,
        0.75,
        -0.7458333333333333,
        0.75,
        -0.7458333333333333,
        -0.7458333333333333,
        -0.7458333333333333,
        0.0,
        -0.7458333333333333,
        0.004166666666666667,
        0.0,
        0.0
    ],
    "object_VehicleC.AbstractDynamicObject$bb_max_y_max": [
        0.82,
        0.845,
        0.8366666666666667,
        0.845,
        0.8970833333333333,
        0.82,
        0.82,
        0.82,
        0.82,
        0.82,
        0.82,
        0.82,
        12.620833333333334,
        0.0
    ],
    "object_VehicleC.AbstractDynamicObject$bb_max_y_min": [
        0.004166666666666667,
        0.004166666666666667,
        0.004166666666666667,
        0.004166666666666667,
        -2.995833333333333,
        -2.995833333333333,
        -2.995833333333333,
        0.0,
        0.82,
        0.82,
        -2.995833333333333,
        0.004166666666666667,
        0.004166666666666667,
        0.0
    ],
    "object_VehicleC.AbstractDynamicObject$bb_min_x_max": [
        -0.004166666666666667,
        -0.004166666666666667,
        0.7458333333333333,
        0.7458333333333333,
        -0.75,
        -0.75,
        -0.75,
        -0.75,
        -0.75,
        -0.75,
        -0.75,
        0.0,
        -0.004166666666666667,
        0.0
    ],
    "object_VehicleC.AbstractDynamicObject$bb_min_x_min": [
        -0.75,
        -1.8,
        -0.75,
        -0.75,
        -1.7916666666666667,
        -0.75,
        -0.75,
        -0.75,
        -0.75,
        -0.75,
        -0.75,
        -1.7916666666666667,
        -1.7916666666666667,
        0.0
    ],
    "object_VehicleC.AbstractDynamicObject$bb_min_y_max": [
        0.0,
        0.0,
        0.0,
        0.0,
        -3.0,
        -3.0,
        -3.0,
        -3.0,
        -3.0,
        -3.0,
        -3.0,
        0.0,
        0.0,
        0.0
    ],
    "object_VehicleC.AbstractDynamicObject$bb_min_y_min": [
        -12.202083333333333,
        -12.197916666666666,
        -12.185416666666667,
        -12.133333333333333,
        -3.0,
        -3.0,
        -3.0,
        -3.0,
        -3.0,
        -3.0,
        -3.0,
        -3.0,
        -3.0,
        0.0
    ],
    "object_VehicleC.AbstractDynamicObject$length_max": [
        0.0,
        0.0,
        0.0,
        0.0,
        0.0,
        0.0,
        0.0,
        0.0,
        0.0,
        0.0,
        0.0,
        0.0,
        0.0,
        0.0
    ],
    "object_VehicleC.AbstractDynamicObject$length_min": [
        1.65,
        1.65,
        1.65,
        1.65,
        1.65,
        1.65,
        1.65,
        1.65,
        1.65,
        1.65,
        1.65,
        1.65,
        1.65,
        0.0
    ],
    "object_VehicleC.AbstractDynamicObject$v2_max": [
        0.008333333333333333,
        0.10416666666666667,
        0.1,
        0.1,
        0.09583333333333334,
        0.1,
        2.095833333333333,
        4.091666666666667,
        6.0875,
        6.935833333333333,
        6.935833333333333,
        6.935833333333333,
        0.008333333333333333,
        0.0
    ],
    "object_VehicleC.AbstractDynamicObject$v2_min": [
        0.008333333333333333,
        0.008333333333333333,
        0.008333333333333333,
        0.09583333333333334,
        0.09583333333333334,
        0.1,
        2.095833333333333,
        4.091666666666667,
        6.0875,
        6.935833333333333,
        0.0,
        0.0,
        0.0,
        0.0
    ],
    "object_VehicleC.AbstractDynamicObject$v_max": [
        0.008333333333333333,
        0.09583333333333334,
        0.008333333333333333,
        0.008333333333333333,
        0.09583333333333334,
        0.09583333333333334,
        6.935833333333333,
        6.935833333333333,
        4.091666666666667,
        6.935833333333333,
        6.935833333333333,
        6.935833333333333,
        6.935833333333333,
        0.0
    ],
    "object_VehicleC.AbstractDynamicObject$v_min": [
        0.008333333333333333,
        0.008333333333333333,
        0.008333333333333333,
        0.008333333333333333,
        0.09583333333333334,
        0.09583333333333334,
        0.1,
        2.095833333333333,
        4.091666666666667,
        6.0875,
        6.935833333333333,
        6.935833333333333,
        6.935833333333333,
        0.0
    ],
    "object_VehicleC.AbstractDynamicObject$width_max": [
        0.0,
        0.0,
        0.0,
        0.0,
        0.0,
        0.0,
        0.0,
        0.0,
        0.0,
        0.0,
        0.0,
        0.0,
        0.0,
        0.0
    ],
    "object_VehicleC.AbstractDynamicObject$width_min": [
        1.5,
        1.5,
        1.5,
        1.5,
        1.5,
        1.5,
        1.5,
        1.5,
        1.5,
        1.5,
        1.5,
        1.5,
        1.5,
        0.0
    ],
    "object_VehicleC.AbstractDynamicObject$x": [
        -0.7541666666666667,
        -0.7541666666666667,
        -0.7541666666666667,
        -0.7541666666666667,
        -0.7541666666666667,
        -0.7541666666666667,
        -0.7541666666666667,
        -0.7541666666666667,
        -0.7541666666666667,
        -0.7541666666666667,
        -0.7541666666666667,
        -0.7541666666666667,
        -0.7541666666666667,
        -0.7541666666666667
    ],
    "object_VehicleC.AbstractDynamicObject$x2": [
        -0.7541666666666667,
        -0.7541666666666667,
        -0.7541666666666667,
        -0.7541666666666667,
        -0.7541666666666667,
        -0.7541666666666667,
        -0.7541666666666667,
        -0.7541666666666667,
        -0.7541666666666667,
        -0.7541666666666667,
        -0.7541666666666667,
        -0.7541666666666667,
        -0.7541666666666667,
        -0.7541666666666667
    ],
    "object_VehicleC.AbstractDynamicObject$y": [
        14.760416666666666,
        14.752083333333333,
        14.74375,
        14.735416666666667,
        14.683333333333334,
        14.5875,
        14.489583333333334,
        13.391666666666667,
        10.297916666666667,
        5.208333333333333,
        -1.3033333333333332,
        -8.239166666666666,
        -15.175,
        -18.647083333333335
    ],
    "object_VehicleC.AbstractDynamicObject$y2": [
        14.75625,
        14.747916666666667,
        14.739583333333334,
        14.73125,
        14.635416666666666,
        14.539583333333333,
        14.439583333333333,
        12.34375,
        8.252083333333333,
        2.1645833333333333,
        -4.77125,
        -11.707083333333333,
        -18.642916666666668,
        -18.65125
    ]
}