{
    "time": [
        0,
        1.0,
        2.0,
        3.0,
        4.0,
        5.0,
        6.0,
        7.0,
        8.0,
        9.0,
        10.0,
        11.0,
        12.0,
        13.0,
        14.0
    ],
    "object_EEELane.AbstractStaticDirectionalObject$direction": [
        0.0
    ],
    "object_EEELane.AbstractStaticHeadingObject$heading": [
        0.0
    ],
    "object_EEELane.AbstractStaticObject$length": [
        41.35
    ],
    "object_EEELane.AbstractStaticObject$width": [
        2.55
    ],
    "object_EEELane.AbstractStaticObject$x": [
        2.55
    ],
    "object_EEELane.AbstractStaticObject$y": [
        -1.275
    ],
    "object_ERoad.AbstractStaticHeadingObject$heading": [
        0.0
    ],
    "object_ERoad.AbstractStaticObject$length": [
        41.35
    ],
    "object_ERoad.AbstractStaticObject$width": [
        5.1
    ],
    "object_ERoad.AbstractStaticObject$x": [
        2.55
    ],
    "object_ERoad.AbstractStaticObject$y": [
        0.0
    ],
    "object_EWWLane.AbstractStaticDirectionalObject$direction": [
        3.1415926535
    ],
    "object_EWWLane.AbstractStaticHeadingObject$heading": [
        3.1415926535
    ],
    "object_EWWLane.AbstractStaticObject$length": [
        41.35
    ],
    "object_EWWLane.AbstractStaticObject$width": [
        2.55
    ],
    "object_EWWLane.AbstractStaticObject$x": [
        43.9
    ],
    "object_EWWLane.AbstractStaticObject$y": [
        1.275
    ],
    "object_Junction.AbstractStaticObject$length": [
        5.1
    ],
    "object_Junction.AbstractStaticObject$width": [
        5.1
    ],
    "object_Junction.AbstractStaticObject$x": [
        0.0
    ],
    "object_Junction.AbstractStaticObject$y": [
        0.0
    ],
    "object_NNNLane.AbstractStaticDirectionalObject$direction": [
        1.5707963267
    ],
    "object_NNNLane.AbstractStaticHeadingObject$heading": [
        1.5707963267
    ],
    "object_NNNLane.AbstractStaticObject$length": [
        12.933541666666667
    ],
    "object_NNNLane.AbstractStaticObject$width": [
        2.55
    ],
    "object_NNNLane.AbstractStaticObject$x": [
        1.275
    ],
    "object_NNNLane.AbstractStaticObject$y": [
        2.55
    ],
    "object_NRoad.AbstractStaticHeadingObject$heading": [
        1.5707963267
    ],
    "object_NRoad.AbstractStaticObject$length": [
        12.933541666666667
    ],
    "object_NRoad.AbstractStaticObject$width": [
        5.1
    ],
    "object_NRoad.AbstractStaticObject$x": [
        0.0
    ],
    "object_NRoad.AbstractStaticObject$y": [
        2.55
    ],
    "object_NSSLane.AbstractStaticDirectionalObject$direction": [
        4.7123889803
    ],
    "object_NSSLane.AbstractStaticHeadingObject$heading": [
        4.7123889803
    ],
    "object_NSSLane.AbstractStaticObject$length": [
        12.933541666666667
    ],
    "object_NSSLane.AbstractStaticObject$width": [
        2.55
    ],
    "object_NSSLane.AbstractStaticObject$x": [
        -1.275
    ],
    "object_NSSLane.AbstractStaticObject$y": [
        15.483541666666667
    ],
    "object_SNNLane.AbstractStaticDirectionalObject$direction": [
        1.5707963267
    ],
    "object_SNNLane.AbstractStaticHeadingObject$heading": [
        1.5707963267
    ],
    "object_SNNLane.AbstractStaticObject$length": [
        5.241041666666667
    ],
    "object_SNNLane.AbstractStaticObject$width": [
        2.55
    ],
    "object_SNNLane.AbstractStaticObject$x": [
        1.275
    ],
    "object_SNNLane.AbstractStaticObject$y": [
        -7.791041666666667
    ],
    "object_SRoad.AbstractStaticHeadingObject$heading": [
        4.7123889803
    ],
    "object_SRoad.AbstractStaticObject$length": [
        5.241041666666667
    ],
    "object_SRoad.AbstractStaticObject$width": [
        5.1
    ],
    "object_SRoad.AbstractStaticObject$x": [
        0.0
    ],
    "object_SRoad.AbstractStaticObject$y": [
        -2.55
    ],
    "object_SSSLane.AbstractStaticDirectionalObject$direction": [
        4.7123889803
    ],
    "object_SSSLane.AbstractStaticHeadingObject$heading": [
        4.7123889803
    ],
    "object_SSSLane.AbstractStaticObject$length": [
        5.241041666666667
    ],
    "object_SSSLane.AbstractStaticObject$width": [
        2.55
    ],
    "object_SSSLane.AbstractStaticObject$x": [
        -1.275
    ],
    "object_SSSLane.AbstractStaticObject$y": [
        -2.55
    ],
    "object_WEELane.AbstractStaticDirectionalObject$direction": [
        0.0
    ],
    "object_WEELane.AbstractStaticHeadingObject$heading": [
        0.0
    ],
    "object_WEELane.AbstractStaticObject$length": [
        119.25208333333333
    ],
    "object_WEELane.AbstractStaticObject$width": [
        2.55
    ],
    "object_WEELane.AbstractStaticObject$x": [
        -121.80208333333333
    ],
    "object_WEELane.AbstractStaticObject$y": [
        -1.275
    ],
    "object_WRoad.AbstractStaticHeadingObject$heading": [
        3.1415926535
    ],
    "object_WRoad.AbstractStaticObject$length": [
        119.25208333333333
    ],
    "object_WRoad.AbstractStaticObject$width": [
        5.1
    ],
    "object_WRoad.AbstractStaticObject$x": [
        -2.55
    ],
    "object_WRoad.AbstractStaticObject$y": [
        0.0
    ],
    "object_WWWLane.AbstractStaticDirectionalObject$direction": [
        3.1415926535
    ],
    "object_WWWLane.AbstractStaticHeadingObject$heading": [
        3.1415926535
    ],
    "object_WWWLane.AbstractStaticObject$length": [
        119.25208333333333
    ],
    "object_WWWLane.AbstractStaticObject$width": [
        2.55
    ],
    "object_WWWLane.AbstractStaticObject$x": [
        -2.55
    ],
    "object_WWWLane.AbstractStaticObject$y": [
        1.275
    ],
    "object_World.World$occlusion_distance": [
        0.0020833333333333333
    ],
    "object_World.World$occlusion_epsilon": [
        0.0
    ],
    "object_VehicleA.AbstractDynamicObject$a_max": [
        0.0,
        0.0,
        0.0,
        0.0,
        0.0,
        0.0,
        0.0,
        0.0,
        0.0,
        0.0,
        0.0,
        0.0,
        0.0,
        0.0
    ],
    "object_VehicleA.AbstractDynamicObject$a_min": [
        0.0,
        0.0,
        0.0,
        0.0,
        0.0,
        0.0,
        0.0,
        0.0,
        0.0,
        0.0,
        0.0,
        0.0,
        0.0,
        0.0
    ],
    "object_VehicleA.AbstractDynamicObject$bb_max_x_max": [
        0.8,
        91.85,
        79.35,
        66.85,
        0.8,
        0.8,
        75.80208333333333,
        0.8,
        0.8,
        0.8,
        0.8,
        0.8,
        0.8,
        0.0
    ],
    "object_VehicleA.AbstractDynamicObject$bb_max_x_min": [
        0.0,
        0.0,
        0.0,
        0.0,
        0.8,
        0.8,
        0.8,
        0.8,
        0.8,
        0.8,
        0.8,
        0.0,
        0.0,
        0.0
    ],
    "object_VehicleA.AbstractDynamicObject$bb_max_y_max": [
        1.1,
        1.4458333333333333,
        1.4458333333333333,
        1.4458333333333333,
        1.4458333333333333,
        1.1,
        1.1,
        1.1,
        1.1,
        1.1,
        1.4458333333333333,
        1.4458333333333333,
        1.4458333333333333,
        0.0
    ],
    "object_VehicleA.AbstractDynamicObject$bb_max_y_min": [
        0.0020833333333333333,
        0.0,
        0.0,
        0.0,
        1.1,
        -1.0979166666666667,
        1.1,
        1.1,
        1.1,
        1.1,
        1.1,
        0.0020833333333333333,
        0.0020833333333333333,
        0.0
    ],
    "object_VehicleA.AbstractDynamicObject$bb_min_x_max": [
        -0.0020833333333333333,
        -0.0020833333333333333,
        -0.0020833333333333333,
        -0.0020833333333333333,
        0.7979166666666667,
        0.7979166666666667,
        0.7979166666666667,
        0.7979166666666667,
        0.7979166666666667,
        0.7979166666666667,
        0.7979166666666667,
        -0.0020833333333333333,
        -0.0020833333333333333,
        0.0
    ],
    "object_VehicleA.AbstractDynamicObject$bb_min_x_min": [
        -2.4,
        -14.9,
        -27.4,
        -2.4,
        -52.4,
        -2.4,
        -2.4,
        -2.4,
        -2.4,
        -2.4,
        -2.4,
        -2.4,
        -28.047916666666666,
        0.0
    ],
    "object_VehicleA.AbstractDynamicObject$bb_min_y_max": [
        0.0,
        -0.0020833333333333333,
        -0.0020833333333333333,
        -0.0020833333333333333,
        1.0979166666666667,
        -1.1,
        1.0979166666666667,
        1.0979166666666667,
        1.0979166666666667,
        1.0979166666666667,
        1.0979166666666667,
        0.0,
        0.0,
        0.0
    ],
    "object_VehicleA.AbstractDynamicObject$bb_min_y_min": [
        -1.1,
        -1.1,
        -1.1,
        -1.1,
        -1.1,
        -1.1,
        -1.1,
        -1.1,
        -1.1,
        -1.1,
        -1.1,
        -1.1,
        -1.1,
        0.0
    ],
    "object_VehicleA.AbstractDynamicObject$length_max": [
        0.0,
        0.0,
        0.0,
        0.0,
        0.0,
        0.0,
        0.0,
        0.0,
        0.0,
        0.0,
        0.0,
        0.0,
        0.0,
        0.0
    ],
    "object_VehicleA.AbstractDynamicObject$length_min": [
        4.8,
        4.8,
        4.8,
        4.8,
        4.8,
        4.8,
        4.8,
        4.8,
        4.8,
        4.8,
        4.8,
        4.8,
        4.8,
        0.0
    ],
    "object_VehicleA.AbstractDynamicObject$v2_max": [
        12.5,
        12.5,
        12.5,
        12.5,
        12.5,
        12.5,
        12.5,
        12.5,
        12.5,
        12.5,
        12.5,
        12.5,
        12.5,
        0.0
    ],
    "object_VehicleA.AbstractDynamicObject$v2_min": [
        12.5,
        12.5,
        12.5,
        12.5,
        12.5,
        12.5,
        12.5,
        12.5,
        12.5,
        12.5,
        12.5,
        12.5,
        12.5,
        0.0
    ],
    "object_VehicleA.AbstractDynamicObject$v_max": [
        12.5,
        12.5,
        12.5,
        12.5,
        12.5,
        12.5,
        12.5,
        12.5,
        12.5,
        12.5,
        12.5,
        12.5,
        12.5,
        0.0
    ],
    "object_VehicleA.AbstractDynamicObject$v_min": [
        12.5,
        12.5,
        12.5,
        12.5,
        12.5,
        12.5,
        12.5,
        12.5,
        12.5,
        12.5,
        12.5,
        12.5,
        12.5,
        0.0
    ],
    "object_VehicleA.AbstractDynamicObject$width_max": [
        0.0,
        0.0,
        0.0,
        0.0,
        0.0,
        0.0,
        0.0,
        0.0,
        0.0,
        0.0,
        0.0,
        0.0,
        0.0,
        0.0
    ],
    "object_VehicleA.AbstractDynamicObject$width_min": [
        2.2,
        2.2,
        2.2,
        2.2,
        2.2,
        2.2,
        2.2,
        2.2,
        2.2,
        2.2,
        2.2,
        2.2,
        2.2,
        0.0
    ],
    "object_VehicleA.AbstractDynamicObject$x": [
        -119.4,
        -106.9,
        -94.4,
        -81.9,
        -69.4,
        -56.9,
        -44.4,
        -31.9,
        -19.4,
        -6.9,
        5.6,
        18.1,
        30.6,
        43.1
    ],
    "object_VehicleA.AbstractDynamicObject$x2": [
        -113.15,
        -100.65,
        -88.15,
        -75.65,
        -63.15,
        -50.65,
        -38.15,
        -25.65,
        -13.15,
        -0.65,
        11.85,
        24.35,
        36.85,
        49.35
    ],
    "object_VehicleA.AbstractDynamicObject$y": [
        -1.4479166666666667,
        -1.4479166666666667,
        -1.4479166666666667,
        -1.4479166666666667,
        -1.4479166666666667,
        -1.4479166666666667,
        -1.4479166666666667,
        -1.4479166666666667,
        -1.4479166666666667,
        -1.4479166666666667,
        -1.4479166666666667,
        -1.4479166666666667,
        -1.4479166666666667,
        -1.4479166666666667
    ],
    "object_VehicleA.AbstractDynamicObject$y2": [
        -1.4479166666666667,
        -1.4479166666666667,
        -1.4479166666666667,
        -1.4479166666666667,
        -1.4479166666666667,
        -1.4479166666666667,
        -1.4479166666666667,
        -1.4479166666666667,
        -1.4479166666666667,
        -1.4479166666666667,
        -1.4479166666666667,
        -1.4479166666666667,
        -1.4479166666666667,
        -1.4479166666666667
    ],
    "object_VehicleB.AbstractDynamicObject$a_max": [
        0.0,
        0.0,
        0.0,
        0.0,
        0.0,
        0.0,
        8.2875,
        -8.2875,
        0.0,
        0.0,
        13.884722222222223,
        0.0,
        -13.884722222222223,
        0.0
    ],
    "object_VehicleB.AbstractDynamicObject$a_min": [
        0.0,
        0.0,
        0.0,
        0.0,
        0.0,
        0.0,
        8.2875,
        -8.2875,
        0.0,
        0.0,
        13.884722222222223,
        0.0,
        -13.884722222222223,
        0.0
    ],
    "object_VehicleB.AbstractDynamicObject$bb_max_x_max": [
        2.4,
        40.52708333333333,
        40.53125,
        40.53541666666667,
        2.4,
        2.4,
        2.4,
        2.4,
        2.4,
        2.4,
        2.4,
        2.4,
        23.2375,
        0.0
    ],
    "object_VehicleB.AbstractDynamicObject$bb_max_x_min": [
        0.0,
        0.0020833333333333333,
        0.0020833333333333333,
        0.0020833333333333333,
        2.4,
        -0.7979166666666667,
        2.4,
        2.4,
        2.4,
        2.4,
        2.4,
        0.0020833333333333333,
        0.0,
        0.0
    ],
    "object_VehicleB.AbstractDynamicObject$bb_max_y_max": [
        1.1,
        1.4458333333333333,
        1.4458333333333333,
        1.4458333333333333,
        1.4458333333333333,
        1.4458333333333333,
        1.1,
        1.1,
        1.1,
        1.1,
        1.1,
        1.4458333333333333,
        1.4458333333333333,
        0.0
    ],
    "object_VehicleB.AbstractDynamicObject$bb_max_y_min": [
        0.0020833333333333333,
        0.0,
        0.0,
        0.0020833333333333333,
        1.1,
        1.1,
        1.1,
        1.1,
        1.1,
        1.1,
        1.1,
        0.0020833333333333333,
        0.0,
        0.0
    ],
    "object_VehicleB.AbstractDynamicObject$bb_min_x_max": [
        -0.0020833333333333333,
        0.0,
        0.0,
        0.0,
        -0.8,
        -0.8,
        -0.8,
        -0.8,
        -0.8,
        -0.8,
        -0.8,
        0.0,
        -0.0020833333333333333,
        0.0
    ],
    "object_VehicleB.AbstractDynamicObject$bb_min_x_min": [
        -0.8208333333333333,
        -0.8166666666666667,
        -0.8125,
        -0.8083333333333333,
        -0.8,
        -0.8,
        -0.8,
        -0.8,
        -0.8,
        -0.8,
        -0.8,
        -0.8,
        -89.06597222222223,
        0.0
    ],
    "object_VehicleB.AbstractDynamicObject$bb_min_y_max": [
        0.0,
        -0.0020833333333333333,
        -0.0020833333333333333,
        0.0,
        1.0979166666666667,
        -1.1,
        -1.1,
        -1.1,
        -1.1,
        -1.1,
        -1.1,
        0.0,
        -0.0020833333333333333,
        0.0
    ],
    "object_VehicleB.AbstractDynamicObject$bb_min_y_min": [
        -1.1,
        -1.1,
        -1.1,
        -1.1,
        -1.1,
        -1.1,
        -1.1041666666666667,
        -1.1,
        -1.1,
        -1.1,
        -1.1,
        -1.1,
        -1.1,
        0.0
    ],
    "object_VehicleB.AbstractDynamicObject$length_max": [
        0.0,
        0.0,
        0.0,
        0.0,
        0.0,
        0.0,
        0.0,
        0.0,
        0.0,
        0.0,
        0.0,
        0.0,
        0.0,
        0.0
    ],
    "object_VehicleB.AbstractDynamicObject$length_min": [
        4.8,
        4.8,
        4.8,
        4.8,
        4.8,
        4.8,
        4.8,
        4.8,
        4.8,
        4.8,
        4.8,
        4.8,
        4.8,
        0.0
    ],
    "object_VehicleB.AbstractDynamicObject$v2_max": [
        0.1,
        0.1,
        0.1,
        0.1,
        0.1,
        0.1,
        8.291666666666666,
        0.004166666666666667,
        0.004166666666666667,
        0.1,
        13.88888888888889,
        13.88888888888889,
        0.004166666666666667,
        0.0
    ],
    "object_VehicleB.AbstractDynamicObject$v2_min": [
        0.004166666666666667,
        0.004166666666666667,
        0.004166666666666667,
        0.0,
        0.0,
        0.0,
        0.0,
        0.0,
        0.0,
        0.0,
        0.0,
        0.0,
        0.0,
        0.0
    ],
    "object_VehicleB.AbstractDynamicObject$v_max": [
        0.004166666666666667,
        0.004166666666666667,
        0.004166666666666667,
        0.004166666666666667,
        0.004166666666666667,
        0.004166666666666667,
        0.004166666666666667,
        13.88888888888889,
        13.88888888888889,
        0.004166666666666667,
        0.004166666666666667,
        13.88888888888889,
        13.88888888888889,
        0.0
    ],
    "object_VehicleB.AbstractDynamicObject$v_min": [
        0.004166666666666667,
        0.004166666666666667,
        0.004166666666666667,
        0.004166666666666667,
        0.004166666666666667,
        0.004166666666666667,
        0.004166666666666667,
        8.291666666666666,
        0.004166666666666667,
        0.004166666666666667,
        0.004166666666666667,
        13.88888888888889,
        13.88888888888889,
        0.0
    ],
    "object_VehicleB.AbstractDynamicObject$width_max": [
        0.0,
        0.0,
        0.0,
        0.0,
        0.0,
        0.0,
        0.0,
        0.0,
        0.0,
        0.0,
        0.0,
        0.0,
        0.0,
        0.0
    ],
    "object_VehicleB.AbstractDynamicObject$width_min": [
        2.2,
        2.2,
        2.2,
        2.2,
        2.2,
        2.2,
        2.2,
        2.2,
        2.2,
        2.2,
        2.2,
        2.2,
        2.2,
        0.0
    ],
    "object_VehicleB.AbstractDynamicObject$x": [
        3.375,
        3.370833333333333,
        3.3666666666666667,
        3.3625,
        3.3583333333333334,
        3.3541666666666665,
        3.35,
        -0.7979166666666667,
        -4.945833333333334,
        -4.95,
        -4.954166666666667,
        -11.900694444444444,
        -25.789583333333333,
        -32.736111111111114
    ],
    "object_VehicleB.AbstractDynamicObject$x2": [
        3.372916666666667,
        3.36875,
        3.3645833333333335,
        3.3604166666666666,
        3.35625,
        3.3520833333333333,
        3.347916666666667,
        -4.94375,
        -4.947916666666667,
        -4.952083333333333,
        -4.95625,
        -18.84513888888889,
        -32.734027777777776,
        -32.738194444444446
    ],
    "object_VehicleB.AbstractDynamicObject$y": [
        1.1020833333333333,
        1.1020833333333333,
        1.1020833333333333,
        1.1020833333333333,
        1.1020833333333333,
        1.1020833333333333,
        1.1020833333333333,
        1.1020833333333333,
        1.1020833333333333,
        1.1020833333333333,
        1.1020833333333333,
        1.1020833333333333,
        1.1020833333333333,
        1.1020833333333333
    ],
    "object_VehicleB.AbstractDynamicObject$y2": [
        1.1020833333333333,
        1.1020833333333333,
        1.1020833333333333,
        1.1020833333333333,
        1.1020833333333333,
        1.1020833333333333,
        1.1020833333333333,
        1.1020833333333333,
        1.1020833333333333,
        1.1020833333333333,
        1.1020833333333333,
        1.1020833333333333,
        1.1020833333333333,
        1.1020833333333333
    ],
    "object_VehicleC.AbstractDynamicObject$a_max": [
        0.0,
        0.0,
        1.9979166666666666,
        1.9979166666666666,
        -0.09375,
        0.09583333333333334,
        1.9979166666666666,
        1.9979166666666666,
        1.9979166666666666,
        1.9979166666666666,
        -6.93375,
        1.9979166666666666,
        1.9979166666666666,
        0.0
    ],
    "object_VehicleC.AbstractDynamicObject$a_min": [
        0.0,
        0.0,
        0.0,
        0.09375,
        -0.09375,
        0.09583333333333334,
        1.9979166666666666,
        1.9979166666666666,
        1.9979166666666666,
        0.8441666666666666,
        -6.93375,
        0.0,
        0.0,
        0.0
    ],
    "object_VehicleC.AbstractDynamicObject$bb_max_x_max": [
        1.7958333333333334,
        1.7958333333333334,
        1.7958333333333334,
        1.7958333333333334,
        1.7958333333333334,
        1.7958333333333334,
        1.7958333333333334,
        1.7958333333333334,
        1.7958333333333334,
        1.7958333333333334,
        1.7958333333333334,
        1.7958333333333334,
        1.7958333333333334,
        0.0
    ],
    "object_VehicleC.AbstractDynamicObject$bb_max_x_min": [
        0.0,
        0.0,
        0.0,
        0.0020833333333333333,
        -0.7479166666666667,
        -0.7479166666666667,
        -0.7479166666666667,
        -0.7479166666666667,
        -0.7479166666666667,
        0.0,
        -0.7479166666666667,
        0.0020833333333333333,
        0.0,
        0.0
    ],
    "object_VehicleC.AbstractDynamicObject$bb_max_y_max": [
        0.82,
        0.8241666666666667,
        0.8283333333333334,
        0.8325,
        0.82,
        0.82,
        0.82,
        0.82,
        0.82,
        0.82,
        0.82,
        0.82,
        2.2347916666666667,
        0.0
    ],
    "object_VehicleC.AbstractDynamicObject$bb_max_y_min": [
        0.0020833333333333333,
        0.0020833333333333333,
        0.0020833333333333333,
        0.0020833333333333333,
        -2.997916666666667,
        -2.997916666666667,
        -2.997916666666667,
        0.0,
        0.82,
        0.82,
        -2.997916666666667,
        0.0020833333333333333,
        0.0020833333333333333,
        0.0
    ],
    "object_VehicleC.AbstractDynamicObject$bb_min_x_max": [
        -0.0020833333333333333,
        -0.0020833333333333333,
        -0.0020833333333333333,
        0.0,
        -0.75,
        -0.75,
        -0.75,
        -0.75,
        -0.75,
        -0.75,
        -0.75,
        0.0,
        -0.0020833333333333333,
        0.0
    ],
    "object_VehicleC.AbstractDynamicObject$bb_min_x_min": [
        -0.75,
        -0.75,
        -0.75,
        -0.75,
        -0.75,
        -0.75,
        -0.75,
        -0.7520833333333333,
        -0.75,
        -0.75,
        -0.75,
        -0.75,
        -0.75,
        0.0
    ],
    "object_VehicleC.AbstractDynamicObject$bb_min_y_max": [
        0.0,
        0.0,
        0.0,
        0.0,
        -3.0,
        -3.0,
        -3.0,
        -3.0,
        -3.0,
        -3.0,
        -3.0,
        0.0,
        0.0,
        0.0
    ],
    "object_VehicleC.AbstractDynamicObject$bb_min_y_min": [
        -12.107291666666667,
        -12.103125,
        -12.098958333333334,
        -12.047916666666667,
        -3.0,
        -11.944791666666667,
        -3.0,
        -18.092083333333335,
        -3.0,
        -3.0,
        -6.477291666666667,
        -3.0,
        -3.0,
        0.0
    ],
    "object_VehicleC.AbstractDynamicObject$length_max": [
        0.0,
        0.0,
        0.0,
        0.0,
        0.0,
        0.0,
        0.0,
        0.0,
        0.0,
        0.0,
        0.0,
        0.0,
        0.0,
        0.0
    ],
    "object_VehicleC.AbstractDynamicObject$length_min": [
        1.65,
        1.65,
        1.65,
        1.65,
        1.65,
        1.65,
        1.65,
        1.65,
        1.65,
        1.65,
        1.65,
        1.65,
        1.65,
        0.0
    ],
    "object_VehicleC.AbstractDynamicObject$v2_max": [
        0.004166666666666667,
        0.004166666666666667,
        0.1,
        0.09791666666666667,
        0.1,
        0.1,
        2.097916666666667,
        4.095833333333333,
        6.09375,
        6.937916666666666,
        0.004166666666666667,
        0.004166666666666667,
        0.004166666666666667,
        0.0
    ],
    "object_VehicleC.AbstractDynamicObject$v2_min": [
        0.004166666666666667,
        0.004166666666666667,
        0.004166666666666667,
        0.09791666666666667,
        0.004166666666666667,
        0.1,
        2.097916666666667,
        4.095833333333333,
        6.09375,
        6.937916666666666,
        0.0,
        0.0,
        0.0,
        0.0
    ],
    "object_VehicleC.AbstractDynamicObject$v_max": [
        0.004166666666666667,
        0.09791666666666667,
        0.004166666666666667,
        0.004166666666666667,
        0.09791666666666667,
        0.004166666666666667,
        0.1,
        2.097916666666667,
        6.937916666666666,
        6.09375,
        6.937916666666666,
        0.004166666666666667,
        0.004166666666666667,
        0.0
    ],
    "object_VehicleC.AbstractDynamicObject$v_min": [
        0.004166666666666667,
        0.004166666666666667,
        0.004166666666666667,
        0.004166666666666667,
        0.09791666666666667,
        0.004166666666666667,
        0.1,
        2.097916666666667,
        4.095833333333333,
        6.09375,
        6.937916666666666,
        0.004166666666666667,
        0.004166666666666667,
        0.0
    ],
    "object_VehicleC.AbstractDynamicObject$width_max": [
        0.0,
        0.0,
        0.0,
        0.0,
        0.0,
        0.0,
        0.0,
        0.0,
        0.0,
        0.0,
        0.0,
        0.0,
        0.0,
        0.0
    ],
    "object_VehicleC.AbstractDynamicObject$width_min": [
        1.5,
        1.5,
        1.5,
        1.5,
        1.5,
        1.5,
        1.5,
        1.5,
        1.5,
        1.5,
        1.5,
        1.5,
        1.5,
        0.0
    ],
    "object_VehicleC.AbstractDynamicObject$x": [
        -1.7979166666666666,
        -1.7979166666666666,
        -1.7979166666666666,
        -1.7979166666666666,
        -1.7979166666666666,
        -1.7979166666666666,
        -1.7979166666666666,
        -1.7979166666666666,
        -1.7979166666666666,
        -1.7979166666666666,
        -1.7979166666666666,
        -1.7979166666666666,
        -1.7979166666666666,
        -1.7979166666666666
    ],
    "object_VehicleC.AbstractDynamicObject$x2": [
        -1.7979166666666666,
        -1.7979166666666666,
        -1.7979166666666666,
        -1.7979166666666666,
        -1.7979166666666666,
        -1.7979166666666666,
        -1.7979166666666666,
        -1.7979166666666666,
        -1.7979166666666666,
        -1.7979166666666666,
        -1.7979166666666666,
        -1.7979166666666666,
        -1.7979166666666666,
        -1.7979166666666666
    ],
    "object_VehicleC.AbstractDynamicObject$y": [
        14.661458333333334,
        14.657291666666667,
        14.653125,
        14.648958333333333,
        14.597916666666666,
        14.546875,
        14.494791666666666,
        13.395833333333334,
        10.298958333333333,
        5.204166666666667,
        -1.3116666666666668,
        -4.782708333333333,
        -4.786875,
        -4.791041666666667
    ],
    "object_VehicleC.AbstractDynamicObject$y2": [
        14.659375,
        14.655208333333333,
        14.651041666666666,
        14.646875,
        14.548958333333333,
        14.544791666666667,
        14.444791666666667,
        12.346875,
        8.251041666666667,
        2.1572916666666666,
        -4.780625,
        -4.784791666666667,
        -4.788958333333333,
        -4.793125
    ]
}