{
    "time": [
        0,
        1.0,
        2.0,
        3.0,
        4.0,
        5.0,
        6.0,
        7.0,
        8.0,
        9.0,
        10.0,
        11.0,
        12.0,
        13.0,
        14.0
    ],
    "object_EEELane.AbstractStaticDirectionalObject$direction": [
        0.0
    ],
    "object_EEELane.AbstractStaticHeadingObject$heading": [
        0.0
    ],
    "object_EEELane.AbstractStaticObject$length": [
        42.74166666666667
    ],
    "object_EEELane.AbstractStaticObject$width": [
        2.55
    ],
    "object_EEELane.AbstractStaticObject$x": [
        2.55
    ],
    "object_EEELane.AbstractStaticObject$y": [
        -1.275
    ],
    "object_ERoad.AbstractStaticHeadingObject$heading": [
        0.0
    ],
    "object_ERoad.AbstractStaticObject$length": [
        42.74166666666667
    ],
    "object_ERoad.AbstractStaticObject$width": [
        5.1
    ],
    "object_ERoad.AbstractStaticObject$x": [
        2.55
    ],
    "object_ERoad.AbstractStaticObject$y": [
        0.0
    ],
    "object_EWWLane.AbstractStaticDirectionalObject$direction": [
        3.1415926535
    ],
    "object_EWWLane.AbstractStaticHeadingObject$heading": [
        3.1415926535
    ],
    "object_EWWLane.AbstractStaticObject$length": [
        42.74166666666667
    ],
    "object_EWWLane.AbstractStaticObject$width": [
        2.55
    ],
    "object_EWWLane.AbstractStaticObject$x": [
        45.291666666666664
    ],
    "object_EWWLane.AbstractStaticObject$y": [
        1.275
    ],
    "object_Junction.AbstractStaticObject$length": [
        5.1
    ],
    "object_Junction.AbstractStaticObject$width": [
        5.1
    ],
    "object_Junction.AbstractStaticObject$x": [
        0.0
    ],
    "object_Junction.AbstractStaticObject$y": [
        0.0
    ],
    "object_NNNLane.AbstractStaticDirectionalObject$direction": [
        1.5707963267
    ],
    "object_NNNLane.AbstractStaticHeadingObject$heading": [
        1.5707963267
    ],
    "object_NNNLane.AbstractStaticObject$length": [
        8.0325
    ],
    "object_NNNLane.AbstractStaticObject$width": [
        2.55
    ],
    "object_NNNLane.AbstractStaticObject$x": [
        1.275
    ],
    "object_NNNLane.AbstractStaticObject$y": [
        2.55
    ],
    "object_NRoad.AbstractStaticHeadingObject$heading": [
        1.5707963267
    ],
    "object_NRoad.AbstractStaticObject$length": [
        8.0325
    ],
    "object_NRoad.AbstractStaticObject$width": [
        5.1
    ],
    "object_NRoad.AbstractStaticObject$x": [
        0.0
    ],
    "object_NRoad.AbstractStaticObject$y": [
        2.55
    ],
    "object_NSSLane.AbstractStaticDirectionalObject$direction": [
        4.7123889803
    ],
    "object_NSSLane.AbstractStaticHeadingObject$heading": [
        4.7123889803
    ],
    "object_NSSLane.AbstractStaticObject$length": [
        8.0325
    ],
    "object_NSSLane.AbstractStaticObject$width": [
        2.55
    ],
    "object_NSSLane.AbstractStaticObject$x": [
        -1.275
    ],
    "object_NSSLane.AbstractStaticObject$y": [
        10.5825
    ],
    "object_SNNLane.AbstractStaticDirectionalObject$direction": [
        1.5707963267
    ],
    "object_SNNLane.AbstractStaticHeadingObject$heading": [
        1.5707963267
    ],
    "object_SNNLane.AbstractStaticObject$length": [
        17.265416666666667
    ],
    "object_SNNLane.AbstractStaticObject$width": [
        2.55
    ],
    "object_SNNLane.AbstractStaticObject$x": [
        1.275
    ],
    "object_SNNLane.AbstractStaticObject$y": [
        -19.815416666666668
    ],
    "object_SRoad.AbstractStaticHeadingObject$heading": [
        4.7123889803
    ],
    "object_SRoad.AbstractStaticObject$length": [
        17.265416666666667
    ],
    "object_SRoad.AbstractStaticObject$width": [
        5.1
    ],
    "object_SRoad.AbstractStaticObject$x": [
        0.0
    ],
    "object_SRoad.AbstractStaticObject$y": [
        -2.55
    ],
    "object_SSSLane.AbstractStaticDirectionalObject$direction": [
        4.7123889803
    ],
    "object_SSSLane.AbstractStaticHeadingObject$heading": [
        4.7123889803
    ],
    "object_SSSLane.AbstractStaticObject$length": [
        17.265416666666667
    ],
    "object_SSSLane.AbstractStaticObject$width": [
        2.55
    ],
    "object_SSSLane.AbstractStaticObject$x": [
        -1.275
    ],
    "object_SSSLane.AbstractStaticObject$y": [
        -2.55
    ],
    "object_WEELane.AbstractStaticDirectionalObject$direction": [
        0.0
    ],
    "object_WEELane.AbstractStaticHeadingObject$heading": [
        0.0
    ],
    "object_WEELane.AbstractStaticObject$length": [
        117.86041666666667
    ],
    "object_WEELane.AbstractStaticObject$width": [
        2.55
    ],
    "object_WEELane.AbstractStaticObject$x": [
        -120.41041666666666
    ],
    "object_WEELane.AbstractStaticObject$y": [
        -1.275
    ],
    "object_WRoad.AbstractStaticHeadingObject$heading": [
        3.1415926535
    ],
    "object_WRoad.AbstractStaticObject$length": [
        117.86041666666667
    ],
    "object_WRoad.AbstractStaticObject$width": [
        5.1
    ],
    "object_WRoad.AbstractStaticObject$x": [
        -2.55
    ],
    "object_WRoad.AbstractStaticObject$y": [
        0.0
    ],
    "object_WWWLane.AbstractStaticDirectionalObject$direction": [
        3.1415926535
    ],
    "object_WWWLane.AbstractStaticHeadingObject$heading": [
        3.1415926535
    ],
    "object_WWWLane.AbstractStaticObject$length": [
        117.86041666666667
    ],
    "object_WWWLane.AbstractStaticObject$width": [
        2.55
    ],
    "object_WWWLane.AbstractStaticObject$x": [
        -2.55
    ],
    "object_WWWLane.AbstractStaticObject$y": [
        1.275
    ],
    "object_World.World$occlusion_distance": [
        0.0020833333333333333
    ],
    "object_World.World$occlusion_epsilon": [
        0.0
    ],
    "object_VehicleA.AbstractDynamicObject$a_max": [
        0.0,
        0.0,
        0.0,
        0.0,
        0.0,
        0.0,
        0.0,
        0.0,
        0.0,
        0.0,
        0.0,
        0.0,
        0.0,
        0.0
    ],
    "object_VehicleA.AbstractDynamicObject$a_min": [
        0.0,
        0.0,
        0.0,
        0.0,
        0.0,
        0.0,
        0.0,
        0.0,
        0.0,
        0.0,
        0.0,
        0.0,
        0.0,
        0.0
    ],
    "object_VehicleA.AbstractDynamicObject$bb_max_x_max": [
        0.8,
        90.45833333333333,
        0.8,
        0.8,
        0.8,
        0.8,
        0.8,
        0.8,
        0.8,
        0.8,
        0.8,
        13.3,
        0.8,
        0.0
    ],
    "object_VehicleA.AbstractDynamicObject$bb_max_x_min": [
        0.0,
        0.0,
        0.0,
        0.0,
        0.8,
        0.8,
        0.8,
        0.8,
        0.8,
        0.8,
        0.8,
        0.0,
        0.0,
        0.0
    ],
    "object_VehicleA.AbstractDynamicObject$bb_max_y_max": [
        1.1,
        1.1,
        1.1,
        1.1,
        1.1,
        1.1,
        1.1,
        1.1,
        1.1,
        1.1,
        1.1,
        1.1,
        1.1,
        0.0
    ],
    "object_VehicleA.AbstractDynamicObject$bb_max_y_min": [
        0.0020833333333333333,
        0.0,
        0.0,
        0.0,
        1.1,
        1.1,
        1.1,
        1.1,
        1.1,
        1.1,
        1.1,
        0.0020833333333333333,
        0.0020833333333333333,
        0.0
    ],
    "object_VehicleA.AbstractDynamicObject$bb_min_x_max": [
        -0.0020833333333333333,
        -0.0020833333333333333,
        -0.0020833333333333333,
        -0.0020833333333333333,
        0.7979166666666667,
        0.7979166666666667,
        0.7979166666666667,
        0.7979166666666667,
        0.7979166666666667,
        -2.4,
        0.7979166666666667,
        -0.0020833333333333333,
        -0.0020833333333333333,
        0.0
    ],
    "object_VehicleA.AbstractDynamicObject$bb_min_x_min": [
        -2.4,
        -14.9,
        -2.4,
        -2.4,
        -2.4,
        -2.4,
        -2.4,
        -2.4,
        -2.4,
        -2.4,
        -2.4,
        -2.4,
        -29.439583333333335,
        0.0
    ],
    "object_VehicleA.AbstractDynamicObject$bb_min_y_max": [
        0.0,
        -0.0020833333333333333,
        -0.0020833333333333333,
        -0.0020833333333333333,
        1.0979166666666667,
        1.0979166666666667,
        1.0979166666666667,
        1.0979166666666667,
        1.0979166666666667,
        1.0979166666666667,
        1.0979166666666667,
        0.0,
        0.0,
        0.0
    ],
    "object_VehicleA.AbstractDynamicObject$bb_min_y_min": [
        -1.1,
        -1.4458333333333333,
        -1.1,
        -1.1,
        -1.1,
        -1.4458333333333333,
        -1.4458333333333333,
        -1.45,
        -1.4458333333333333,
        -1.4458333333333333,
        -1.4458333333333333,
        -1.1,
        -1.1,
        0.0
    ],
    "object_VehicleA.AbstractDynamicObject$length_max": [
        0.0,
        0.0,
        0.0,
        0.0,
        0.0,
        0.0,
        0.0,
        0.0,
        0.0,
        0.0,
        0.0,
        0.0,
        0.0,
        0.0
    ],
    "object_VehicleA.AbstractDynamicObject$length_min": [
        4.8,
        4.8,
        4.8,
        4.8,
        4.8,
        4.8,
        4.8,
        4.8,
        4.8,
        4.8,
        4.8,
        4.8,
        4.8,
        0.0
    ],
    "object_VehicleA.AbstractDynamicObject$v2_max": [
        12.5,
        12.5,
        12.5,
        12.5,
        12.5,
        12.5,
        12.5,
        12.5,
        12.5,
        12.5,
        12.5,
        12.5,
        12.5,
        0.0
    ],
    "object_VehicleA.AbstractDynamicObject$v2_min": [
        12.5,
        12.5,
        12.5,
        12.5,
        12.5,
        12.5,
        12.5,
        12.5,
        12.5,
        12.5,
        12.5,
        12.5,
        12.5,
        0.0
    ],
    "object_VehicleA.AbstractDynamicObject$v_max": [
        12.5,
        12.5,
        12.5,
        12.5,
        12.5,
        12.5,
        12.5,
        12.5,
        12.5,
        12.5,
        12.5,
        12.5,
        12.5,
        0.0
    ],
    "object_VehicleA.AbstractDynamicObject$v_min": [
        12.5,
        12.5,
        12.5,
        12.5,
        12.5,
        12.5,
        12.5,
        12.5,
        12.5,
        12.5,
        12.5,
        12.5,
        12.5,
        0.0
    ],
    "object_VehicleA.AbstractDynamicObject$width_max": [
        0.0,
        0.0,
        0.0,
        0.0,
        0.0,
        0.0,
        0.0,
        0.0,
        0.0,
        0.0,
        0.0,
        0.0,
        0.0,
        0.0
    ],
    "object_VehicleA.AbstractDynamicObject$width_min": [
        2.2,
        2.2,
        2.2,
        2.2,
        2.2,
        2.2,
        2.2,
        2.2,
        2.2,
        2.2,
        2.2,
        2.2,
        2.2,
        0.0
    ],
    "object_VehicleA.AbstractDynamicObject$x": [
        -118.00833333333334,
        -105.50833333333334,
        -93.00833333333334,
        -80.50833333333334,
        -68.00833333333334,
        -55.50833333333333,
        -43.00833333333333,
        -30.508333333333333,
        -18.008333333333333,
        -5.508333333333334,
        6.991666666666666,
        19.491666666666667,
        31.991666666666667,
        44.49166666666667
    ],
    "object_VehicleA.AbstractDynamicObject$x2": [
        -111.75833333333334,
        -99.25833333333334,
        -86.75833333333334,
        -74.25833333333334,
        -61.75833333333333,
        -49.25833333333333,
        -36.75833333333333,
        -24.258333333333333,
        -11.758333333333333,
        0.7416666666666667,
        13.241666666666667,
        25.741666666666667,
        38.24166666666667,
        50.74166666666667
    ],
    "object_VehicleA.AbstractDynamicObject$y": [
        -1.1020833333333333,
        -1.1020833333333333,
        -1.1020833333333333,
        -1.1020833333333333,
        -1.1020833333333333,
        -1.1020833333333333,
        -1.1020833333333333,
        -1.1020833333333333,
        -1.1020833333333333,
        -1.1020833333333333,
        -1.1020833333333333,
        -1.1020833333333333,
        -1.1020833333333333,
        -1.1020833333333333
    ],
    "object_VehicleA.AbstractDynamicObject$y2": [
        -1.1020833333333333,
        -1.1020833333333333,
        -1.1020833333333333,
        -1.1020833333333333,
        -1.1020833333333333,
        -1.1020833333333333,
        -1.1020833333333333,
        -1.1020833333333333,
        -1.1020833333333333,
        -1.1020833333333333,
        -1.1020833333333333,
        -1.1020833333333333,
        -1.1020833333333333,
        -1.1020833333333333
    ],
    "object_VehicleB.AbstractDynamicObject$a_max": [
        0.0,
        0.09583333333333334,
        -0.09583333333333334,
        0.0,
        0.0,
        0.0,
        0.0,
        7.245833333333334,
        -7.245833333333334,
        13.884722222222223,
        0.0,
        0.0,
        -13.884722222222223,
        0.0
    ],
    "object_VehicleB.AbstractDynamicObject$a_min": [
        0.0,
        0.09583333333333334,
        -0.09583333333333334,
        0.0,
        0.0,
        0.0,
        0.0,
        7.245833333333334,
        -7.245833333333334,
        13.884722222222223,
        0.0,
        0.0,
        -13.884722222222223,
        0.0
    ],
    "object_VehicleB.AbstractDynamicObject$bb_max_x_max": [
        41.81458333333333,
        41.81875,
        2.4,
        2.4,
        2.4,
        2.4,
        2.4,
        2.4,
        2.4,
        2.4,
        8.29861111111111,
        2.4,
        36.076388888888886,
        0.0
    ],
    "object_VehicleB.AbstractDynamicObject$bb_max_x_min": [
        0.0,
        0.0020833333333333333,
        0.0020833333333333333,
        0.0020833333333333333,
        2.4,
        2.4,
        2.4,
        2.4,
        2.4,
        2.4,
        2.4,
        0.0020833333333333333,
        0.0,
        0.0
    ],
    "object_VehicleB.AbstractDynamicObject$bb_max_y_max": [
        1.1,
        1.4458333333333333,
        1.1,
        1.1,
        1.1,
        1.1,
        1.1,
        1.45,
        1.1,
        1.1,
        1.1,
        1.4458333333333333,
        1.4458333333333333,
        0.0
    ],
    "object_VehicleB.AbstractDynamicObject$bb_max_y_min": [
        0.0020833333333333333,
        0.0,
        0.0,
        0.0020833333333333333,
        1.1,
        1.1,
        1.1,
        1.1,
        1.1,
        1.1,
        1.1,
        0.0020833333333333333,
        0.0,
        0.0
    ],
    "object_VehicleB.AbstractDynamicObject$bb_min_x_max": [
        -0.0020833333333333333,
        0.0,
        0.0,
        0.0,
        -0.8,
        -0.8,
        -0.8,
        -0.8,
        -0.8,
        -0.8,
        -0.8,
        0.0,
        -0.0020833333333333333,
        0.0
    ],
    "object_VehicleB.AbstractDynamicObject$bb_min_x_min": [
        -0.9208333333333333,
        -0.86875,
        -0.8,
        -0.8145833333333333,
        -0.8104166666666667,
        -0.8041666666666667,
        -0.8,
        -120.13541666666667,
        -0.8,
        -0.8,
        -0.8,
        -81.78194444444445,
        -74.83541666666666,
        0.0
    ],
    "object_VehicleB.AbstractDynamicObject$bb_min_y_max": [
        0.0,
        -0.0020833333333333333,
        0.0,
        0.0,
        -1.1,
        -1.1,
        -1.1,
        -1.1,
        -1.1,
        -1.1,
        -1.1,
        0.0,
        -0.0020833333333333333,
        0.0
    ],
    "object_VehicleB.AbstractDynamicObject$bb_min_y_min": [
        -1.1,
        -1.1,
        -1.1,
        -1.1,
        -1.1,
        -1.1,
        -1.1,
        -1.1,
        -1.1,
        -1.1,
        -1.1,
        -1.1,
        -1.1,
        0.0
    ],
    "object_VehicleB.AbstractDynamicObject$length_max": [
        0.0,
        0.0,
        0.0,
        0.0,
        0.0,
        0.0,
        0.0,
        0.0,
        0.0,
        0.0,
        0.0,
        0.0,
        0.0,
        0.0
    ],
    "object_VehicleB.AbstractDynamicObject$length_min": [
        4.8,
        4.8,
        4.8,
        4.8,
        4.8,
        4.8,
        4.8,
        4.8,
        4.8,
        4.8,
        4.8,
        4.8,
        4.8,
        0.0
    ],
    "object_VehicleB.AbstractDynamicObject$v2_max": [
        0.1,
        0.1,
        13.88888888888889,
        0.004166666666666667,
        0.004166666666666667,
        0.1,
        0.004166666666666667,
        7.25,
        0.004166666666666667,
        13.88888888888889,
        13.88888888888889,
        13.88888888888889,
        0.004166666666666667,
        0.0
    ],
    "object_VehicleB.AbstractDynamicObject$v2_min": [
        0.004166666666666667,
        0.1,
        0.004166666666666667,
        0.0,
        0.0,
        0.0,
        0.0,
        0.0,
        0.0,
        0.0,
        0.0,
        0.0,
        0.0,
        0.0
    ],
    "object_VehicleB.AbstractDynamicObject$v_max": [
        0.004166666666666667,
        0.004166666666666667,
        0.1,
        13.88888888888889,
        0.004166666666666667,
        0.09791666666666667,
        0.004166666666666667,
        0.004166666666666667,
        7.25,
        0.004166666666666667,
        13.88888888888889,
        13.88888888888889,
        13.88888888888889,
        0.0
    ],
    "object_VehicleB.AbstractDynamicObject$v_min": [
        0.004166666666666667,
        0.004166666666666667,
        0.1,
        0.004166666666666667,
        0.004166666666666667,
        0.004166666666666667,
        0.004166666666666667,
        0.004166666666666667,
        7.25,
        0.004166666666666667,
        13.88888888888889,
        13.88888888888889,
        13.88888888888889,
        0.0
    ],
    "object_VehicleB.AbstractDynamicObject$width_max": [
        0.0,
        0.0,
        0.0,
        0.0,
        0.0,
        0.0,
        0.0,
        0.0,
        0.0,
        0.0,
        0.0,
        0.0,
        0.0,
        0.0
    ],
    "object_VehicleB.AbstractDynamicObject$width_min": [
        2.2,
        2.2,
        2.2,
        2.2,
        2.2,
        2.2,
        2.2,
        2.2,
        2.2,
        2.2,
        2.2,
        2.2,
        2.2,
        0.0
    ],
    "object_VehicleB.AbstractDynamicObject$x": [
        3.475,
        3.470833333333333,
        3.41875,
        3.3666666666666667,
        3.3625,
        3.3583333333333334,
        3.3541666666666665,
        3.35,
        -0.27708333333333335,
        -3.904166666666667,
        -10.850694444444445,
        -24.739583333333332,
        -38.62847222222222,
        -45.575
    ],
    "object_VehicleB.AbstractDynamicObject$x2": [
        3.472916666666667,
        3.46875,
        3.36875,
        3.3645833333333335,
        3.3604166666666666,
        3.35625,
        3.3520833333333333,
        3.347916666666667,
        -3.902083333333333,
        -3.90625,
        -17.79513888888889,
        -31.68402777777778,
        -45.572916666666664,
        -45.577083333333334
    ],
    "object_VehicleB.AbstractDynamicObject$y": [
        1.1020833333333333,
        1.1020833333333333,
        1.1020833333333333,
        1.1020833333333333,
        1.1020833333333333,
        1.1020833333333333,
        1.1020833333333333,
        1.1020833333333333,
        1.1020833333333333,
        1.1020833333333333,
        1.1020833333333333,
        1.1020833333333333,
        1.1020833333333333,
        1.1020833333333333
    ],
    "object_VehicleB.AbstractDynamicObject$y2": [
        1.1020833333333333,
        1.1020833333333333,
        1.1020833333333333,
        1.1020833333333333,
        1.1020833333333333,
        1.1020833333333333,
        1.1020833333333333,
        1.1020833333333333,
        1.1020833333333333,
        1.1020833333333333,
        1.1020833333333333,
        1.1020833333333333,
        1.1020833333333333,
        1.1020833333333333
    ],
    "object_VehicleC.AbstractDynamicObject$a_max": [
        0.09375,
        0.0020833333333333333,
        -0.09583333333333334,
        1.9979166666666666,
        0.0,
        1.9979166666666666,
        1.9979166666666666,
        1.9979166666666666,
        1.9979166666666666,
        1.9979166666666666,
        0.8441666666666666,
        0.0,
        -6.93375,
        0.0
    ],
    "object_VehicleC.AbstractDynamicObject$a_min": [
        0.09375,
        0.0020833333333333333,
        -0.09583333333333334,
        0.0,
        0.0,
        0.09375,
        0.0020833333333333333,
        1.9979166666666666,
        1.9979166666666666,
        1.9979166666666666,
        0.8441666666666666,
        0.0,
        -6.93375,
        0.0
    ],
    "object_VehicleC.AbstractDynamicObject$bb_max_x_max": [
        0.75,
        0.75,
        0.75,
        0.75,
        0.7520833333333333,
        0.75,
        0.75,
        0.7520833333333333,
        0.75,
        0.75,
        0.75,
        0.75,
        0.75,
        0.0
    ],
    "object_VehicleC.AbstractDynamicObject$bb_max_x_min": [
        0.0,
        0.0,
        0.0,
        0.0020833333333333333,
        -0.7479166666666667,
        0.0,
        -0.7479166666666667,
        -0.7479166666666667,
        -0.7479166666666667,
        0.0,
        -0.7479166666666667,
        0.0020833333333333333,
        0.0,
        0.0
    ],
    "object_VehicleC.AbstractDynamicObject$bb_max_y_max": [
        0.82,
        0.8710416666666667,
        0.82,
        0.82,
        0.82,
        1.0304166666666668,
        0.82,
        0.82,
        0.82,
        0.82,
        0.82,
        3.8564583333333333,
        10.792291666666667,
        0.0
    ],
    "object_VehicleC.AbstractDynamicObject$bb_max_y_min": [
        0.0020833333333333333,
        0.0020833333333333333,
        0.0020833333333333333,
        0.0020833333333333333,
        -2.997916666666667,
        -2.997916666666667,
        -2.997916666666667,
        0.0,
        0.82,
        0.82,
        -2.997916666666667,
        0.0020833333333333333,
        0.0020833333333333333,
        0.0
    ],
    "object_VehicleC.AbstractDynamicObject$bb_min_x_max": [
        -0.0020833333333333333,
        -0.0020833333333333333,
        -0.0020833333333333333,
        0.0,
        -0.75,
        -0.75,
        -0.75,
        -0.75,
        -0.75,
        -0.75,
        -0.75,
        0.0,
        -0.0020833333333333333,
        0.0
    ],
    "object_VehicleC.AbstractDynamicObject$bb_min_x_min": [
        -0.75,
        -1.7958333333333334,
        -0.75,
        -0.75,
        -0.75,
        -0.75,
        -0.75,
        -0.75,
        -0.75,
        -0.75,
        -0.75,
        -0.75,
        -1.7958333333333334,
        0.0
    ],
    "object_VehicleC.AbstractDynamicObject$bb_min_y_max": [
        0.0,
        0.0,
        0.0,
        0.0,
        -3.0,
        -3.0,
        -3.0,
        -3.0,
        -3.0,
        -3.0,
        -3.0,
        0.0,
        0.0,
        0.0
    ],
    "object_VehicleC.AbstractDynamicObject$bb_min_y_min": [
        -7.159375,
        -7.060416666666667,
        -3.0,
        -3.0,
        -7.002083333333333,
        -6.948958333333334,
        -3.0,
        -3.0,
        -3.0,
        -3.0,
        -3.0,
        -3.0,
        -3.0,
        0.0
    ],
    "object_VehicleC.AbstractDynamicObject$length_max": [
        0.0,
        0.0,
        0.0,
        0.0,
        0.0,
        0.0,
        0.0,
        0.0,
        0.0,
        0.0,
        0.0,
        0.0,
        0.0,
        0.0
    ],
    "object_VehicleC.AbstractDynamicObject$length_min": [
        1.65,
        1.65,
        1.65,
        1.65,
        1.65,
        1.65,
        1.65,
        1.65,
        1.65,
        1.65,
        1.65,
        1.65,
        1.65,
        0.0
    ],
    "object_VehicleC.AbstractDynamicObject$v2_max": [
        0.09791666666666667,
        0.1,
        0.004166666666666667,
        0.004166666666666667,
        0.10208333333333333,
        0.09791666666666667,
        0.1,
        2.097916666666667,
        4.095833333333333,
        6.09375,
        6.937916666666666,
        6.937916666666666,
        0.004166666666666667,
        0.0
    ],
    "object_VehicleC.AbstractDynamicObject$v2_min": [
        0.09791666666666667,
        0.1,
        0.004166666666666667,
        0.004166666666666667,
        0.004166666666666667,
        0.09791666666666667,
        0.1,
        2.097916666666667,
        4.095833333333333,
        6.09375,
        0.0,
        0.0,
        0.0,
        0.0
    ],
    "object_VehicleC.AbstractDynamicObject$v_max": [
        0.004166666666666667,
        0.09791666666666667,
        0.1,
        6.937916666666666,
        0.004166666666666667,
        0.004166666666666667,
        0.09791666666666667,
        0.1,
        6.937916666666666,
        6.937916666666666,
        6.09375,
        6.937916666666666,
        6.937916666666666,
        0.0
    ],
    "object_VehicleC.AbstractDynamicObject$v_min": [
        0.004166666666666667,
        0.09791666666666667,
        0.1,
        0.004166666666666667,
        0.004166666666666667,
        0.004166666666666667,
        0.09791666666666667,
        0.1,
        2.097916666666667,
        4.095833333333333,
        6.09375,
        6.937916666666666,
        6.937916666666666,
        0.0
    ],
    "object_VehicleC.AbstractDynamicObject$width_max": [
        0.0,
        0.0,
        0.0,
        0.0,
        0.0,
        0.0,
        0.0,
        0.0,
        0.0,
        0.0,
        0.0,
        0.0,
        0.0,
        0.0
    ],
    "object_VehicleC.AbstractDynamicObject$width_min": [
        1.5,
        1.5,
        1.5,
        1.5,
        1.5,
        1.5,
        1.5,
        1.5,
        1.5,
        1.5,
        1.5,
        1.5,
        1.5,
        0.0
    ],
    "object_VehicleC.AbstractDynamicObject$x": [
        -0.7520833333333333,
        -0.7520833333333333,
        -0.7520833333333333,
        -0.7520833333333333,
        -0.7520833333333333,
        -0.7520833333333333,
        -0.7520833333333333,
        -0.7520833333333333,
        -0.7520833333333333,
        -0.7520833333333333,
        -0.7520833333333333,
        -0.7520833333333333,
        -0.7520833333333333,
        -0.7520833333333333
    ],
    "object_VehicleC.AbstractDynamicObject$x2": [
        -0.7520833333333333,
        -0.7520833333333333,
        -0.7520833333333333,
        -0.7520833333333333,
        -0.7520833333333333,
        -0.7520833333333333,
        -0.7520833333333333,
        -0.7520833333333333,
        -0.7520833333333333,
        -0.7520833333333333,
        -0.7520833333333333,
        -0.7520833333333333,
        -0.7520833333333333,
        -0.7520833333333333
    ],
    "object_VehicleC.AbstractDynamicObject$y": [
        9.760416666666666,
        9.709375,
        9.610416666666667,
        9.558333333333334,
        9.554166666666667,
        9.55,
        9.498958333333333,
        9.4,
        8.301041666666666,
        5.204166666666667,
        0.109375,
        -6.406458333333333,
        -13.344375,
        -16.815416666666668
    ],
    "object_VehicleC.AbstractDynamicObject$y2": [
        9.758333333333333,
        9.660416666666666,
        9.560416666666667,
        9.55625,
        9.552083333333334,
        9.547916666666667,
        9.45,
        9.35,
        7.252083333333333,
        3.15625,
        -2.9375,
        -9.875416666666666,
        -16.813333333333333,
        -16.8175
    ]
}