{
    "time": [
        0,
        1.0,
        2.0,
        3.0,
        4.0,
        5.0,
        6.0,
        7.0,
        8.0,
        9.0,
        10.0,
        11.0,
        12.0,
        13.0,
        14.0
    ],
    "object_EEELane.AbstractStaticDirectionalObject$direction": [
        0.0
    ],
    "object_EEELane.AbstractStaticHeadingObject$heading": [
        0.0
    ],
    "object_EEELane.AbstractStaticObject$length": [
        92.73333333333333
    ],
    "object_EEELane.AbstractStaticObject$width": [
        2.55
    ],
    "object_EEELane.AbstractStaticObject$x": [
        2.55
    ],
    "object_EEELane.AbstractStaticObject$y": [
        -1.275
    ],
    "object_ERoad.AbstractStaticHeadingObject$heading": [
        0.0
    ],
    "object_ERoad.AbstractStaticObject$length": [
        92.73333333333333
    ],
    "object_ERoad.AbstractStaticObject$width": [
        5.1
    ],
    "object_ERoad.AbstractStaticObject$x": [
        2.55
    ],
    "object_ERoad.AbstractStaticObject$y": [
        0.0
    ],
    "object_EWWLane.AbstractStaticDirectionalObject$direction": [
        3.1415926535
    ],
    "object_EWWLane.AbstractStaticHeadingObject$heading": [
        3.1415926535
    ],
    "object_EWWLane.AbstractStaticObject$length": [
        92.73333333333333
    ],
    "object_EWWLane.AbstractStaticObject$width": [
        2.55
    ],
    "object_EWWLane.AbstractStaticObject$x": [
        95.28333333333333
    ],
    "object_EWWLane.AbstractStaticObject$y": [
        1.275
    ],
    "object_Junction.AbstractStaticObject$length": [
        5.1
    ],
    "object_Junction.AbstractStaticObject$width": [
        5.1
    ],
    "object_Junction.AbstractStaticObject$x": [
        0.0
    ],
    "object_Junction.AbstractStaticObject$y": [
        0.0
    ],
    "object_NNNLane.AbstractStaticDirectionalObject$direction": [
        1.5707963267
    ],
    "object_NNNLane.AbstractStaticHeadingObject$heading": [
        1.5707963267
    ],
    "object_NNNLane.AbstractStaticObject$length": [
        4.217333333333333
    ],
    "object_NNNLane.AbstractStaticObject$width": [
        2.55
    ],
    "object_NNNLane.AbstractStaticObject$x": [
        1.275
    ],
    "object_NNNLane.AbstractStaticObject$y": [
        2.55
    ],
    "object_NRoad.AbstractStaticHeadingObject$heading": [
        1.5707963267
    ],
    "object_NRoad.AbstractStaticObject$length": [
        4.217333333333333
    ],
    "object_NRoad.AbstractStaticObject$width": [
        5.1
    ],
    "object_NRoad.AbstractStaticObject$x": [
        0.0
    ],
    "object_NRoad.AbstractStaticObject$y": [
        2.55
    ],
    "object_NSSLane.AbstractStaticDirectionalObject$direction": [
        4.7123889803
    ],
    "object_NSSLane.AbstractStaticHeadingObject$heading": [
        4.7123889803
    ],
    "object_NSSLane.AbstractStaticObject$length": [
        4.217333333333333
    ],
    "object_NSSLane.AbstractStaticObject$width": [
        2.55
    ],
    "object_NSSLane.AbstractStaticObject$x": [
        -1.275
    ],
    "object_NSSLane.AbstractStaticObject$y": [
        6.767333333333333
    ],
    "object_SNNLane.AbstractStaticDirectionalObject$direction": [
        1.5707963267
    ],
    "object_SNNLane.AbstractStaticHeadingObject$heading": [
        1.5707963267
    ],
    "object_SNNLane.AbstractStaticObject$length": [
        3.8658333333333332
    ],
    "object_SNNLane.AbstractStaticObject$width": [
        2.55
    ],
    "object_SNNLane.AbstractStaticObject$x": [
        1.275
    ],
    "object_SNNLane.AbstractStaticObject$y": [
        -6.4158333333333335
    ],
    "object_SRoad.AbstractStaticHeadingObject$heading": [
        4.7123889803
    ],
    "object_SRoad.AbstractStaticObject$length": [
        3.8658333333333332
    ],
    "object_SRoad.AbstractStaticObject$width": [
        5.1
    ],
    "object_SRoad.AbstractStaticObject$x": [
        0.0
    ],
    "object_SRoad.AbstractStaticObject$y": [
        -2.55
    ],
    "object_SSSLane.AbstractStaticDirectionalObject$direction": [
        4.7123889803
    ],
    "object_SSSLane.AbstractStaticHeadingObject$heading": [
        4.7123889803
    ],
    "object_SSSLane.AbstractStaticObject$length": [
        3.8658333333333332
    ],
    "object_SSSLane.AbstractStaticObject$width": [
        2.55
    ],
    "object_SSSLane.AbstractStaticObject$x": [
        -1.275
    ],
    "object_SSSLane.AbstractStaticObject$y": [
        -2.55
    ],
    "object_WEELane.AbstractStaticDirectionalObject$direction": [
        0.0
    ],
    "object_WEELane.AbstractStaticHeadingObject$heading": [
        0.0
    ],
    "object_WEELane.AbstractStaticObject$length": [
        67.87083333333334
    ],
    "object_WEELane.AbstractStaticObject$width": [
        2.55
    ],
    "object_WEELane.AbstractStaticObject$x": [
        -70.42083333333333
    ],
    "object_WEELane.AbstractStaticObject$y": [
        -1.275
    ],
    "object_WRoad.AbstractStaticHeadingObject$heading": [
        3.1415926535
    ],
    "object_WRoad.AbstractStaticObject$length": [
        67.87083333333334
    ],
    "object_WRoad.AbstractStaticObject$width": [
        5.1
    ],
    "object_WRoad.AbstractStaticObject$x": [
        -2.55
    ],
    "object_WRoad.AbstractStaticObject$y": [
        0.0
    ],
    "object_WWWLane.AbstractStaticDirectionalObject$direction": [
        3.1415926535
    ],
    "object_WWWLane.AbstractStaticHeadingObject$heading": [
        3.1415926535
    ],
    "object_WWWLane.AbstractStaticObject$length": [
        67.87083333333334
    ],
    "object_WWWLane.AbstractStaticObject$width": [
        2.55
    ],
    "object_WWWLane.AbstractStaticObject$x": [
        -2.55
    ],
    "object_WWWLane.AbstractStaticObject$y": [
        1.275
    ],
    "object_World.World$occlusion_distance": [
        0.004166666666666667
    ],
    "object_World.World$occlusion_epsilon": [
        0.0
    ],
    "object_VehicleA.AbstractDynamicObject$a_max": [
        0.0,
        0.0,
        0.0,
        0.0,
        0.0,
        0.0,
        0.0,
        0.0,
        0.0,
        0.0,
        0.0,
        0.0,
        0.0,
        0.0
    ],
    "object_VehicleA.AbstractDynamicObject$a_min": [
        0.0,
        0.0,
        0.0,
        0.0,
        0.0,
        0.0,
        0.0,
        0.0,
        0.0,
        0.0,
        0.0,
        0.0,
        0.0,
        0.0
    ],
    "object_VehicleA.AbstractDynamicObject$bb_max_x_max": [
        0.8,
        0.8,
        0.8,
        0.8,
        0.8,
        0.8,
        75.80416666666666,
        63.3,
        0.8,
        0.8,
        0.8,
        0.8,
        0.8,
        0.0
    ],
    "object_VehicleA.AbstractDynamicObject$bb_max_x_min": [
        0.0,
        0.0,
        0.0,
        0.0,
        0.8,
        0.8,
        0.0,
        0.8,
        0.8,
        -2.3958333333333335,
        0.8,
        0.0,
        0.0,
        0.0
    ],
    "object_VehicleA.AbstractDynamicObject$bb_max_y_max": [
        1.1,
        1.1,
        1.1,
        1.1,
        1.1,
        1.1,
        1.1083333333333334,
        1.1,
        1.1,
        1.1,
        1.1,
        1.1,
        1.1,
        0.0
    ],
    "object_VehicleA.AbstractDynamicObject$bb_max_y_min": [
        0.004166666666666667,
        0.0,
        0.0,
        0.0,
        1.1,
        1.1,
        0.0,
        0.0,
        1.1,
        1.1,
        1.1,
        0.004166666666666667,
        0.004166666666666667,
        0.0
    ],
    "object_VehicleA.AbstractDynamicObject$bb_min_x_max": [
        -0.004166666666666667,
        -0.004166666666666667,
        -0.004166666666666667,
        -0.004166666666666667,
        0.7958333333333333,
        0.7958333333333333,
        -0.004166666666666667,
        0.7958333333333333,
        0.7958333333333333,
        -2.4,
        0.7958333333333333,
        -0.004166666666666667,
        -0.004166666666666667,
        0.0
    ],
    "object_VehicleA.AbstractDynamicObject$bb_min_x_min": [
        -2.4,
        -2.4,
        -2.4,
        -2.4,
        -2.4,
        -2.4,
        -89.90833333333333,
        -16.929166666666667,
        -29.429166666666667,
        -41.92916666666667,
        -54.42916666666667,
        -66.92916666666666,
        -79.42916666666666,
        0.0
    ],
    "object_VehicleA.AbstractDynamicObject$bb_min_y_max": [
        0.0,
        -0.004166666666666667,
        -0.004166666666666667,
        -0.004166666666666667,
        1.0958333333333334,
        1.0958333333333334,
        -0.004166666666666667,
        -0.004166666666666667,
        1.0958333333333334,
        1.0958333333333334,
        1.0958333333333334,
        0.0,
        0.0,
        0.0
    ],
    "object_VehicleA.AbstractDynamicObject$bb_min_y_min": [
        -1.1,
        -1.4416666666666667,
        -1.1,
        -1.1,
        -1.1,
        -1.45,
        -1.45,
        -1.1,
        -1.4458333333333333,
        -1.1,
        -1.1,
        -1.1,
        -1.1,
        0.0
    ],
    "object_VehicleA.AbstractDynamicObject$length_max": [
        0.0,
        0.0,
        0.0,
        0.0,
        0.0,
        0.0,
        0.0,
        0.0,
        0.0,
        0.0,
        0.0,
        0.0,
        0.0,
        0.0
    ],
    "object_VehicleA.AbstractDynamicObject$length_min": [
        4.8,
        4.8,
        4.8,
        4.8,
        4.8,
        4.8,
        4.8,
        4.8,
        4.8,
        4.8,
        4.8,
        4.8,
        4.8,
        0.0
    ],
    "object_VehicleA.AbstractDynamicObject$v2_max": [
        12.5,
        12.5,
        12.5,
        12.5,
        12.5,
        12.5,
        12.5,
        12.5,
        12.5,
        12.5,
        12.5,
        12.5,
        12.5,
        0.0
    ],
    "object_VehicleA.AbstractDynamicObject$v2_min": [
        12.5,
        12.5,
        12.5,
        12.5,
        12.5,
        12.5,
        12.5,
        12.5,
        12.5,
        12.5,
        12.5,
        12.5,
        12.5,
        0.0
    ],
    "object_VehicleA.AbstractDynamicObject$v_max": [
        12.5,
        12.5,
        12.5,
        12.5,
        12.5,
        12.5,
        12.5,
        12.5,
        12.5,
        12.5,
        12.5,
        12.5,
        12.5,
        0.0
    ],
    "object_VehicleA.AbstractDynamicObject$v_min": [
        12.5,
        12.5,
        12.5,
        12.5,
        12.5,
        12.5,
        12.5,
        12.5,
        12.5,
        12.5,
        12.5,
        12.5,
        12.5,
        0.0
    ],
    "object_VehicleA.AbstractDynamicObject$width_max": [
        0.0,
        0.0,
        0.0,
        0.0,
        0.0,
        0.0,
        0.0,
        0.0,
        0.0,
        0.0,
        0.0,
        0.0,
        0.0,
        0.0
    ],
    "object_VehicleA.AbstractDynamicObject$width_min": [
        2.2,
        2.2,
        2.2,
        2.2,
        2.2,
        2.2,
        2.2,
        2.2,
        2.2,
        2.2,
        2.2,
        2.2,
        2.2,
        0.0
    ],
    "object_VehicleA.AbstractDynamicObject$x": [
        -68.01666666666667,
        -55.516666666666666,
        -43.016666666666666,
        -30.516666666666666,
        -18.016666666666666,
        -5.516666666666667,
        6.983333333333333,
        19.483333333333334,
        31.983333333333334,
        44.483333333333334,
        56.983333333333334,
        69.48333333333333,
        81.98333333333333,
        94.48333333333333
    ],
    "object_VehicleA.AbstractDynamicObject$x2": [
        -61.766666666666666,
        -49.266666666666666,
        -36.766666666666666,
        -24.266666666666666,
        -11.766666666666667,
        0.7333333333333333,
        13.233333333333333,
        25.733333333333334,
        38.233333333333334,
        50.733333333333334,
        63.233333333333334,
        75.73333333333333,
        88.23333333333333,
        100.73333333333333
    ],
    "object_VehicleA.AbstractDynamicObject$y": [
        -1.1041666666666667,
        -1.1041666666666667,
        -1.1041666666666667,
        -1.1041666666666667,
        -1.1041666666666667,
        -1.1041666666666667,
        -1.1041666666666667,
        -1.1041666666666667,
        -1.1041666666666667,
        -1.1041666666666667,
        -1.1041666666666667,
        -1.1041666666666667,
        -1.1041666666666667,
        -1.1041666666666667
    ],
    "object_VehicleA.AbstractDynamicObject$y2": [
        -1.1041666666666667,
        -1.1041666666666667,
        -1.1041666666666667,
        -1.1041666666666667,
        -1.1041666666666667,
        -1.1041666666666667,
        -1.1041666666666667,
        -1.1041666666666667,
        -1.1041666666666667,
        -1.1041666666666667,
        -1.1041666666666667,
        -1.1041666666666667,
        -1.1041666666666667,
        -1.1041666666666667
    ],
    "object_VehicleB.AbstractDynamicObject$a_max": [
        0.0,
        0.09166666666666666,
        0.15555555555555556,
        -0.24722222222222223,
        13.880555555555556,
        0.0,
        0.0,
        0.0,
        0.0,
        -10.697222222222223,
        -3.183333333333333,
        0.0,
        0.0,
        0.0
    ],
    "object_VehicleB.AbstractDynamicObject$a_min": [
        0.0,
        0.09166666666666666,
        0.15555555555555556,
        -0.24722222222222223,
        13.880555555555556,
        0.0,
        0.0,
        0.0,
        0.0,
        -10.697222222222223,
        -3.183333333333333,
        0.0,
        0.0,
        0.0
    ],
    "object_VehicleB.AbstractDynamicObject$bb_max_x_max": [
        2.4,
        2.4,
        2.4,
        2.4,
        2.4,
        2.4,
        126.97361111111111,
        2.4,
        43.020833333333336,
        2.4,
        65.45,
        2.4,
        67.05833333333334,
        0.0
    ],
    "object_VehicleB.AbstractDynamicObject$bb_max_x_min": [
        0.0,
        0.004166666666666667,
        0.004166666666666667,
        0.004166666666666667,
        2.4,
        2.4,
        0.0,
        0.0,
        2.4,
        2.4,
        2.4,
        0.004166666666666667,
        0.0,
        0.0
    ],
    "object_VehicleB.AbstractDynamicObject$bb_max_y_max": [
        1.1,
        1.4416666666666667,
        1.1,
        1.1,
        1.1,
        1.1,
        1.45,
        1.1,
        1.4416666666666667,
        1.4458333333333333,
        1.1,
        1.1,
        1.4416666666666667,
        0.0
    ],
    "object_VehicleB.AbstractDynamicObject$bb_max_y_min": [
        0.004166666666666667,
        0.0,
        0.0,
        0.004166666666666667,
        1.1,
        1.1,
        1.1,
        0.004166666666666667,
        1.1,
        1.1,
        1.1,
        0.004166666666666667,
        0.0,
        0.0
    ],
    "object_VehicleB.AbstractDynamicObject$bb_min_x_max": [
        -0.004166666666666667,
        0.0,
        0.0,
        0.0,
        -0.8,
        -0.8,
        -0.004166666666666667,
        -0.8,
        -0.8,
        -0.8,
        2.3958333333333335,
        0.0,
        -0.004166666666666667,
        0.0
    ],
    "object_VehicleB.AbstractDynamicObject$bb_min_x_min": [
        -0.8541666666666666,
        -0.8,
        -0.8,
        -0.8,
        -0.8,
        -0.8,
        -0.8,
        -0.8,
        -0.8,
        -0.8,
        -0.8,
        -0.8083333333333333,
        -0.8,
        0.0
    ],
    "object_VehicleB.AbstractDynamicObject$bb_min_y_max": [
        0.0,
        -0.004166666666666667,
        0.0,
        0.0,
        18.34861111111111,
        -1.1,
        1.0958333333333334,
        0.0,
        -1.1,
        -1.1,
        -1.1,
        0.0,
        -0.004166666666666667,
        0.0
    ],
    "object_VehicleB.AbstractDynamicObject$bb_min_y_min": [
        -1.1,
        -1.1,
        -1.1,
        -1.1,
        -1.1,
        -1.1,
        -1.1083333333333334,
        -1.1041666666666667,
        -1.1,
        -1.1,
        -1.1,
        -1.1,
        -1.1,
        0.0
    ],
    "object_VehicleB.AbstractDynamicObject$length_max": [
        0.0,
        0.0,
        0.0,
        0.0,
        0.0,
        0.0,
        0.0,
        0.0,
        0.0,
        0.0,
        0.0,
        0.0,
        0.0,
        0.0
    ],
    "object_VehicleB.AbstractDynamicObject$length_min": [
        4.8,
        4.8,
        4.8,
        4.8,
        4.8,
        4.8,
        4.8,
        4.8,
        4.8,
        4.8,
        4.8,
        4.8,
        4.8,
        0.0
    ],
    "object_VehicleB.AbstractDynamicObject$v2_max": [
        0.1,
        0.1,
        0.25555555555555554,
        0.008333333333333333,
        13.88888888888889,
        13.88888888888889,
        13.88888888888889,
        13.88888888888889,
        13.88888888888889,
        3.191666666666667,
        0.008333333333333333,
        0.008333333333333333,
        0.008333333333333333,
        0.0
    ],
    "object_VehicleB.AbstractDynamicObject$v2_min": [
        0.008333333333333333,
        0.1,
        0.25555555555555554,
        0.0,
        0.0,
        0.0,
        0.0,
        0.0,
        0.0,
        0.0,
        0.0,
        0.0,
        0.0,
        0.0
    ],
    "object_VehicleB.AbstractDynamicObject$v_max": [
        0.008333333333333333,
        0.008333333333333333,
        0.1,
        13.88888888888889,
        0.008333333333333333,
        13.88888888888889,
        13.88888888888889,
        13.88888888888889,
        13.88888888888889,
        13.88888888888889,
        13.88888888888889,
        0.008333333333333333,
        0.008333333333333333,
        0.0
    ],
    "object_VehicleB.AbstractDynamicObject$v_min": [
        0.008333333333333333,
        0.008333333333333333,
        0.1,
        0.25555555555555554,
        0.008333333333333333,
        13.88888888888889,
        13.88888888888889,
        13.88888888888889,
        13.88888888888889,
        13.88888888888889,
        3.191666666666667,
        0.008333333333333333,
        0.0,
        0.0
    ],
    "object_VehicleB.AbstractDynamicObject$width_max": [
        0.0,
        0.0,
        0.0,
        0.0,
        0.0,
        0.0,
        0.0,
        0.0,
        0.0,
        0.0,
        0.0,
        0.0,
        0.0,
        0.0
    ],
    "object_VehicleB.AbstractDynamicObject$width_min": [
        2.2,
        2.2,
        2.2,
        2.2,
        2.2,
        2.2,
        2.2,
        2.2,
        2.2,
        2.2,
        2.2,
        2.2,
        2.2,
        0.0
    ],
    "object_VehicleB.AbstractDynamicObject$x": [
        3.4125,
        3.404166666666667,
        3.35,
        3.172222222222222,
        3.040277777777778,
        -3.908333333333333,
        -17.79722222222222,
        -31.68611111111111,
        -45.575,
        -59.46388888888889,
        -68.00416666666666,
        -69.60416666666667,
        -69.6125,
        -69.62083333333334
    ],
    "object_VehicleB.AbstractDynamicObject$x2": [
        3.408333333333333,
        3.4,
        3.3,
        3.0444444444444443,
        3.036111111111111,
        -10.852777777777778,
        -24.741666666666667,
        -38.63055555555555,
        -52.519444444444446,
        -66.40833333333333,
        -69.6,
        -69.60833333333333,
        -69.61666666666666,
        -69.625
    ],
    "object_VehicleB.AbstractDynamicObject$y": [
        1.1041666666666667,
        1.1041666666666667,
        1.1041666666666667,
        1.1041666666666667,
        1.1041666666666667,
        1.1041666666666667,
        1.1041666666666667,
        1.1041666666666667,
        1.1041666666666667,
        1.1041666666666667,
        1.1041666666666667,
        1.1041666666666667,
        1.1041666666666667,
        1.1041666666666667
    ],
    "object_VehicleB.AbstractDynamicObject$y2": [
        1.1041666666666667,
        1.1041666666666667,
        1.1041666666666667,
        1.1041666666666667,
        1.1041666666666667,
        1.1041666666666667,
        1.1041666666666667,
        1.1041666666666667,
        1.1041666666666667,
        1.1041666666666667,
        1.1041666666666667,
        1.1041666666666667,
        1.1041666666666667,
        1.1041666666666667
    ],
    "object_VehicleC.AbstractDynamicObject$a_max": [
        0.0875,
        0.004166666666666667,
        1.9958333333333333,
        1.9958333333333333,
        1.9958333333333333,
        1.9958333333333333,
        1.9958333333333333,
        1.9958333333333333,
        0.0,
        1.9958333333333333,
        0.0,
        1.9958333333333333,
        0.0,
        0.0
    ],
    "object_VehicleC.AbstractDynamicObject$a_min": [
        0.0875,
        0.004166666666666667,
        -0.09166666666666666,
        0.0,
        1.028,
        1.9958333333333333,
        1.9958333333333333,
        -5.019666666666667,
        0.0,
        0.0,
        0.0,
        0.0,
        0.0,
        0.0
    ],
    "object_VehicleC.AbstractDynamicObject$bb_max_x_max": [
        0.75,
        0.75,
        0.75,
        0.75,
        0.7541666666666667,
        0.7583333333333333,
        0.7583333333333333,
        0.75,
        0.75,
        0.75,
        0.75,
        0.75,
        0.75,
        0.0
    ],
    "object_VehicleC.AbstractDynamicObject$bb_max_x_min": [
        0.0,
        0.0,
        0.0,
        0.004166666666666667,
        -0.7458333333333333,
        0.0,
        0.0,
        0.004166666666666667,
        -0.7458333333333333,
        0.0,
        -0.7458333333333333,
        0.004166666666666667,
        0.0,
        0.0
    ],
    "object_VehicleC.AbstractDynamicObject$bb_max_y_max": [
        0.82,
        0.8720833333333333,
        0.82,
        0.82,
        0.82,
        0.82,
        7.6275,
        0.82,
        0.82,
        0.8283333333333334,
        0.8366666666666667,
        0.845,
        0.8533333333333334,
        0.0
    ],
    "object_VehicleC.AbstractDynamicObject$bb_max_y_min": [
        0.004166666666666667,
        0.004166666666666667,
        0.004166666666666667,
        0.004166666666666667,
        -2.995833333333333,
        -2.995833333333333,
        -2.995833333333333,
        0.0,
        0.82,
        0.82,
        -2.995833333333333,
        0.004166666666666667,
        0.004166666666666667,
        0.0
    ],
    "object_VehicleC.AbstractDynamicObject$bb_min_x_max": [
        -0.004166666666666667,
        -0.004166666666666667,
        -0.004166666666666667,
        0.0,
        -0.75,
        -0.75,
        -0.004166666666666667,
        0.0,
        -0.75,
        -0.75,
        -0.75,
        0.0,
        -0.004166666666666667,
        0.0
    ],
    "object_VehicleC.AbstractDynamicObject$bb_min_x_min": [
        -0.75,
        -1.7916666666666667,
        -0.75,
        -0.75,
        -0.75,
        -0.75,
        -0.75,
        -0.75,
        -0.75,
        -1.7916666666666667,
        -1.7916666666666667,
        -0.75,
        -1.7916666666666667,
        0.0
    ],
    "object_VehicleC.AbstractDynamicObject$bb_min_y_max": [
        0.0,
        0.0,
        0.0,
        0.0,
        -3.0,
        -3.0,
        -3.0,
        -0.004166666666666667,
        -3.0,
        0.8158333333333333,
        -3.0,
        0.0,
        0.0,
        0.0
    ],
    "object_VehicleC.AbstractDynamicObject$bb_min_y_min": [
        -3.341083333333333,
        -3.2431666666666668,
        -3.0,
        -3.189,
        -3.0,
        -3.0,
        -3.0,
        -3.0,
        -3.033333333333333,
        -3.0,
        -3.0,
        -3.0,
        -3.0,
        0.0
    ],
    "object_VehicleC.AbstractDynamicObject$length_max": [
        0.0,
        0.0,
        0.0,
        0.0,
        0.0,
        0.0,
        0.0,
        0.0,
        0.0,
        0.0,
        0.0,
        0.0,
        0.0,
        0.0
    ],
    "object_VehicleC.AbstractDynamicObject$length_min": [
        1.65,
        1.65,
        1.65,
        1.65,
        1.65,
        1.65,
        1.65,
        1.65,
        1.65,
        1.65,
        1.65,
        1.65,
        1.65,
        0.0
    ],
    "object_VehicleC.AbstractDynamicObject$v2_max": [
        0.09583333333333334,
        0.1,
        0.008333333333333333,
        0.008333333333333333,
        1.0363333333333333,
        3.0321666666666665,
        5.028,
        0.008333333333333333,
        0.008333333333333333,
        0.008333333333333333,
        0.008333333333333333,
        0.008333333333333333,
        0.008333333333333333,
        0.0
    ],
    "object_VehicleC.AbstractDynamicObject$v2_min": [
        0.09583333333333334,
        0.1,
        0.008333333333333333,
        0.008333333333333333,
        1.0363333333333333,
        3.0321666666666665,
        5.028,
        0.008333333333333333,
        0.008333333333333333,
        0.008333333333333333,
        0.0,
        0.0,
        0.0,
        0.0
    ],
    "object_VehicleC.AbstractDynamicObject$v_max": [
        0.008333333333333333,
        0.09583333333333334,
        0.1,
        6.935833333333333,
        0.008333333333333333,
        6.935833333333333,
        6.935833333333333,
        6.935833333333333,
        6.935833333333333,
        0.008333333333333333,
        0.008333333333333333,
        0.008333333333333333,
        6.935833333333333,
        0.0
    ],
    "object_VehicleC.AbstractDynamicObject$v_min": [
        0.008333333333333333,
        0.09583333333333334,
        0.1,
        0.008333333333333333,
        0.008333333333333333,
        1.0363333333333333,
        3.0321666666666665,
        5.028,
        0.008333333333333333,
        0.008333333333333333,
        0.008333333333333333,
        0.008333333333333333,
        0.008333333333333333,
        0.0
    ],
    "object_VehicleC.AbstractDynamicObject$width_max": [
        0.0,
        0.0,
        0.0,
        0.0,
        0.0,
        0.0,
        0.0,
        0.0,
        0.0,
        0.0,
        0.0,
        0.0,
        0.0,
        0.0
    ],
    "object_VehicleC.AbstractDynamicObject$width_min": [
        1.5,
        1.5,
        1.5,
        1.5,
        1.5,
        1.5,
        1.5,
        1.5,
        1.5,
        1.5,
        1.5,
        1.5,
        1.5,
        0.0
    ],
    "object_VehicleC.AbstractDynamicObject$x": [
        -0.7541666666666667,
        -0.7541666666666667,
        -0.7541666666666667,
        -0.7541666666666667,
        -0.7541666666666667,
        -0.7541666666666667,
        -0.7541666666666667,
        -0.7541666666666667,
        -0.7541666666666667,
        -0.7541666666666667,
        -0.7541666666666667,
        -0.7541666666666667,
        -0.7541666666666667,
        -0.7541666666666667
    ],
    "object_VehicleC.AbstractDynamicObject$x2": [
        -0.7541666666666667,
        -0.7541666666666667,
        -0.7541666666666667,
        -0.7541666666666667,
        -0.7541666666666667,
        -0.7541666666666667,
        -0.7541666666666667,
        -0.7541666666666667,
        -0.7541666666666667,
        -0.7541666666666667,
        -0.7541666666666667,
        -0.7541666666666667,
        -0.7541666666666667,
        -0.7541666666666667
    ],
    "object_VehicleC.AbstractDynamicObject$y": [
        5.9431666666666665,
        5.8910833333333334,
        5.793166666666667,
        5.739,
        5.730666666666667,
        5.208333333333333,
        3.1740833333333334,
        -0.856,
        -3.3741666666666665,
        -3.3825,
        -3.390833333333333,
        -3.3991666666666664,
        -3.4075,
        -3.4158333333333335
    ],
    "object_VehicleC.AbstractDynamicObject$y2": [
        5.939,
        5.843166666666667,
        5.743166666666666,
        5.7348333333333334,
        5.7265,
        4.690166666666666,
        1.658,
        -3.37,
        -3.3783333333333334,
        -3.3866666666666667,
        -3.395,
        -3.4033333333333333,
        -3.4116666666666666,
        -3.42
    ]
}