{
    "time": [
        0,
        1.0,
        2.0,
        3.0,
        4.0,
        5.0,
        6.0,
        7.0,
        8.0,
        9.0,
        10.0,
        11.0,
        12.0,
        13.0,
        14.0
    ],
    "object_EEELane.AbstractStaticDirectionalObject$direction": [
        0.0
    ],
    "object_EEELane.AbstractStaticHeadingObject$heading": [
        0.0
    ],
    "object_EEELane.AbstractStaticObject$length": [
        88.67291666666667
    ],
    "object_EEELane.AbstractStaticObject$width": [
        2.55
    ],
    "object_EEELane.AbstractStaticObject$x": [
        2.55
    ],
    "object_EEELane.AbstractStaticObject$y": [
        -1.275
    ],
    "object_ERoad.AbstractStaticHeadingObject$heading": [
        0.0
    ],
    "object_ERoad.AbstractStaticObject$length": [
        88.67291666666667
    ],
    "object_ERoad.AbstractStaticObject$width": [
        5.1
    ],
    "object_ERoad.AbstractStaticObject$x": [
        2.55
    ],
    "object_ERoad.AbstractStaticObject$y": [
        0.0
    ],
    "object_EWWLane.AbstractStaticDirectionalObject$direction": [
        3.1415926535
    ],
    "object_EWWLane.AbstractStaticHeadingObject$heading": [
        3.1415926535
    ],
    "object_EWWLane.AbstractStaticObject$length": [
        88.67291666666667
    ],
    "object_EWWLane.AbstractStaticObject$width": [
        2.55
    ],
    "object_EWWLane.AbstractStaticObject$x": [
        91.22291666666666
    ],
    "object_EWWLane.AbstractStaticObject$y": [
        1.275
    ],
    "object_Junction.AbstractStaticObject$length": [
        5.1
    ],
    "object_Junction.AbstractStaticObject$width": [
        5.1
    ],
    "object_Junction.AbstractStaticObject$x": [
        0.0
    ],
    "object_Junction.AbstractStaticObject$y": [
        0.0
    ],
    "object_NNNLane.AbstractStaticDirectionalObject$direction": [
        1.5707963267
    ],
    "object_NNNLane.AbstractStaticHeadingObject$heading": [
        1.5707963267
    ],
    "object_NNNLane.AbstractStaticObject$length": [
        10.76375
    ],
    "object_NNNLane.AbstractStaticObject$width": [
        2.55
    ],
    "object_NNNLane.AbstractStaticObject$x": [
        1.275
    ],
    "object_NNNLane.AbstractStaticObject$y": [
        2.55
    ],
    "object_NRoad.AbstractStaticHeadingObject$heading": [
        1.5707963267
    ],
    "object_NRoad.AbstractStaticObject$length": [
        10.76375
    ],
    "object_NRoad.AbstractStaticObject$width": [
        5.1
    ],
    "object_NRoad.AbstractStaticObject$x": [
        0.0
    ],
    "object_NRoad.AbstractStaticObject$y": [
        2.55
    ],
    "object_NSSLane.AbstractStaticDirectionalObject$direction": [
        4.7123889803
    ],
    "object_NSSLane.AbstractStaticHeadingObject$heading": [
        4.7123889803
    ],
    "object_NSSLane.AbstractStaticObject$length": [
        10.76375
    ],
    "object_NSSLane.AbstractStaticObject$width": [
        2.55
    ],
    "object_NSSLane.AbstractStaticObject$x": [
        -1.275
    ],
    "object_NSSLane.AbstractStaticObject$y": [
        13.31375
    ],
    "object_SNNLane.AbstractStaticDirectionalObject$direction": [
        1.5707963267
    ],
    "object_SNNLane.AbstractStaticHeadingObject$heading": [
        1.5707963267
    ],
    "object_SNNLane.AbstractStaticObject$length": [
        7.337916666666667
    ],
    "object_SNNLane.AbstractStaticObject$width": [
        2.55
    ],
    "object_SNNLane.AbstractStaticObject$x": [
        1.275
    ],
    "object_SNNLane.AbstractStaticObject$y": [
        -9.887916666666667
    ],
    "object_SRoad.AbstractStaticHeadingObject$heading": [
        4.7123889803
    ],
    "object_SRoad.AbstractStaticObject$length": [
        7.337916666666667
    ],
    "object_SRoad.AbstractStaticObject$width": [
        5.1
    ],
    "object_SRoad.AbstractStaticObject$x": [
        0.0
    ],
    "object_SRoad.AbstractStaticObject$y": [
        -2.55
    ],
    "object_SSSLane.AbstractStaticDirectionalObject$direction": [
        4.7123889803
    ],
    "object_SSSLane.AbstractStaticHeadingObject$heading": [
        4.7123889803
    ],
    "object_SSSLane.AbstractStaticObject$length": [
        7.337916666666667
    ],
    "object_SSSLane.AbstractStaticObject$width": [
        2.55
    ],
    "object_SSSLane.AbstractStaticObject$x": [
        -1.275
    ],
    "object_SSSLane.AbstractStaticObject$y": [
        -2.55
    ],
    "object_WEELane.AbstractStaticDirectionalObject$direction": [
        0.0
    ],
    "object_WEELane.AbstractStaticHeadingObject$heading": [
        0.0
    ],
    "object_WEELane.AbstractStaticObject$length": [
        71.93125
    ],
    "object_WEELane.AbstractStaticObject$width": [
        2.55
    ],
    "object_WEELane.AbstractStaticObject$x": [
        -74.48125
    ],
    "object_WEELane.AbstractStaticObject$y": [
        -1.275
    ],
    "object_WRoad.AbstractStaticHeadingObject$heading": [
        3.1415926535
    ],
    "object_WRoad.AbstractStaticObject$length": [
        71.93125
    ],
    "object_WRoad.AbstractStaticObject$width": [
        5.1
    ],
    "object_WRoad.AbstractStaticObject$x": [
        -2.55
    ],
    "object_WRoad.AbstractStaticObject$y": [
        0.0
    ],
    "object_WWWLane.AbstractStaticDirectionalObject$direction": [
        3.1415926535
    ],
    "object_WWWLane.AbstractStaticHeadingObject$heading": [
        3.1415926535
    ],
    "object_WWWLane.AbstractStaticObject$length": [
        71.93125
    ],
    "object_WWWLane.AbstractStaticObject$width": [
        2.55
    ],
    "object_WWWLane.AbstractStaticObject$x": [
        -2.55
    ],
    "object_WWWLane.AbstractStaticObject$y": [
        1.275
    ],
    "object_World.World$occlusion_distance": [
        0.004166666666666667
    ],
    "object_World.World$occlusion_epsilon": [
        0.0
    ],
    "object_VehicleA.AbstractDynamicObject$a_max": [
        0.0,
        0.0,
        0.0,
        0.0,
        0.0,
        0.0,
        0.0,
        0.0,
        0.0,
        0.0,
        0.0,
        0.0,
        0.0,
        0.0
    ],
    "object_VehicleA.AbstractDynamicObject$a_min": [
        0.0,
        0.0,
        0.0,
        0.0,
        0.0,
        0.0,
        0.0,
        0.0,
        0.0,
        0.0,
        0.0,
        0.0,
        0.0,
        0.0
    ],
    "object_VehicleA.AbstractDynamicObject$bb_max_x_max": [
        0.8,
        44.52708333333333,
        32.02708333333333,
        0.8,
        0.8,
        0.8,
        0.8,
        0.8,
        0.8,
        0.8,
        0.8,
        13.3,
        0.8,
        0.0
    ],
    "object_VehicleA.AbstractDynamicObject$bb_max_x_min": [
        0.0,
        0.0,
        0.0,
        0.0,
        0.8,
        0.8,
        0.8,
        0.8,
        0.8,
        0.8,
        0.8,
        0.0,
        0.0,
        0.0
    ],
    "object_VehicleA.AbstractDynamicObject$bb_max_y_max": [
        1.1,
        1.1,
        1.1,
        1.1,
        1.1,
        1.1,
        1.1,
        1.1,
        1.1083333333333334,
        1.1,
        1.1,
        1.1,
        1.1,
        0.0
    ],
    "object_VehicleA.AbstractDynamicObject$bb_max_y_min": [
        0.004166666666666667,
        0.0,
        0.0,
        0.0,
        1.1,
        1.1,
        1.1,
        1.1,
        1.1,
        1.1,
        1.1,
        0.004166666666666667,
        0.004166666666666667,
        0.0
    ],
    "object_VehicleA.AbstractDynamicObject$bb_min_x_max": [
        -0.004166666666666667,
        -0.004166666666666667,
        -0.004166666666666667,
        -0.004166666666666667,
        0.7958333333333333,
        0.7958333333333333,
        0.7958333333333333,
        0.7958333333333333,
        0.7958333333333333,
        -2.4,
        0.7958333333333333,
        -0.004166666666666667,
        -0.004166666666666667,
        0.0
    ],
    "object_VehicleA.AbstractDynamicObject$bb_min_x_min": [
        -2.4,
        -14.9,
        -27.4,
        -2.4,
        -2.4,
        -2.4,
        -2.4,
        -12.86875,
        -2.4,
        -2.4,
        -50.36875,
        -2.4,
        -75.36875,
        0.0
    ],
    "object_VehicleA.AbstractDynamicObject$bb_min_y_max": [
        0.0,
        -0.004166666666666667,
        -0.004166666666666667,
        -0.004166666666666667,
        1.0958333333333334,
        -1.1,
        1.0958333333333334,
        1.0958333333333334,
        -1.1,
        1.0958333333333334,
        1.0958333333333334,
        0.0,
        0.0,
        0.0
    ],
    "object_VehicleA.AbstractDynamicObject$bb_min_y_min": [
        -1.1,
        -1.4416666666666667,
        -1.4416666666666667,
        -1.4458333333333333,
        -1.4416666666666667,
        -1.45,
        -1.4416666666666667,
        -1.4416666666666667,
        -1.4416666666666667,
        -1.4416666666666667,
        -1.1,
        -1.4416666666666667,
        -1.1,
        0.0
    ],
    "object_VehicleA.AbstractDynamicObject$length_max": [
        0.0,
        0.0,
        0.0,
        0.0,
        0.0,
        0.0,
        0.0,
        0.0,
        0.0,
        0.0,
        0.0,
        0.0,
        0.0,
        0.0
    ],
    "object_VehicleA.AbstractDynamicObject$length_min": [
        4.8,
        4.8,
        4.8,
        4.8,
        4.8,
        4.8,
        4.8,
        4.8,
        4.8,
        4.8,
        4.8,
        4.8,
        4.8,
        0.0
    ],
    "object_VehicleA.AbstractDynamicObject$v2_max": [
        12.5,
        12.5,
        12.5,
        12.5,
        12.5,
        12.5,
        12.5,
        12.5,
        12.5,
        12.5,
        12.5,
        12.5,
        12.5,
        0.0
    ],
    "object_VehicleA.AbstractDynamicObject$v2_min": [
        12.5,
        12.5,
        12.5,
        12.5,
        12.5,
        12.5,
        12.5,
        12.5,
        12.5,
        12.5,
        12.5,
        12.5,
        12.5,
        0.0
    ],
    "object_VehicleA.AbstractDynamicObject$v_max": [
        12.5,
        12.5,
        12.5,
        12.5,
        12.5,
        12.5,
        12.5,
        12.5,
        12.5,
        12.5,
        12.5,
        12.5,
        12.5,
        0.0
    ],
    "object_VehicleA.AbstractDynamicObject$v_min": [
        12.5,
        12.5,
        12.5,
        12.5,
        12.5,
        12.5,
        12.5,
        12.5,
        12.5,
        12.5,
        12.5,
        12.5,
        12.5,
        0.0
    ],
    "object_VehicleA.AbstractDynamicObject$width_max": [
        0.0,
        0.0,
        0.0,
        0.0,
        0.0,
        0.0,
        0.0,
        0.0,
        0.0,
        0.0,
        0.0,
        0.0,
        0.0,
        0.0
    ],
    "object_VehicleA.AbstractDynamicObject$width_min": [
        2.2,
        2.2,
        2.2,
        2.2,
        2.2,
        2.2,
        2.2,
        2.2,
        2.2,
        2.2,
        2.2,
        2.2,
        2.2,
        0.0
    ],
    "object_VehicleA.AbstractDynamicObject$x": [
        -72.07708333333333,
        -59.577083333333334,
        -47.077083333333334,
        -34.577083333333334,
        -22.077083333333334,
        -9.577083333333333,
        2.9229166666666666,
        15.422916666666667,
        27.922916666666666,
        40.422916666666666,
        52.922916666666666,
        65.42291666666667,
        77.92291666666667,
        90.42291666666667
    ],
    "object_VehicleA.AbstractDynamicObject$x2": [
        -65.82708333333333,
        -53.327083333333334,
        -40.827083333333334,
        -28.327083333333334,
        -15.827083333333333,
        -3.3270833333333334,
        9.172916666666667,
        21.672916666666666,
        34.172916666666666,
        46.672916666666666,
        59.172916666666666,
        71.67291666666667,
        84.17291666666667,
        96.67291666666667
    ],
    "object_VehicleA.AbstractDynamicObject$y": [
        -1.1041666666666667,
        -1.1041666666666667,
        -1.1041666666666667,
        -1.1041666666666667,
        -1.1041666666666667,
        -1.1041666666666667,
        -1.1041666666666667,
        -1.1041666666666667,
        -1.1041666666666667,
        -1.1041666666666667,
        -1.1041666666666667,
        -1.1041666666666667,
        -1.1041666666666667,
        -1.1041666666666667
    ],
    "object_VehicleA.AbstractDynamicObject$y2": [
        -1.1041666666666667,
        -1.1041666666666667,
        -1.1041666666666667,
        -1.1041666666666667,
        -1.1041666666666667,
        -1.1041666666666667,
        -1.1041666666666667,
        -1.1041666666666667,
        -1.1041666666666667,
        -1.1041666666666667,
        -1.1041666666666667,
        -1.1041666666666667,
        -1.1041666666666667,
        -1.1041666666666667
    ],
    "object_VehicleB.AbstractDynamicObject$a_max": [
        0.0,
        0.0,
        0.0,
        4.020138888888889,
        9.860416666666667,
        0.0,
        0.0,
        0.0,
        -13.880555555555556,
        0.0,
        0.0,
        0.0,
        0.0,
        0.0
    ],
    "object_VehicleB.AbstractDynamicObject$a_min": [
        0.0,
        0.0,
        0.0,
        4.020138888888889,
        9.860416666666667,
        0.0,
        0.0,
        0.0,
        -13.880555555555556,
        0.0,
        0.0,
        0.0,
        0.0,
        0.0
    ],
    "object_VehicleB.AbstractDynamicObject$bb_max_x_max": [
        2.4,
        87.85208333333334,
        87.86041666666667,
        2.4,
        2.4,
        2.4,
        2.4,
        32.85069444444444,
        2.4,
        2.4,
        2.4,
        53.704861111111114,
        53.71319444444445,
        0.0
    ],
    "object_VehicleB.AbstractDynamicObject$bb_max_x_min": [
        0.0,
        0.004166666666666667,
        0.004166666666666667,
        0.004166666666666667,
        2.4,
        2.4,
        2.4,
        2.4,
        2.4,
        2.4,
        2.4,
        0.004166666666666667,
        0.0,
        0.0
    ],
    "object_VehicleB.AbstractDynamicObject$bb_max_y_max": [
        1.1,
        1.1,
        1.1,
        1.1,
        1.1,
        1.1,
        1.1,
        1.1,
        1.1,
        1.1,
        1.1041666666666667,
        1.1,
        1.1,
        0.0
    ],
    "object_VehicleB.AbstractDynamicObject$bb_max_y_min": [
        0.004166666666666667,
        0.0,
        0.0,
        0.004166666666666667,
        1.1,
        1.1,
        1.1,
        1.1,
        1.1,
        1.1,
        1.1,
        0.004166666666666667,
        0.0,
        0.0
    ],
    "object_VehicleB.AbstractDynamicObject$bb_min_x_max": [
        -0.004166666666666667,
        0.0,
        0.0,
        0.0,
        -0.8,
        -0.8,
        -0.8,
        -0.8,
        -0.8,
        -0.8,
        -0.8,
        0.0,
        -0.004166666666666667,
        0.0
    ],
    "object_VehicleB.AbstractDynamicObject$bb_min_x_min": [
        -0.8166666666666667,
        -0.8083333333333333,
        -0.8,
        -0.8,
        -0.8,
        -0.8,
        -0.8,
        -0.8,
        -0.8,
        -18.230555555555554,
        -0.8,
        -0.8,
        -18.205555555555556,
        0.0
    ],
    "object_VehicleB.AbstractDynamicObject$bb_min_y_max": [
        0.0,
        -0.004166666666666667,
        -0.004166666666666667,
        0.0,
        1.0958333333333334,
        -1.1,
        -1.1,
        -1.1,
        -1.1,
        -1.1,
        -1.1,
        0.0,
        -0.004166666666666667,
        0.0
    ],
    "object_VehicleB.AbstractDynamicObject$bb_min_y_min": [
        -1.4416666666666667,
        -1.4416666666666667,
        -1.4416666666666667,
        -1.1,
        -1.4416666666666667,
        -1.1,
        -1.1,
        -1.1,
        -1.1,
        -1.45,
        -1.4416666666666667,
        -1.4416666666666667,
        -1.4416666666666667,
        0.0
    ],
    "object_VehicleB.AbstractDynamicObject$length_max": [
        0.0,
        0.0,
        0.0,
        0.0,
        0.0,
        0.0,
        0.0,
        0.0,
        0.0,
        0.0,
        0.0,
        0.0,
        0.0,
        0.0
    ],
    "object_VehicleB.AbstractDynamicObject$length_min": [
        4.8,
        4.8,
        4.8,
        4.8,
        4.8,
        4.8,
        4.8,
        4.8,
        4.8,
        4.8,
        4.8,
        4.8,
        4.8,
        0.0
    ],
    "object_VehicleB.AbstractDynamicObject$v2_max": [
        0.1,
        0.1,
        0.1,
        13.88888888888889,
        13.88888888888889,
        13.88888888888889,
        13.88888888888889,
        13.88888888888889,
        0.008333333333333333,
        0.008333333333333333,
        0.008333333333333333,
        0.008333333333333333,
        0.008333333333333333,
        0.0
    ],
    "object_VehicleB.AbstractDynamicObject$v2_min": [
        0.008333333333333333,
        0.008333333333333333,
        0.008333333333333333,
        0.0,
        0.0,
        0.0,
        0.0,
        0.0,
        0.0,
        0.0,
        0.0,
        0.0,
        0.0,
        0.0
    ],
    "object_VehicleB.AbstractDynamicObject$v_max": [
        0.008333333333333333,
        0.008333333333333333,
        0.008333333333333333,
        0.008333333333333333,
        4.028472222222222,
        13.88888888888889,
        13.88888888888889,
        13.88888888888889,
        13.88888888888889,
        0.008333333333333333,
        0.008333333333333333,
        0.008333333333333333,
        0.008333333333333333,
        0.0
    ],
    "object_VehicleB.AbstractDynamicObject$v_min": [
        0.008333333333333333,
        0.008333333333333333,
        0.008333333333333333,
        0.008333333333333333,
        4.028472222222222,
        13.88888888888889,
        13.88888888888889,
        13.88888888888889,
        13.88888888888889,
        0.008333333333333333,
        0.008333333333333333,
        0.008333333333333333,
        0.008333333333333333,
        0.0
    ],
    "object_VehicleB.AbstractDynamicObject$width_max": [
        0.0,
        0.0,
        0.0,
        0.0,
        0.0,
        0.0,
        0.0,
        0.0,
        0.0,
        0.0,
        0.0,
        0.0,
        0.0,
        0.0
    ],
    "object_VehicleB.AbstractDynamicObject$width_min": [
        2.2,
        2.2,
        2.2,
        2.2,
        2.2,
        2.2,
        2.2,
        2.2,
        2.2,
        2.2,
        2.2,
        2.2,
        2.2,
        0.0
    ],
    "object_VehicleB.AbstractDynamicObject$x": [
        3.375,
        3.3666666666666667,
        3.3583333333333334,
        3.35,
        1.3315972222222223,
        -7.627083333333333,
        -21.51597222222222,
        -35.40486111111111,
        -49.29375,
        -56.24236111111111,
        -56.25069444444444,
        -56.259027777777774,
        -56.267361111111114,
        -56.27569444444445
    ],
    "object_VehicleB.AbstractDynamicObject$x2": [
        3.370833333333333,
        3.3625,
        3.3541666666666665,
        3.345833333333333,
        -0.6826388888888889,
        -14.571527777777778,
        -28.460416666666667,
        -42.34930555555555,
        -56.238194444444446,
        -56.24652777777778,
        -56.25486111111111,
        -56.263194444444444,
        -56.27152777777778,
        -56.27986111111111
    ],
    "object_VehicleB.AbstractDynamicObject$y": [
        1.4458333333333333,
        1.4458333333333333,
        1.4458333333333333,
        1.4458333333333333,
        1.4458333333333333,
        1.4458333333333333,
        1.4458333333333333,
        1.4458333333333333,
        1.4458333333333333,
        1.4458333333333333,
        1.4458333333333333,
        1.4458333333333333,
        1.4458333333333333,
        1.4458333333333333
    ],
    "object_VehicleB.AbstractDynamicObject$y2": [
        1.4458333333333333,
        1.4458333333333333,
        1.4458333333333333,
        1.4458333333333333,
        1.4458333333333333,
        1.4458333333333333,
        1.4458333333333333,
        1.4458333333333333,
        1.4458333333333333,
        1.4458333333333333,
        1.4458333333333333,
        1.4458333333333333,
        1.4458333333333333,
        1.4458333333333333
    ],
    "object_VehicleC.AbstractDynamicObject$a_max": [
        0.0,
        0.0,
        0.09166666666666666,
        1.9958333333333333,
        1.9958333333333333,
        1.9958333333333333,
        1.9958333333333333,
        -6.9275,
        0.0,
        1.9958333333333333,
        1.9958333333333333,
        0.0,
        0.0,
        0.0
    ],
    "object_VehicleC.AbstractDynamicObject$a_min": [
        0.0,
        0.0,
        0.09166666666666666,
        1.9958333333333333,
        1.9958333333333333,
        1.9958333333333333,
        0.8483333333333334,
        -6.9275,
        0.0,
        0.0,
        0.0,
        0.0,
        0.0,
        0.0
    ],
    "object_VehicleC.AbstractDynamicObject$bb_max_x_max": [
        1.7916666666666667,
        1.7916666666666667,
        1.7916666666666667,
        0.75,
        1.7916666666666667,
        1.7916666666666667,
        1.7916666666666667,
        1.7916666666666667,
        1.7916666666666667,
        1.7916666666666667,
        0.75,
        1.7916666666666667,
        1.7916666666666667,
        0.0
    ],
    "object_VehicleC.AbstractDynamicObject$bb_max_x_min": [
        0.0,
        0.0,
        0.0,
        0.004166666666666667,
        -0.7458333333333333,
        0.75,
        -0.7458333333333333,
        -0.7458333333333333,
        -0.7458333333333333,
        0.0,
        -0.7458333333333333,
        0.004166666666666667,
        0.0,
        0.0
    ],
    "object_VehicleC.AbstractDynamicObject$bb_max_y_max": [
        0.82,
        0.8283333333333334,
        0.8366666666666667,
        0.82,
        0.82,
        0.82,
        0.82,
        0.82,
        0.82,
        0.82,
        4.30875,
        4.317083333333334,
        4.3254166666666665,
        0.0
    ],
    "object_VehicleC.AbstractDynamicObject$bb_max_y_min": [
        0.004166666666666667,
        0.004166666666666667,
        0.004166666666666667,
        0.004166666666666667,
        -2.995833333333333,
        -2.995833333333333,
        -2.995833333333333,
        0.0,
        0.82,
        0.82,
        -2.995833333333333,
        0.004166666666666667,
        0.004166666666666667,
        0.0
    ],
    "object_VehicleC.AbstractDynamicObject$bb_min_x_max": [
        -0.004166666666666667,
        -0.004166666666666667,
        -0.004166666666666667,
        0.0,
        -0.75,
        -0.75,
        -0.75,
        -0.75,
        -0.75,
        -0.75,
        -0.75,
        0.0,
        -0.004166666666666667,
        0.0
    ],
    "object_VehicleC.AbstractDynamicObject$bb_min_x_min": [
        -0.75,
        -0.75,
        -0.75,
        -0.75,
        -0.75,
        -0.75,
        -0.75,
        -0.75,
        -0.75,
        -0.75,
        -0.75,
        -0.75,
        -0.75,
        0.0
    ],
    "object_VehicleC.AbstractDynamicObject$bb_min_y_max": [
        0.0,
        0.0,
        0.0,
        0.0,
        -3.0,
        -3.0,
        -3.0,
        -3.0,
        -3.0,
        -3.0,
        -3.0,
        0.0,
        0.0,
        0.0
    ],
    "object_VehicleC.AbstractDynamicObject$bb_min_y_min": [
        -9.93125,
        -9.922916666666667,
        -9.86875,
        -3.0,
        -3.0,
        -3.0,
        -6.517916666666666,
        -3.0,
        -3.0,
        -3.0,
        -3.0,
        -3.0,
        -3.0,
        0.0
    ],
    "object_VehicleC.AbstractDynamicObject$length_max": [
        0.0,
        0.0,
        0.0,
        0.0,
        0.0,
        0.0,
        0.0,
        0.0,
        0.0,
        0.0,
        0.0,
        0.0,
        0.0,
        0.0
    ],
    "object_VehicleC.AbstractDynamicObject$length_min": [
        1.65,
        1.65,
        1.65,
        1.65,
        1.65,
        1.65,
        1.65,
        1.65,
        1.65,
        1.65,
        1.65,
        1.65,
        1.65,
        0.0
    ],
    "object_VehicleC.AbstractDynamicObject$v2_max": [
        0.008333333333333333,
        0.008333333333333333,
        0.1,
        6.94,
        4.091666666666667,
        6.0875,
        6.935833333333333,
        0.1,
        0.008333333333333333,
        0.008333333333333333,
        0.008333333333333333,
        0.008333333333333333,
        0.008333333333333333,
        0.0
    ],
    "object_VehicleC.AbstractDynamicObject$v2_min": [
        0.008333333333333333,
        0.008333333333333333,
        0.1,
        2.095833333333333,
        4.091666666666667,
        6.0875,
        6.935833333333333,
        0.008333333333333333,
        0.008333333333333333,
        0.008333333333333333,
        0.0,
        0.0,
        0.0,
        0.0
    ],
    "object_VehicleC.AbstractDynamicObject$v_max": [
        0.008333333333333333,
        0.09583333333333334,
        0.008333333333333333,
        0.1,
        2.095833333333333,
        4.091666666666667,
        6.0875,
        6.935833333333333,
        0.008333333333333333,
        6.935833333333333,
        0.008333333333333333,
        0.008333333333333333,
        6.935833333333333,
        0.0
    ],
    "object_VehicleC.AbstractDynamicObject$v_min": [
        0.008333333333333333,
        0.008333333333333333,
        0.008333333333333333,
        0.1,
        2.095833333333333,
        4.091666666666667,
        6.0875,
        6.935833333333333,
        0.008333333333333333,
        0.008333333333333333,
        0.008333333333333333,
        0.008333333333333333,
        0.008333333333333333,
        0.0
    ],
    "object_VehicleC.AbstractDynamicObject$width_max": [
        0.0,
        0.0,
        0.0,
        0.0,
        0.0,
        0.0,
        0.0,
        0.0,
        0.0,
        0.0,
        0.0,
        0.0,
        0.0,
        0.0
    ],
    "object_VehicleC.AbstractDynamicObject$width_min": [
        1.5,
        1.5,
        1.5,
        1.5,
        1.5,
        1.5,
        1.5,
        1.5,
        1.5,
        1.5,
        1.5,
        1.5,
        1.5,
        0.0
    ],
    "object_VehicleC.AbstractDynamicObject$x": [
        -1.7958333333333334,
        -1.7958333333333334,
        -1.7958333333333334,
        -1.7958333333333334,
        -1.7958333333333334,
        -1.7958333333333334,
        -1.7958333333333334,
        -1.7958333333333334,
        -1.7958333333333334,
        -1.7958333333333334,
        -1.7958333333333334,
        -1.7958333333333334,
        -1.7958333333333334,
        -1.7958333333333334
    ],
    "object_VehicleC.AbstractDynamicObject$x2": [
        -1.7958333333333334,
        -1.7958333333333334,
        -1.7958333333333334,
        -1.7958333333333334,
        -1.7958333333333334,
        -1.7958333333333334,
        -1.7958333333333334,
        -1.7958333333333334,
        -1.7958333333333334,
        -1.7958333333333334,
        -1.7958333333333334,
        -1.7958333333333334,
        -1.7958333333333334,
        -1.7958333333333334
    ],
    "object_VehicleC.AbstractDynamicObject$y": [
        12.489583333333334,
        12.48125,
        12.472916666666666,
        12.41875,
        11.320833333333333,
        8.227083333333333,
        3.1375,
        -3.3741666666666665,
        -6.84625,
        -6.854583333333333,
        -6.862916666666667,
        -6.87125,
        -6.879583333333334,
        -6.8879166666666665
    ],
    "object_VehicleC.AbstractDynamicObject$y2": [
        12.485416666666667,
        12.477083333333333,
        12.46875,
        12.36875,
        10.272916666666667,
        6.18125,
        0.09375,
        -6.842083333333333,
        -6.850416666666667,
        -6.85875,
        -6.867083333333333,
        -6.875416666666666,
        -6.88375,
        -6.892083333333333
    ]
}