{
    "time": [
        0,
        1.0,
        2.0,
        3.0,
        4.0,
        5.0,
        6.0,
        7.0,
        8.0,
        9.0,
        10.0,
        11.0,
        12.0,
        13.0,
        14.0
    ],
    "object_EEELane.AbstractStaticDirectionalObject$direction": [
        0.0
    ],
    "object_EEELane.AbstractStaticHeadingObject$heading": [
        0.0
    ],
    "object_EEELane.AbstractStaticObject$length": [
        55.21666666666667
    ],
    "object_EEELane.AbstractStaticObject$width": [
        2.55
    ],
    "object_EEELane.AbstractStaticObject$x": [
        2.55
    ],
    "object_EEELane.AbstractStaticObject$y": [
        -1.275
    ],
    "object_ERoad.AbstractStaticHeadingObject$heading": [
        0.0
    ],
    "object_ERoad.AbstractStaticObject$length": [
        55.21666666666667
    ],
    "object_ERoad.AbstractStaticObject$width": [
        5.1
    ],
    "object_ERoad.AbstractStaticObject$x": [
        2.55
    ],
    "object_ERoad.AbstractStaticObject$y": [
        0.0
    ],
    "object_EWWLane.AbstractStaticDirectionalObject$direction": [
        3.1415926535
    ],
    "object_EWWLane.AbstractStaticHeadingObject$heading": [
        3.1415926535
    ],
    "object_EWWLane.AbstractStaticObject$length": [
        55.21666666666667
    ],
    "object_EWWLane.AbstractStaticObject$width": [
        2.55
    ],
    "object_EWWLane.AbstractStaticObject$x": [
        57.766666666666666
    ],
    "object_EWWLane.AbstractStaticObject$y": [
        1.275
    ],
    "object_Junction.AbstractStaticObject$length": [
        5.1
    ],
    "object_Junction.AbstractStaticObject$width": [
        5.1
    ],
    "object_Junction.AbstractStaticObject$x": [
        0.0
    ],
    "object_Junction.AbstractStaticObject$y": [
        0.0
    ],
    "object_NNNLane.AbstractStaticDirectionalObject$direction": [
        1.5707963267
    ],
    "object_NNNLane.AbstractStaticHeadingObject$heading": [
        1.5707963267
    ],
    "object_NNNLane.AbstractStaticObject$length": [
        7.895
    ],
    "object_NNNLane.AbstractStaticObject$width": [
        2.55
    ],
    "object_NNNLane.AbstractStaticObject$x": [
        1.275
    ],
    "object_NNNLane.AbstractStaticObject$y": [
        2.55
    ],
    "object_NRoad.AbstractStaticHeadingObject$heading": [
        1.5707963267
    ],
    "object_NRoad.AbstractStaticObject$length": [
        7.895
    ],
    "object_NRoad.AbstractStaticObject$width": [
        5.1
    ],
    "object_NRoad.AbstractStaticObject$x": [
        0.0
    ],
    "object_NRoad.AbstractStaticObject$y": [
        2.55
    ],
    "object_NSSLane.AbstractStaticDirectionalObject$direction": [
        4.7123889803
    ],
    "object_NSSLane.AbstractStaticHeadingObject$heading": [
        4.7123889803
    ],
    "object_NSSLane.AbstractStaticObject$length": [
        7.895
    ],
    "object_NSSLane.AbstractStaticObject$width": [
        2.55
    ],
    "object_NSSLane.AbstractStaticObject$x": [
        -1.275
    ],
    "object_NSSLane.AbstractStaticObject$y": [
        10.445
    ],
    "object_SNNLane.AbstractStaticDirectionalObject$direction": [
        1.5707963267
    ],
    "object_SNNLane.AbstractStaticHeadingObject$heading": [
        1.5707963267
    ],
    "object_SNNLane.AbstractStaticObject$length": [
        12.203333333333333
    ],
    "object_SNNLane.AbstractStaticObject$width": [
        2.55
    ],
    "object_SNNLane.AbstractStaticObject$x": [
        1.275
    ],
    "object_SNNLane.AbstractStaticObject$y": [
        -14.753333333333334
    ],
    "object_SRoad.AbstractStaticHeadingObject$heading": [
        4.7123889803
    ],
    "object_SRoad.AbstractStaticObject$length": [
        12.203333333333333
    ],
    "object_SRoad.AbstractStaticObject$width": [
        5.1
    ],
    "object_SRoad.AbstractStaticObject$x": [
        0.0
    ],
    "object_SRoad.AbstractStaticObject$y": [
        -2.55
    ],
    "object_SSSLane.AbstractStaticDirectionalObject$direction": [
        4.7123889803
    ],
    "object_SSSLane.AbstractStaticHeadingObject$heading": [
        4.7123889803
    ],
    "object_SSSLane.AbstractStaticObject$length": [
        12.203333333333333
    ],
    "object_SSSLane.AbstractStaticObject$width": [
        2.55
    ],
    "object_SSSLane.AbstractStaticObject$x": [
        -1.275
    ],
    "object_SSSLane.AbstractStaticObject$y": [
        -2.55
    ],
    "object_WEELane.AbstractStaticDirectionalObject$direction": [
        0.0
    ],
    "object_WEELane.AbstractStaticHeadingObject$heading": [
        0.0
    ],
    "object_WEELane.AbstractStaticObject$length": [
        105.39166666666667
    ],
    "object_WEELane.AbstractStaticObject$width": [
        2.55
    ],
    "object_WEELane.AbstractStaticObject$x": [
        -107.94166666666666
    ],
    "object_WEELane.AbstractStaticObject$y": [
        -1.275
    ],
    "object_WRoad.AbstractStaticHeadingObject$heading": [
        3.1415926535
    ],
    "object_WRoad.AbstractStaticObject$length": [
        105.39166666666667
    ],
    "object_WRoad.AbstractStaticObject$width": [
        5.1
    ],
    "object_WRoad.AbstractStaticObject$x": [
        -2.55
    ],
    "object_WRoad.AbstractStaticObject$y": [
        0.0
    ],
    "object_WWWLane.AbstractStaticDirectionalObject$direction": [
        3.1415926535
    ],
    "object_WWWLane.AbstractStaticHeadingObject$heading": [
        3.1415926535
    ],
    "object_WWWLane.AbstractStaticObject$length": [
        105.39166666666667
    ],
    "object_WWWLane.AbstractStaticObject$width": [
        2.55
    ],
    "object_WWWLane.AbstractStaticObject$x": [
        -2.55
    ],
    "object_WWWLane.AbstractStaticObject$y": [
        1.275
    ],
    "object_World.World$occlusion_distance": [
        0.008333333333333333
    ],
    "object_World.World$occlusion_epsilon": [
        0.0
    ],
    "object_VehicleA.AbstractDynamicObject$a_max": [
        0.0,
        0.0,
        0.0,
        0.0,
        0.0,
        0.0,
        0.0,
        0.0,
        0.0,
        0.0,
        0.0,
        0.0,
        0.0,
        0.0
    ],
    "object_VehicleA.AbstractDynamicObject$a_min": [
        0.0,
        0.0,
        0.0,
        0.0,
        0.0,
        0.0,
        0.0,
        0.0,
        0.0,
        0.0,
        0.0,
        0.0,
        0.0,
        0.0
    ],
    "object_VehicleA.AbstractDynamicObject$bb_max_x_max": [
        0.8,
        77.98333333333333,
        65.49166666666666,
        52.983333333333334,
        40.483333333333334,
        0.8,
        0.8,
        0.8,
        0.8,
        0.8,
        0.8,
        13.3,
        0.8,
        0.0
    ],
    "object_VehicleA.AbstractDynamicObject$bb_max_x_min": [
        0.0,
        0.0,
        0.0,
        0.0,
        0.8,
        0.8,
        0.8,
        0.8,
        0.8,
        0.8,
        0.8,
        0.0,
        0.0,
        0.0
    ],
    "object_VehicleA.AbstractDynamicObject$bb_max_y_max": [
        1.1,
        1.1,
        1.1166666666666667,
        1.1,
        1.1,
        1.1,
        1.1166666666666667,
        1.1,
        1.1,
        1.1083333333333334,
        1.1,
        1.1,
        1.1,
        0.0
    ],
    "object_VehicleA.AbstractDynamicObject$bb_max_y_min": [
        0.008333333333333333,
        0.0,
        0.0,
        0.0,
        1.1,
        -1.0916666666666666,
        1.1,
        1.1,
        1.1,
        1.1,
        1.1,
        0.008333333333333333,
        0.008333333333333333,
        0.0
    ],
    "object_VehicleA.AbstractDynamicObject$bb_min_x_max": [
        -0.008333333333333333,
        -0.008333333333333333,
        -0.008333333333333333,
        -0.008333333333333333,
        0.7916666666666666,
        0.7916666666666666,
        0.7916666666666666,
        0.7916666666666666,
        0.7916666666666666,
        -2.4,
        0.7916666666666666,
        -0.008333333333333333,
        -0.008333333333333333,
        0.0
    ],
    "object_VehicleA.AbstractDynamicObject$bb_min_x_min": [
        -2.4,
        -14.9,
        -39.916666666666664,
        -2.4,
        -2.4,
        -2.4,
        -77.4,
        -2.4,
        -2.4,
        -2.4,
        -2.4,
        -2.4,
        -41.90833333333333,
        0.0
    ],
    "object_VehicleA.AbstractDynamicObject$bb_min_y_max": [
        0.0,
        -0.008333333333333333,
        -0.008333333333333333,
        -0.008333333333333333,
        1.0916666666666666,
        -1.1,
        1.0916666666666666,
        1.0916666666666666,
        -1.1,
        -1.1,
        1.0916666666666666,
        0.0,
        0.0,
        0.0
    ],
    "object_VehicleA.AbstractDynamicObject$bb_min_y_min": [
        -1.1,
        -1.4333333333333333,
        -1.45,
        -1.4333333333333333,
        -1.4333333333333333,
        -1.4333333333333333,
        -1.4333333333333333,
        -1.4333333333333333,
        -1.4333333333333333,
        -1.4333333333333333,
        -1.4333333333333333,
        -1.1,
        -1.1,
        0.0
    ],
    "object_VehicleA.AbstractDynamicObject$length_max": [
        0.0,
        0.0,
        0.0,
        0.0,
        0.0,
        0.0,
        0.0,
        0.0,
        0.0,
        0.0,
        0.0,
        0.0,
        0.0,
        0.0
    ],
    "object_VehicleA.AbstractDynamicObject$length_min": [
        4.8,
        4.8,
        4.8,
        4.8,
        4.8,
        4.8,
        4.8,
        4.8,
        4.8,
        4.8,
        4.8,
        4.8,
        4.8,
        0.0
    ],
    "object_VehicleA.AbstractDynamicObject$v2_max": [
        12.5,
        12.5,
        12.5,
        12.5,
        12.5,
        12.5,
        12.5,
        12.5,
        12.5,
        12.5,
        12.5,
        12.5,
        12.5,
        0.0
    ],
    "object_VehicleA.AbstractDynamicObject$v2_min": [
        12.5,
        12.5,
        12.5,
        12.5,
        12.5,
        12.5,
        12.5,
        12.5,
        12.5,
        12.5,
        12.5,
        12.5,
        12.5,
        0.0
    ],
    "object_VehicleA.AbstractDynamicObject$v_max": [
        12.5,
        12.5,
        12.5,
        12.5,
        12.5,
        12.5,
        12.5,
        12.5,
        12.5,
        12.5,
        12.5,
        12.5,
        12.5,
        0.0
    ],
    "object_VehicleA.AbstractDynamicObject$v_min": [
        12.5,
        12.5,
        12.5,
        12.5,
        12.5,
        12.5,
        12.5,
        12.5,
        12.5,
        12.5,
        12.5,
        12.5,
        12.5,
        0.0
    ],
    "object_VehicleA.AbstractDynamicObject$width_max": [
        0.0,
        0.0,
        0.0,
        0.0,
        0.0,
        0.0,
        0.0,
        0.0,
        0.0,
        0.0,
        0.0,
        0.0,
        0.0,
        0.0
    ],
    "object_VehicleA.AbstractDynamicObject$width_min": [
        2.2,
        2.2,
        2.2,
        2.2,
        2.2,
        2.2,
        2.2,
        2.2,
        2.2,
        2.2,
        2.2,
        2.2,
        2.2,
        0.0
    ],
    "object_VehicleA.AbstractDynamicObject$x": [
        -105.53333333333333,
        -93.03333333333333,
        -80.53333333333333,
        -68.03333333333333,
        -55.53333333333333,
        -43.03333333333333,
        -30.533333333333335,
        -18.033333333333335,
        -5.533333333333333,
        6.966666666666667,
        19.466666666666665,
        31.966666666666665,
        44.46666666666667,
        56.96666666666667
    ],
    "object_VehicleA.AbstractDynamicObject$x2": [
        -99.28333333333333,
        -86.78333333333333,
        -74.28333333333333,
        -61.78333333333333,
        -49.28333333333333,
        -36.78333333333333,
        -24.283333333333335,
        -11.783333333333333,
        0.7166666666666667,
        13.216666666666667,
        25.716666666666665,
        38.21666666666667,
        50.71666666666667,
        63.21666666666667
    ],
    "object_VehicleA.AbstractDynamicObject$y": [
        -1.1083333333333334,
        -1.1083333333333334,
        -1.1083333333333334,
        -1.1083333333333334,
        -1.1083333333333334,
        -1.1083333333333334,
        -1.1083333333333334,
        -1.1083333333333334,
        -1.1083333333333334,
        -1.1083333333333334,
        -1.1083333333333334,
        -1.1083333333333334,
        -1.1083333333333334,
        -1.1083333333333334
    ],
    "object_VehicleA.AbstractDynamicObject$y2": [
        -1.1083333333333334,
        -1.1083333333333334,
        -1.1083333333333334,
        -1.1083333333333334,
        -1.1083333333333334,
        -1.1083333333333334,
        -1.1083333333333334,
        -1.1083333333333334,
        -1.1083333333333334,
        -1.1083333333333334,
        -1.1083333333333334,
        -1.1083333333333334,
        -1.1083333333333334,
        -1.1083333333333334
    ],
    "object_VehicleB.AbstractDynamicObject$a_max": [
        0.0,
        0.0,
        0.0,
        0.075,
        -0.075,
        0.0,
        7.233333333333333,
        -7.233333333333333,
        1.0083333333333333,
        -1.0083333333333333,
        13.872222222222222,
        0.0,
        -13.872222222222222,
        0.0
    ],
    "object_VehicleB.AbstractDynamicObject$a_min": [
        0.0,
        0.0,
        0.0,
        0.075,
        -0.075,
        0.0,
        7.233333333333333,
        -7.233333333333333,
        1.0083333333333333,
        -1.0083333333333333,
        13.872222222222222,
        0.0,
        -13.872222222222222,
        0.0
    ],
    "object_VehicleB.AbstractDynamicObject$bb_max_x_max": [
        2.4,
        54.25,
        54.3,
        54.28333333333333,
        2.4,
        2.4,
        2.4,
        2.4,
        2.4,
        2.4,
        2.4,
        2.4,
        23.241666666666667,
        0.0
    ],
    "object_VehicleB.AbstractDynamicObject$bb_max_x_min": [
        0.0,
        0.008333333333333333,
        0.008333333333333333,
        0.008333333333333333,
        2.4,
        2.4,
        2.4,
        2.4,
        2.4,
        2.4,
        2.4,
        0.008333333333333333,
        0.0,
        0.0
    ],
    "object_VehicleB.AbstractDynamicObject$bb_max_y_max": [
        1.1,
        1.4333333333333333,
        1.45,
        1.4333333333333333,
        1.4333333333333333,
        1.1,
        1.1,
        1.1,
        1.1,
        1.1,
        1.1,
        1.1,
        1.4333333333333333,
        0.0
    ],
    "object_VehicleB.AbstractDynamicObject$bb_max_y_min": [
        0.008333333333333333,
        0.0,
        0.0,
        0.008333333333333333,
        1.1,
        1.1,
        1.1,
        1.1,
        1.1,
        1.1,
        1.1,
        0.008333333333333333,
        0.0,
        0.0
    ],
    "object_VehicleB.AbstractDynamicObject$bb_min_x_max": [
        -0.008333333333333333,
        0.0,
        0.0,
        0.0,
        -0.8,
        -0.8,
        -0.8,
        -0.8,
        -0.8,
        -0.8,
        -0.8,
        0.0,
        -0.008333333333333333,
        0.0
    ],
    "object_VehicleB.AbstractDynamicObject$bb_min_x_min": [
        -0.9583333333333334,
        -0.9416666666666667,
        -0.9333333333333333,
        -0.8708333333333333,
        -0.8166666666666667,
        -0.8,
        -0.8,
        -0.8,
        -0.8,
        -0.8,
        -0.8,
        -82.14166666666667,
        -75.18888888888888,
        0.0
    ],
    "object_VehicleB.AbstractDynamicObject$bb_min_y_max": [
        0.0,
        -0.008333333333333333,
        0.0,
        0.0,
        1.0916666666666666,
        1.0916666666666666,
        -1.1,
        -1.1,
        -1.1,
        -1.1,
        -1.1,
        0.0,
        -0.008333333333333333,
        0.0
    ],
    "object_VehicleB.AbstractDynamicObject$bb_min_y_min": [
        -1.1,
        -1.1,
        -1.1,
        -1.1,
        -1.1,
        -1.1,
        -1.1,
        -1.1083333333333334,
        -1.1,
        -1.1,
        -1.1,
        -1.1,
        -1.1,
        0.0
    ],
    "object_VehicleB.AbstractDynamicObject$length_max": [
        0.0,
        0.0,
        0.0,
        0.0,
        0.0,
        0.0,
        0.0,
        0.0,
        0.0,
        0.0,
        0.0,
        0.0,
        0.0,
        0.0
    ],
    "object_VehicleB.AbstractDynamicObject$length_min": [
        4.8,
        4.8,
        4.8,
        4.8,
        4.8,
        4.8,
        4.8,
        4.8,
        4.8,
        4.8,
        4.8,
        4.8,
        4.8,
        0.0
    ],
    "object_VehicleB.AbstractDynamicObject$v2_max": [
        0.1,
        0.1,
        13.88888888888889,
        0.1,
        0.016666666666666666,
        0.016666666666666666,
        7.25,
        0.016666666666666666,
        1.025,
        0.016666666666666666,
        13.88888888888889,
        13.88888888888889,
        0.016666666666666666,
        0.0
    ],
    "object_VehicleB.AbstractDynamicObject$v2_min": [
        0.016666666666666666,
        0.016666666666666666,
        0.016666666666666666,
        0.0,
        0.0,
        0.0,
        0.0,
        0.0,
        0.0,
        0.0,
        0.0,
        0.0,
        0.0,
        0.0
    ],
    "object_VehicleB.AbstractDynamicObject$v_max": [
        0.016666666666666666,
        0.016666666666666666,
        0.016666666666666666,
        0.09166666666666666,
        0.09166666666666666,
        0.09166666666666666,
        0.016666666666666666,
        7.25,
        0.016666666666666666,
        1.025,
        0.016666666666666666,
        13.88888888888889,
        13.88888888888889,
        0.0
    ],
    "object_VehicleB.AbstractDynamicObject$v_min": [
        0.016666666666666666,
        0.016666666666666666,
        0.016666666666666666,
        0.016666666666666666,
        0.09166666666666666,
        0.016666666666666666,
        0.016666666666666666,
        7.25,
        0.016666666666666666,
        1.025,
        0.016666666666666666,
        13.88888888888889,
        13.88888888888889,
        0.0
    ],
    "object_VehicleB.AbstractDynamicObject$width_max": [
        0.0,
        0.0,
        0.0,
        0.0,
        0.0,
        0.0,
        0.0,
        0.0,
        0.0,
        0.0,
        0.0,
        0.0,
        0.0,
        0.0
    ],
    "object_VehicleB.AbstractDynamicObject$width_min": [
        2.2,
        2.2,
        2.2,
        2.2,
        2.2,
        2.2,
        2.2,
        2.2,
        2.2,
        2.2,
        2.2,
        2.2,
        2.2,
        0.0
    ],
    "object_VehicleB.AbstractDynamicObject$x": [
        3.525,
        3.5083333333333333,
        3.4916666666666667,
        3.475,
        3.4208333333333334,
        3.3666666666666667,
        3.35,
        -0.2833333333333333,
        -3.9166666666666665,
        -4.4375,
        -4.958333333333333,
        -11.911111111111111,
        -25.8,
        -32.75277777777778
    ],
    "object_VehicleB.AbstractDynamicObject$x2": [
        3.5166666666666666,
        3.5,
        3.4833333333333334,
        3.466666666666667,
        3.375,
        3.3583333333333334,
        3.341666666666667,
        -3.908333333333333,
        -3.925,
        -4.95,
        -4.966666666666667,
        -18.855555555555554,
        -32.74444444444445,
        -32.76111111111111
    ],
    "object_VehicleB.AbstractDynamicObject$y": [
        1.1083333333333334,
        1.1083333333333334,
        1.1083333333333334,
        1.1083333333333334,
        1.1083333333333334,
        1.1083333333333334,
        1.1083333333333334,
        1.1083333333333334,
        1.1083333333333334,
        1.1083333333333334,
        1.1083333333333334,
        1.1083333333333334,
        1.1083333333333334,
        1.1083333333333334
    ],
    "object_VehicleB.AbstractDynamicObject$y2": [
        1.1083333333333334,
        1.1083333333333334,
        1.1083333333333334,
        1.1083333333333334,
        1.1083333333333334,
        1.1083333333333334,
        1.1083333333333334,
        1.1083333333333334,
        1.1083333333333334,
        1.1083333333333334,
        1.1083333333333334,
        1.1083333333333334,
        1.1083333333333334,
        1.1083333333333334
    ],
    "object_VehicleC.AbstractDynamicObject$a_max": [
        0.0,
        0.0,
        1.9916666666666667,
        1.9916666666666667,
        1.9916666666666667,
        0.08333333333333333,
        1.9916666666666667,
        1.9916666666666667,
        1.9916666666666667,
        -5.118333333333333,
        1.9916666666666667,
        1.9916666666666667,
        -4.923333333333333,
        0.0
    ],
    "object_VehicleC.AbstractDynamicObject$a_min": [
        0.0,
        0.0,
        0.0,
        0.075,
        -0.075,
        0.08333333333333333,
        1.9916666666666667,
        1.9916666666666667,
        1.9916666666666667,
        -5.118333333333333,
        1.9916666666666667,
        1.9916666666666667,
        -4.923333333333333,
        0.0
    ],
    "object_VehicleC.AbstractDynamicObject$bb_max_x_max": [
        0.75,
        0.75,
        0.7666666666666667,
        0.75,
        0.75,
        0.75,
        0.75,
        0.75,
        0.75,
        0.75,
        0.75,
        0.7583333333333333,
        0.75,
        0.0
    ],
    "object_VehicleC.AbstractDynamicObject$bb_max_x_min": [
        0.0,
        0.0,
        0.0,
        0.008333333333333333,
        -0.7416666666666667,
        0.75,
        -0.7416666666666667,
        -0.7416666666666667,
        -0.7416666666666667,
        0.0,
        -0.7416666666666667,
        0.008333333333333333,
        0.0,
        0.0
    ],
    "object_VehicleC.AbstractDynamicObject$bb_max_y_max": [
        0.82,
        0.8366666666666667,
        0.8866666666666667,
        0.87,
        0.82,
        0.82,
        0.82,
        0.82,
        0.82,
        0.82,
        0.82,
        0.82,
        6.716666666666667,
        0.0
    ],
    "object_VehicleC.AbstractDynamicObject$bb_max_y_min": [
        0.008333333333333333,
        0.008333333333333333,
        0.008333333333333333,
        0.008333333333333333,
        -2.9916666666666667,
        -2.9916666666666667,
        -2.9916666666666667,
        0.0,
        0.82,
        0.82,
        -2.9916666666666667,
        0.008333333333333333,
        0.008333333333333333,
        0.0
    ],
    "object_VehicleC.AbstractDynamicObject$bb_min_x_max": [
        -0.008333333333333333,
        -0.008333333333333333,
        -0.008333333333333333,
        0.0,
        -0.75,
        -0.75,
        -0.75,
        -0.75,
        -0.75,
        -0.75,
        -0.75,
        0.0,
        -0.008333333333333333,
        0.0
    ],
    "object_VehicleC.AbstractDynamicObject$bb_min_x_min": [
        -0.75,
        -1.7833333333333334,
        -1.8,
        -1.7833333333333334,
        -0.75,
        -0.75,
        -0.75,
        -0.75,
        -0.75,
        -0.75,
        -0.75,
        -1.7833333333333334,
        -1.7833333333333334,
        0.0
    ],
    "object_VehicleC.AbstractDynamicObject$bb_min_y_max": [
        0.0,
        0.0,
        0.0,
        0.0,
        -3.0,
        -3.0,
        -3.0,
        -3.0,
        -3.0,
        -3.0,
        -3.0,
        0.0,
        0.0,
        0.0
    ],
    "object_VehicleC.AbstractDynamicObject$bb_min_y_min": [
        -7.05,
        -7.033333333333333,
        -7.025,
        -6.9625,
        -6.908333333333333,
        -6.85,
        -23.065833333333334,
        -3.0,
        -3.0,
        -3.0,
        -3.0,
        -3.0,
        -3.0,
        0.0
    ],
    "object_VehicleC.AbstractDynamicObject$length_max": [
        0.0,
        0.0,
        0.0,
        0.0,
        0.0,
        0.0,
        0.0,
        0.0,
        0.0,
        0.0,
        0.0,
        0.0,
        0.0,
        0.0
    ],
    "object_VehicleC.AbstractDynamicObject$length_min": [
        1.65,
        1.65,
        1.65,
        1.65,
        1.65,
        1.65,
        1.65,
        1.65,
        1.65,
        1.65,
        1.65,
        1.65,
        1.65,
        0.0
    ],
    "object_VehicleC.AbstractDynamicObject$v2_max": [
        0.016666666666666666,
        0.016666666666666666,
        0.10833333333333334,
        0.1,
        0.1,
        0.1,
        2.091666666666667,
        4.083333333333333,
        6.075,
        0.9566666666666667,
        2.9483333333333333,
        4.94,
        0.016666666666666666,
        0.0
    ],
    "object_VehicleC.AbstractDynamicObject$v2_min": [
        0.016666666666666666,
        0.016666666666666666,
        0.016666666666666666,
        0.09166666666666666,
        0.016666666666666666,
        0.1,
        2.091666666666667,
        4.083333333333333,
        6.075,
        0.9566666666666667,
        0.0,
        0.0,
        0.0,
        0.0
    ],
    "object_VehicleC.AbstractDynamicObject$v_max": [
        0.016666666666666666,
        0.09166666666666666,
        0.016666666666666666,
        0.09166666666666666,
        0.09166666666666666,
        0.016666666666666666,
        0.1,
        2.091666666666667,
        4.083333333333333,
        6.931666666666667,
        6.931666666666667,
        6.931666666666667,
        6.931666666666667,
        0.0
    ],
    "object_VehicleC.AbstractDynamicObject$v_min": [
        0.016666666666666666,
        0.016666666666666666,
        0.016666666666666666,
        0.016666666666666666,
        0.09166666666666666,
        0.016666666666666666,
        0.1,
        2.091666666666667,
        4.083333333333333,
        6.075,
        0.9566666666666667,
        2.9483333333333333,
        4.94,
        0.0
    ],
    "object_VehicleC.AbstractDynamicObject$width_max": [
        0.0,
        0.0,
        0.0,
        0.0,
        0.0,
        0.0,
        0.0,
        0.0,
        0.0,
        0.0,
        0.0,
        0.0,
        0.0,
        0.0
    ],
    "object_VehicleC.AbstractDynamicObject$width_min": [
        1.5,
        1.5,
        1.5,
        1.5,
        1.5,
        1.5,
        1.5,
        1.5,
        1.5,
        1.5,
        1.5,
        1.5,
        1.5,
        0.0
    ],
    "object_VehicleC.AbstractDynamicObject$x": [
        -0.7583333333333333,
        -0.7583333333333333,
        -0.7583333333333333,
        -0.7583333333333333,
        -0.7583333333333333,
        -0.7583333333333333,
        -0.7583333333333333,
        -0.7583333333333333,
        -0.7583333333333333,
        -0.7583333333333333,
        -0.7583333333333333,
        -0.7583333333333333,
        -0.7583333333333333,
        -0.7583333333333333
    ],
    "object_VehicleC.AbstractDynamicObject$x2": [
        -0.7583333333333333,
        -0.7583333333333333,
        -0.7583333333333333,
        -0.7583333333333333,
        -0.7583333333333333,
        -0.7583333333333333,
        -0.7583333333333333,
        -0.7583333333333333,
        -0.7583333333333333,
        -0.7583333333333333,
        -0.7583333333333333,
        -0.7583333333333333,
        -0.7583333333333333,
        -0.7583333333333333
    ],
    "object_VehicleC.AbstractDynamicObject$y": [
        9.616666666666667,
        9.6,
        9.583333333333334,
        9.566666666666666,
        9.5125,
        9.458333333333334,
        9.4,
        8.304166666666667,
        5.216666666666667,
        0.1375,
        -3.3783333333333334,
        -5.3308333333333335,
        -9.275,
        -11.753333333333334
    ],
    "object_VehicleC.AbstractDynamicObject$y2": [
        9.608333333333333,
        9.591666666666667,
        9.575,
        9.558333333333334,
        9.466666666666667,
        9.45,
        9.35,
        7.258333333333334,
        3.175,
        -2.9,
        -3.8566666666666665,
        -6.805,
        -11.745,
        -11.761666666666667
    ]
}