{
    "time": [
        0,
        1.0,
        2.0,
        3.0,
        4.0,
        5.0,
        6.0,
        7.0,
        8.0,
        9.0,
        10.0,
        11.0,
        12.0,
        13.0,
        14.0
    ],
    "object_EEELane.AbstractStaticDirectionalObject$direction": [
        0.0
    ],
    "object_EEELane.AbstractStaticHeadingObject$heading": [
        0.0
    ],
    "object_EEELane.AbstractStaticObject$length": [
        42.733333333333334
    ],
    "object_EEELane.AbstractStaticObject$width": [
        2.55
    ],
    "object_EEELane.AbstractStaticObject$x": [
        2.55
    ],
    "object_EEELane.AbstractStaticObject$y": [
        -1.275
    ],
    "object_ERoad.AbstractStaticHeadingObject$heading": [
        0.0
    ],
    "object_ERoad.AbstractStaticObject$length": [
        42.733333333333334
    ],
    "object_ERoad.AbstractStaticObject$width": [
        5.1
    ],
    "object_ERoad.AbstractStaticObject$x": [
        2.55
    ],
    "object_ERoad.AbstractStaticObject$y": [
        0.0
    ],
    "object_EWWLane.AbstractStaticDirectionalObject$direction": [
        3.1415926535
    ],
    "object_EWWLane.AbstractStaticHeadingObject$heading": [
        3.1415926535
    ],
    "object_EWWLane.AbstractStaticObject$length": [
        42.733333333333334
    ],
    "object_EWWLane.AbstractStaticObject$width": [
        2.55
    ],
    "object_EWWLane.AbstractStaticObject$x": [
        45.28333333333333
    ],
    "object_EWWLane.AbstractStaticObject$y": [
        1.275
    ],
    "object_Junction.AbstractStaticObject$length": [
        5.1
    ],
    "object_Junction.AbstractStaticObject$width": [
        5.1
    ],
    "object_Junction.AbstractStaticObject$x": [
        0.0
    ],
    "object_Junction.AbstractStaticObject$y": [
        0.0
    ],
    "object_NNNLane.AbstractStaticDirectionalObject$direction": [
        1.5707963267
    ],
    "object_NNNLane.AbstractStaticHeadingObject$heading": [
        1.5707963267
    ],
    "object_NNNLane.AbstractStaticObject$length": [
        3.9658333333333333
    ],
    "object_NNNLane.AbstractStaticObject$width": [
        2.55
    ],
    "object_NNNLane.AbstractStaticObject$x": [
        1.275
    ],
    "object_NNNLane.AbstractStaticObject$y": [
        2.55
    ],
    "object_NRoad.AbstractStaticHeadingObject$heading": [
        1.5707963267
    ],
    "object_NRoad.AbstractStaticObject$length": [
        3.9658333333333333
    ],
    "object_NRoad.AbstractStaticObject$width": [
        5.1
    ],
    "object_NRoad.AbstractStaticObject$x": [
        0.0
    ],
    "object_NRoad.AbstractStaticObject$y": [
        2.55
    ],
    "object_NSSLane.AbstractStaticDirectionalObject$direction": [
        4.7123889803
    ],
    "object_NSSLane.AbstractStaticHeadingObject$heading": [
        4.7123889803
    ],
    "object_NSSLane.AbstractStaticObject$length": [
        3.9658333333333333
    ],
    "object_NSSLane.AbstractStaticObject$width": [
        2.55
    ],
    "object_NSSLane.AbstractStaticObject$x": [
        -1.275
    ],
    "object_NSSLane.AbstractStaticObject$y": [
        6.515833333333333
    ],
    "object_SNNLane.AbstractStaticDirectionalObject$direction": [
        1.5707963267
    ],
    "object_SNNLane.AbstractStaticHeadingObject$heading": [
        1.5707963267
    ],
    "object_SNNLane.AbstractStaticObject$length": [
        7.570833333333334
    ],
    "object_SNNLane.AbstractStaticObject$width": [
        2.55
    ],
    "object_SNNLane.AbstractStaticObject$x": [
        1.275
    ],
    "object_SNNLane.AbstractStaticObject$y": [
        -10.120833333333334
    ],
    "object_SRoad.AbstractStaticHeadingObject$heading": [
        4.7123889803
    ],
    "object_SRoad.AbstractStaticObject$length": [
        7.570833333333334
    ],
    "object_SRoad.AbstractStaticObject$width": [
        5.1
    ],
    "object_SRoad.AbstractStaticObject$x": [
        0.0
    ],
    "object_SRoad.AbstractStaticObject$y": [
        -2.55
    ],
    "object_SSSLane.AbstractStaticDirectionalObject$direction": [
        4.7123889803
    ],
    "object_SSSLane.AbstractStaticHeadingObject$heading": [
        4.7123889803
    ],
    "object_SSSLane.AbstractStaticObject$length": [
        7.570833333333334
    ],
    "object_SSSLane.AbstractStaticObject$width": [
        2.55
    ],
    "object_SSSLane.AbstractStaticObject$x": [
        -1.275
    ],
    "object_SSSLane.AbstractStaticObject$y": [
        -2.55
    ],
    "object_WEELane.AbstractStaticDirectionalObject$direction": [
        0.0
    ],
    "object_WEELane.AbstractStaticHeadingObject$heading": [
        0.0
    ],
    "object_WEELane.AbstractStaticObject$length": [
        117.87083333333334
    ],
    "object_WEELane.AbstractStaticObject$width": [
        2.55
    ],
    "object_WEELane.AbstractStaticObject$x": [
        -120.42083333333333
    ],
    "object_WEELane.AbstractStaticObject$y": [
        -1.275
    ],
    "object_WRoad.AbstractStaticHeadingObject$heading": [
        3.1415926535
    ],
    "object_WRoad.AbstractStaticObject$length": [
        117.87083333333334
    ],
    "object_WRoad.AbstractStaticObject$width": [
        5.1
    ],
    "object_WRoad.AbstractStaticObject$x": [
        -2.55
    ],
    "object_WRoad.AbstractStaticObject$y": [
        0.0
    ],
    "object_WWWLane.AbstractStaticDirectionalObject$direction": [
        3.1415926535
    ],
    "object_WWWLane.AbstractStaticHeadingObject$heading": [
        3.1415926535
    ],
    "object_WWWLane.AbstractStaticObject$length": [
        117.87083333333334
    ],
    "object_WWWLane.AbstractStaticObject$width": [
        2.55
    ],
    "object_WWWLane.AbstractStaticObject$x": [
        -2.55
    ],
    "object_WWWLane.AbstractStaticObject$y": [
        1.275
    ],
    "object_World.World$occlusion_distance": [
        0.004166666666666667
    ],
    "object_World.World$occlusion_epsilon": [
        0.0
    ],
    "object_VehicleA.AbstractDynamicObject$a_max": [
        0.0,
        0.0,
        0.0,
        0.0,
        0.0,
        0.0,
        0.0,
        0.0,
        0.0,
        0.0,
        0.0,
        0.0,
        0.0,
        0.0
    ],
    "object_VehicleA.AbstractDynamicObject$a_min": [
        0.0,
        0.0,
        0.0,
        0.0,
        0.0,
        0.0,
        0.0,
        0.0,
        0.0,
        0.0,
        0.0,
        0.0,
        0.0,
        0.0
    ],
    "object_VehicleA.AbstractDynamicObject$bb_max_x_max": [
        0.8,
        90.47083333333333,
        77.96666666666667,
        65.46666666666667,
        0.8,
        0.8,
        0.8,
        32.88472222222222,
        2.966666666666667,
        0.8,
        0.8,
        0.8,
        0.8,
        0.0
    ],
    "object_VehicleA.AbstractDynamicObject$bb_max_x_min": [
        0.0,
        0.0,
        0.0,
        0.0,
        0.8,
        0.8,
        0.8,
        0.8,
        0.8,
        0.8,
        0.8,
        0.0,
        0.0,
        0.0
    ],
    "object_VehicleA.AbstractDynamicObject$bb_max_y_max": [
        1.1,
        1.1083333333333334,
        1.1,
        1.1,
        1.1,
        1.1,
        1.1,
        1.1,
        1.1,
        1.1,
        1.1,
        1.1,
        1.1,
        0.0
    ],
    "object_VehicleA.AbstractDynamicObject$bb_max_y_min": [
        0.004166666666666667,
        0.0,
        -1.0958333333333334,
        0.0,
        1.1,
        -1.0958333333333334,
        1.1,
        1.1,
        1.1,
        1.1,
        1.1,
        0.004166666666666667,
        0.004166666666666667,
        0.0
    ],
    "object_VehicleA.AbstractDynamicObject$bb_min_x_max": [
        -0.004166666666666667,
        -0.004166666666666667,
        -0.004166666666666667,
        -0.004166666666666667,
        0.7958333333333333,
        0.7958333333333333,
        0.7958333333333333,
        0.7958333333333333,
        0.7958333333333333,
        0.7958333333333333,
        0.7958333333333333,
        -0.004166666666666667,
        -0.004166666666666667,
        0.0
    ],
    "object_VehicleA.AbstractDynamicObject$bb_min_x_min": [
        -2.4,
        -27.408333333333335,
        -27.4,
        -2.4,
        -52.4,
        -2.4,
        -2.4,
        -2.4,
        -2.4,
        -2.4,
        -2.4,
        -2.4,
        -29.429166666666667,
        0.0
    ],
    "object_VehicleA.AbstractDynamicObject$bb_min_y_max": [
        0.0,
        -0.004166666666666667,
        -1.1,
        -0.004166666666666667,
        1.0958333333333334,
        -1.1,
        1.0958333333333334,
        -1.1,
        1.0958333333333334,
        1.0958333333333334,
        1.0958333333333334,
        0.0,
        0.0,
        0.0
    ],
    "object_VehicleA.AbstractDynamicObject$bb_min_y_min": [
        -1.1,
        -1.4416666666666667,
        -1.4416666666666667,
        -1.4416666666666667,
        -1.4416666666666667,
        -1.4416666666666667,
        -1.4416666666666667,
        -1.4416666666666667,
        -1.4416666666666667,
        -1.4416666666666667,
        -1.4416666666666667,
        -1.4416666666666667,
        -1.1,
        0.0
    ],
    "object_VehicleA.AbstractDynamicObject$length_max": [
        0.0,
        0.0,
        0.0,
        0.0,
        0.0,
        0.0,
        0.0,
        0.0,
        0.0,
        0.0,
        0.0,
        0.0,
        0.0,
        0.0
    ],
    "object_VehicleA.AbstractDynamicObject$length_min": [
        4.8,
        4.8,
        4.8,
        4.8,
        4.8,
        4.8,
        4.8,
        4.8,
        4.8,
        4.8,
        4.8,
        4.8,
        4.8,
        0.0
    ],
    "object_VehicleA.AbstractDynamicObject$v2_max": [
        12.5,
        12.5,
        12.5,
        12.5,
        12.5,
        12.5,
        12.5,
        12.5,
        12.5,
        12.5,
        12.5,
        12.5,
        12.5,
        0.0
    ],
    "object_VehicleA.AbstractDynamicObject$v2_min": [
        12.5,
        12.5,
        12.5,
        12.5,
        12.5,
        12.5,
        12.5,
        12.5,
        12.5,
        12.5,
        12.5,
        12.5,
        12.5,
        0.0
    ],
    "object_VehicleA.AbstractDynamicObject$v_max": [
        12.5,
        12.5,
        12.5,
        12.5,
        12.5,
        12.5,
        12.5,
        12.5,
        12.5,
        12.5,
        12.5,
        12.5,
        12.5,
        0.0
    ],
    "object_VehicleA.AbstractDynamicObject$v_min": [
        12.5,
        12.5,
        12.5,
        12.5,
        12.5,
        12.5,
        12.5,
        12.5,
        12.5,
        12.5,
        12.5,
        12.5,
        12.5,
        0.0
    ],
    "object_VehicleA.AbstractDynamicObject$width_max": [
        0.0,
        0.0,
        0.0,
        0.0,
        0.0,
        0.0,
        0.0,
        0.0,
        0.0,
        0.0,
        0.0,
        0.0,
        0.0,
        0.0
    ],
    "object_VehicleA.AbstractDynamicObject$width_min": [
        2.2,
        2.2,
        2.2,
        2.2,
        2.2,
        2.2,
        2.2,
        2.2,
        2.2,
        2.2,
        2.2,
        2.2,
        2.2,
        0.0
    ],
    "object_VehicleA.AbstractDynamicObject$x": [
        -118.01666666666667,
        -105.51666666666667,
        -93.01666666666667,
        -80.51666666666667,
        -68.01666666666667,
        -55.516666666666666,
        -43.016666666666666,
        -30.516666666666666,
        -18.016666666666666,
        -5.516666666666667,
        6.983333333333333,
        19.483333333333334,
        31.983333333333334,
        44.483333333333334
    ],
    "object_VehicleA.AbstractDynamicObject$x2": [
        -111.76666666666667,
        -99.26666666666667,
        -86.76666666666667,
        -74.26666666666667,
        -61.766666666666666,
        -49.266666666666666,
        -36.766666666666666,
        -24.266666666666666,
        -11.766666666666667,
        0.7333333333333333,
        13.233333333333333,
        25.733333333333334,
        38.233333333333334,
        50.733333333333334
    ],
    "object_VehicleA.AbstractDynamicObject$y": [
        -1.1041666666666667,
        -1.1041666666666667,
        -1.1041666666666667,
        -1.1041666666666667,
        -1.1041666666666667,
        -1.1041666666666667,
        -1.1041666666666667,
        -1.1041666666666667,
        -1.1041666666666667,
        -1.1041666666666667,
        -1.1041666666666667,
        -1.1041666666666667,
        -1.1041666666666667,
        -1.1041666666666667
    ],
    "object_VehicleA.AbstractDynamicObject$y2": [
        -1.1041666666666667,
        -1.1041666666666667,
        -1.1041666666666667,
        -1.1041666666666667,
        -1.1041666666666667,
        -1.1041666666666667,
        -1.1041666666666667,
        -1.1041666666666667,
        -1.1041666666666667,
        -1.1041666666666667,
        -1.1041666666666667,
        -1.1041666666666667,
        -1.1041666666666667,
        -1.1041666666666667
    ],
    "object_VehicleB.AbstractDynamicObject$a_max": [
        0.0,
        0.0,
        0.0,
        0.0,
        0.0,
        0.09166666666666666,
        0.15555555555555556,
        -0.24722222222222223,
        13.880555555555556,
        -13.880555555555556,
        0.0,
        13.880555555555556,
        -13.880555555555556,
        0.0
    ],
    "object_VehicleB.AbstractDynamicObject$a_min": [
        0.0,
        0.0,
        0.0,
        0.0,
        0.0,
        0.09166666666666666,
        0.15555555555555556,
        -0.24722222222222223,
        13.880555555555556,
        -13.880555555555556,
        0.0,
        13.880555555555556,
        -13.880555555555556,
        0.0
    ],
    "object_VehicleB.AbstractDynamicObject$bb_max_x_max": [
        2.4,
        41.858333333333334,
        41.85,
        41.858333333333334,
        2.4,
        2.4,
        2.4,
        2.4,
        2.4,
        2.4,
        56.15277777777778,
        2.4,
        15.259722222222223,
        0.0
    ],
    "object_VehicleB.AbstractDynamicObject$bb_max_x_min": [
        0.0,
        0.004166666666666667,
        -0.7958333333333333,
        -0.7958333333333333,
        2.4,
        -0.7958333333333333,
        2.4,
        2.4,
        2.4,
        2.4,
        2.4,
        0.004166666666666667,
        0.0,
        0.0
    ],
    "object_VehicleB.AbstractDynamicObject$bb_max_y_max": [
        1.1,
        1.45,
        1.4416666666666667,
        1.4416666666666667,
        1.4416666666666667,
        1.4416666666666667,
        1.1,
        1.1,
        1.1,
        1.1,
        1.1,
        1.1,
        1.4416666666666667,
        0.0
    ],
    "object_VehicleB.AbstractDynamicObject$bb_max_y_min": [
        0.004166666666666667,
        0.0,
        1.1,
        0.004166666666666667,
        1.1,
        1.1,
        1.1,
        1.1,
        1.1,
        1.1,
        1.1,
        0.004166666666666667,
        0.0,
        0.0
    ],
    "object_VehicleB.AbstractDynamicObject$bb_min_x_max": [
        -0.004166666666666667,
        0.0,
        -0.8,
        -0.8,
        -0.8,
        -0.8,
        -0.8,
        -0.8,
        -0.8,
        -0.8,
        -0.8,
        0.0,
        -0.004166666666666667,
        0.0
    ],
    "object_VehicleB.AbstractDynamicObject$bb_min_x_min": [
        -0.8875,
        -0.8833333333333333,
        -0.8708333333333333,
        -0.8625,
        -0.8,
        -0.8,
        -0.8,
        -0.8,
        -0.8,
        -0.8,
        -0.8,
        -0.8,
        -95.65833333333333,
        0.0
    ],
    "object_VehicleB.AbstractDynamicObject$bb_min_y_max": [
        0.0,
        -0.004166666666666667,
        1.0958333333333334,
        0.0,
        1.0958333333333334,
        -1.1,
        -1.1,
        -1.1,
        -1.1,
        -1.1,
        -1.1,
        0.0,
        -0.004166666666666667,
        0.0
    ],
    "object_VehicleB.AbstractDynamicObject$bb_min_y_min": [
        -1.1,
        -1.1083333333333334,
        -1.1,
        -1.1,
        -1.1,
        -1.1,
        -1.1,
        -1.1041666666666667,
        -1.1,
        -1.1,
        -1.1,
        -1.1,
        -1.1,
        0.0
    ],
    "object_VehicleB.AbstractDynamicObject$length_max": [
        0.0,
        0.0,
        0.0,
        0.0,
        0.0,
        0.0,
        0.0,
        0.0,
        0.0,
        0.0,
        0.0,
        0.0,
        0.0,
        0.0
    ],
    "object_VehicleB.AbstractDynamicObject$length_min": [
        4.8,
        4.8,
        4.8,
        4.8,
        4.8,
        4.8,
        4.8,
        4.8,
        4.8,
        4.8,
        4.8,
        4.8,
        4.8,
        0.0
    ],
    "object_VehicleB.AbstractDynamicObject$v2_max": [
        0.1,
        0.10416666666666667,
        0.1,
        0.1,
        0.008333333333333333,
        0.1,
        0.25555555555555554,
        0.1,
        13.88888888888889,
        0.008333333333333333,
        0.008333333333333333,
        13.88888888888889,
        0.008333333333333333,
        0.0
    ],
    "object_VehicleB.AbstractDynamicObject$v2_min": [
        0.008333333333333333,
        0.008333333333333333,
        0.008333333333333333,
        0.0,
        0.0,
        0.0,
        0.0,
        0.0,
        0.0,
        0.0,
        0.0,
        0.0,
        0.0,
        0.0
    ],
    "object_VehicleB.AbstractDynamicObject$v_max": [
        0.008333333333333333,
        0.008333333333333333,
        0.008333333333333333,
        0.008333333333333333,
        0.008333333333333333,
        0.09583333333333334,
        13.88888888888889,
        0.25555555555555554,
        0.008333333333333333,
        13.88888888888889,
        0.09583333333333334,
        0.008333333333333333,
        13.88888888888889,
        0.0
    ],
    "object_VehicleB.AbstractDynamicObject$v_min": [
        0.008333333333333333,
        0.008333333333333333,
        0.008333333333333333,
        0.008333333333333333,
        0.008333333333333333,
        0.008333333333333333,
        0.1,
        0.25555555555555554,
        0.008333333333333333,
        13.88888888888889,
        0.008333333333333333,
        0.008333333333333333,
        13.88888888888889,
        0.0
    ],
    "object_VehicleB.AbstractDynamicObject$width_max": [
        0.0,
        0.0,
        0.0,
        0.0,
        0.0,
        0.0,
        0.0,
        0.0,
        0.0,
        0.0,
        0.0,
        0.0,
        0.0,
        0.0
    ],
    "object_VehicleB.AbstractDynamicObject$width_min": [
        2.2,
        2.2,
        2.2,
        2.2,
        2.2,
        2.2,
        2.2,
        2.2,
        2.2,
        2.2,
        2.2,
        2.2,
        2.2,
        0.0
    ],
    "object_VehicleB.AbstractDynamicObject$x": [
        3.4458333333333333,
        3.4375,
        3.4291666666666667,
        3.4208333333333334,
        3.4125,
        3.404166666666667,
        3.35,
        3.172222222222222,
        3.040277777777778,
        -3.908333333333333,
        -10.856944444444444,
        -10.865277777777777,
        -17.81388888888889,
        -24.7625
    ],
    "object_VehicleB.AbstractDynamicObject$x2": [
        3.441666666666667,
        3.433333333333333,
        3.425,
        3.4166666666666665,
        3.408333333333333,
        3.4,
        3.3,
        3.0444444444444443,
        3.036111111111111,
        -10.852777777777778,
        -10.86111111111111,
        -10.869444444444444,
        -24.758333333333333,
        -24.766666666666666
    ],
    "object_VehicleB.AbstractDynamicObject$y": [
        1.1041666666666667,
        1.1041666666666667,
        1.1041666666666667,
        1.1041666666666667,
        1.1041666666666667,
        1.1041666666666667,
        1.1041666666666667,
        1.1041666666666667,
        1.1041666666666667,
        1.1041666666666667,
        1.1041666666666667,
        1.1041666666666667,
        1.1041666666666667,
        1.1041666666666667
    ],
    "object_VehicleB.AbstractDynamicObject$y2": [
        1.1041666666666667,
        1.1041666666666667,
        1.1041666666666667,
        1.1041666666666667,
        1.1041666666666667,
        1.1041666666666667,
        1.1041666666666667,
        1.1041666666666667,
        1.1041666666666667,
        1.1041666666666667,
        1.1041666666666667,
        1.1041666666666667,
        1.1041666666666667,
        1.1041666666666667
    ],
    "object_VehicleC.AbstractDynamicObject$a_max": [
        0.0,
        0.0,
        1.9958333333333333,
        1.9958333333333333,
        -0.09166666666666666,
        1.9958333333333333,
        1.9958333333333333,
        -0.2708333333333333,
        0.09166666666666666,
        1.9958333333333333,
        1.9958333333333333,
        1.9958333333333333,
        -6.079166666666667,
        0.0
    ],
    "object_VehicleC.AbstractDynamicObject$a_min": [
        0.0,
        0.0,
        0.0,
        0.09166666666666666,
        -0.09166666666666666,
        0.0,
        0.2708333333333333,
        -0.2708333333333333,
        0.09166666666666666,
        1.9958333333333333,
        1.9958333333333333,
        1.9958333333333333,
        -6.079166666666667,
        0.0
    ],
    "object_VehicleC.AbstractDynamicObject$bb_max_x_max": [
        0.75,
        0.7583333333333333,
        0.75,
        0.75,
        0.75,
        0.75,
        0.75,
        0.75,
        0.75,
        0.75,
        0.75,
        0.75,
        0.75,
        0.0
    ],
    "object_VehicleC.AbstractDynamicObject$bb_max_x_min": [
        0.0,
        0.0,
        0.75,
        0.75,
        -0.7458333333333333,
        0.75,
        -0.7458333333333333,
        -0.7458333333333333,
        -0.7458333333333333,
        0.0,
        -0.7458333333333333,
        0.004166666666666667,
        0.0,
        0.0
    ],
    "object_VehicleC.AbstractDynamicObject$bb_max_y_max": [
        0.82,
        0.845,
        0.8366666666666667,
        0.845,
        0.8991666666666667,
        0.82,
        1.11375,
        0.82,
        0.82,
        0.82,
        0.82,
        0.82,
        1.51875,
        0.0
    ],
    "object_VehicleC.AbstractDynamicObject$bb_max_y_min": [
        0.004166666666666667,
        0.004166666666666667,
        0.004166666666666667,
        0.004166666666666667,
        -2.995833333333333,
        -2.995833333333333,
        -2.995833333333333,
        0.0,
        0.82,
        0.82,
        -2.995833333333333,
        0.004166666666666667,
        0.004166666666666667,
        0.0
    ],
    "object_VehicleC.AbstractDynamicObject$bb_min_x_max": [
        -0.004166666666666667,
        -0.004166666666666667,
        0.7458333333333333,
        0.7458333333333333,
        -0.75,
        0.7458333333333333,
        -0.75,
        -0.75,
        -0.75,
        -0.75,
        -0.75,
        0.0,
        -0.004166666666666667,
        0.0
    ],
    "object_VehicleC.AbstractDynamicObject$bb_min_x_min": [
        -0.75,
        -1.8,
        -0.75,
        -1.7916666666666667,
        -1.7958333333333334,
        -0.75,
        -0.75,
        -0.75,
        -0.75,
        -0.75,
        -0.75,
        -1.7916666666666667,
        -1.7916666666666667,
        0.0
    ],
    "object_VehicleC.AbstractDynamicObject$bb_min_y_max": [
        0.0,
        0.0,
        0.0,
        0.0,
        -3.0,
        -3.0,
        -3.0,
        -3.0,
        -3.0,
        -3.0,
        -3.0,
        0.0,
        0.0,
        0.0
    ],
    "object_VehicleC.AbstractDynamicObject$bb_min_y_min": [
        -3.1333333333333333,
        -3.129166666666667,
        -3.1166666666666667,
        -3.0625,
        -3.0,
        -3.0,
        -3.0,
        -3.0,
        -3.0,
        -3.0,
        -3.0,
        -3.0,
        -3.0,
        0.0
    ],
    "object_VehicleC.AbstractDynamicObject$length_max": [
        0.0,
        0.0,
        0.0,
        0.0,
        0.0,
        0.0,
        0.0,
        0.0,
        0.0,
        0.0,
        0.0,
        0.0,
        0.0,
        0.0
    ],
    "object_VehicleC.AbstractDynamicObject$length_min": [
        1.65,
        1.65,
        1.65,
        1.65,
        1.65,
        1.65,
        1.65,
        1.65,
        1.65,
        1.65,
        1.65,
        1.65,
        1.65,
        0.0
    ],
    "object_VehicleC.AbstractDynamicObject$v2_max": [
        0.008333333333333333,
        0.10416666666666667,
        0.1,
        0.1,
        0.008333333333333333,
        0.008333333333333333,
        0.2791666666666667,
        0.008333333333333333,
        0.1,
        2.095833333333333,
        4.091666666666667,
        6.0875,
        0.008333333333333333,
        0.0
    ],
    "object_VehicleC.AbstractDynamicObject$v2_min": [
        0.008333333333333333,
        0.008333333333333333,
        0.008333333333333333,
        0.1,
        0.008333333333333333,
        0.008333333333333333,
        0.2791666666666667,
        0.008333333333333333,
        0.1,
        2.095833333333333,
        0.0,
        0.0,
        0.0,
        0.0
    ],
    "object_VehicleC.AbstractDynamicObject$v_max": [
        0.008333333333333333,
        0.09583333333333334,
        0.008333333333333333,
        0.008333333333333333,
        0.1,
        0.09583333333333334,
        0.008333333333333333,
        0.2791666666666667,
        0.09583333333333334,
        0.1,
        6.935833333333333,
        4.091666666666667,
        6.0875,
        0.0
    ],
    "object_VehicleC.AbstractDynamicObject$v_min": [
        0.008333333333333333,
        0.008333333333333333,
        0.008333333333333333,
        0.008333333333333333,
        0.1,
        0.008333333333333333,
        0.008333333333333333,
        0.2791666666666667,
        0.008333333333333333,
        0.1,
        2.095833333333333,
        4.091666666666667,
        6.0875,
        0.0
    ],
    "object_VehicleC.AbstractDynamicObject$width_max": [
        0.0,
        0.0,
        0.0,
        0.0,
        0.0,
        0.0,
        0.0,
        0.0,
        0.0,
        0.0,
        0.0,
        0.0,
        0.0,
        0.0
    ],
    "object_VehicleC.AbstractDynamicObject$width_min": [
        1.5,
        1.5,
        1.5,
        1.5,
        1.5,
        1.5,
        1.5,
        1.5,
        1.5,
        1.5,
        1.5,
        1.5,
        1.5,
        0.0
    ],
    "object_VehicleC.AbstractDynamicObject$x": [
        -0.7541666666666667,
        -0.7541666666666667,
        -0.7541666666666667,
        -0.7541666666666667,
        -0.7541666666666667,
        -0.7541666666666667,
        -0.7541666666666667,
        -0.7541666666666667,
        -0.7541666666666667,
        -0.7541666666666667,
        -0.7541666666666667,
        -0.7541666666666667,
        -0.7541666666666667,
        -0.7541666666666667
    ],
    "object_VehicleC.AbstractDynamicObject$x2": [
        -0.7541666666666667,
        -0.7541666666666667,
        -0.7541666666666667,
        -0.7541666666666667,
        -0.7541666666666667,
        -0.7541666666666667,
        -0.7541666666666667,
        -0.7541666666666667,
        -0.7541666666666667,
        -0.7541666666666667,
        -0.7541666666666667,
        -0.7541666666666667,
        -0.7541666666666667,
        -0.7541666666666667
    ],
    "object_VehicleC.AbstractDynamicObject$y": [
        5.691666666666666,
        5.683333333333334,
        5.675,
        5.666666666666667,
        5.6125,
        5.558333333333334,
        5.55,
        5.40625,
        5.2625,
        5.208333333333333,
        4.110416666666667,
        1.0166666666666666,
        -4.072916666666667,
        -7.120833333333334
    ],
    "object_VehicleC.AbstractDynamicObject$y2": [
        5.6875,
        5.679166666666666,
        5.670833333333333,
        5.6625,
        5.5625,
        5.554166666666666,
        5.545833333333333,
        5.266666666666667,
        5.258333333333334,
        5.158333333333333,
        3.0625,
        -1.0291666666666666,
        -7.116666666666666,
        -7.125
    ]
}