{
    "time": [
        0,
        1.0,
        2.0,
        3.0,
        4.0,
        5.0,
        6.0,
        7.0,
        8.0,
        9.0,
        10.0,
        11.0,
        12.0,
        13.0,
        14.0
    ],
    "object_EEELane.AbstractStaticDirectionalObject$direction": [
        0.0
    ],
    "object_EEELane.AbstractStaticHeadingObject$heading": [
        0.0
    ],
    "object_EEELane.AbstractStaticObject$length": [
        67.71666666666667
    ],
    "object_EEELane.AbstractStaticObject$width": [
        2.55
    ],
    "object_EEELane.AbstractStaticObject$x": [
        2.55
    ],
    "object_EEELane.AbstractStaticObject$y": [
        -1.275
    ],
    "object_ERoad.AbstractStaticHeadingObject$heading": [
        0.0
    ],
    "object_ERoad.AbstractStaticObject$length": [
        67.71666666666667
    ],
    "object_ERoad.AbstractStaticObject$width": [
        5.1
    ],
    "object_ERoad.AbstractStaticObject$x": [
        2.55
    ],
    "object_ERoad.AbstractStaticObject$y": [
        0.0
    ],
    "object_EWWLane.AbstractStaticDirectionalObject$direction": [
        3.1415926535
    ],
    "object_EWWLane.AbstractStaticHeadingObject$heading": [
        3.1415926535
    ],
    "object_EWWLane.AbstractStaticObject$length": [
        67.71666666666667
    ],
    "object_EWWLane.AbstractStaticObject$width": [
        2.55
    ],
    "object_EWWLane.AbstractStaticObject$x": [
        70.26666666666667
    ],
    "object_EWWLane.AbstractStaticObject$y": [
        1.275
    ],
    "object_Junction.AbstractStaticObject$length": [
        5.1
    ],
    "object_Junction.AbstractStaticObject$width": [
        5.1
    ],
    "object_Junction.AbstractStaticObject$x": [
        0.0
    ],
    "object_Junction.AbstractStaticObject$y": [
        0.0
    ],
    "object_NNNLane.AbstractStaticDirectionalObject$direction": [
        1.5707963267
    ],
    "object_NNNLane.AbstractStaticHeadingObject$heading": [
        1.5707963267
    ],
    "object_NNNLane.AbstractStaticObject$length": [
        12.865833333333333
    ],
    "object_NNNLane.AbstractStaticObject$width": [
        2.55
    ],
    "object_NNNLane.AbstractStaticObject$x": [
        1.275
    ],
    "object_NNNLane.AbstractStaticObject$y": [
        2.55
    ],
    "object_NRoad.AbstractStaticHeadingObject$heading": [
        1.5707963267
    ],
    "object_NRoad.AbstractStaticObject$length": [
        12.865833333333333
    ],
    "object_NRoad.AbstractStaticObject$width": [
        5.1
    ],
    "object_NRoad.AbstractStaticObject$x": [
        0.0
    ],
    "object_NRoad.AbstractStaticObject$y": [
        2.55
    ],
    "object_NSSLane.AbstractStaticDirectionalObject$direction": [
        4.7123889803
    ],
    "object_NSSLane.AbstractStaticHeadingObject$heading": [
        4.7123889803
    ],
    "object_NSSLane.AbstractStaticObject$length": [
        12.865833333333333
    ],
    "object_NSSLane.AbstractStaticObject$width": [
        2.55
    ],
    "object_NSSLane.AbstractStaticObject$x": [
        -1.275
    ],
    "object_NSSLane.AbstractStaticObject$y": [
        15.415833333333333
    ],
    "object_SNNLane.AbstractStaticDirectionalObject$direction": [
        1.5707963267
    ],
    "object_SNNLane.AbstractStaticHeadingObject$heading": [
        1.5707963267
    ],
    "object_SNNLane.AbstractStaticObject$length": [
        26.0225
    ],
    "object_SNNLane.AbstractStaticObject$width": [
        2.55
    ],
    "object_SNNLane.AbstractStaticObject$x": [
        1.275
    ],
    "object_SNNLane.AbstractStaticObject$y": [
        -28.5725
    ],
    "object_SRoad.AbstractStaticHeadingObject$heading": [
        4.7123889803
    ],
    "object_SRoad.AbstractStaticObject$length": [
        26.0225
    ],
    "object_SRoad.AbstractStaticObject$width": [
        5.1
    ],
    "object_SRoad.AbstractStaticObject$x": [
        0.0
    ],
    "object_SRoad.AbstractStaticObject$y": [
        -2.55
    ],
    "object_SSSLane.AbstractStaticDirectionalObject$direction": [
        4.7123889803
    ],
    "object_SSSLane.AbstractStaticHeadingObject$heading": [
        4.7123889803
    ],
    "object_SSSLane.AbstractStaticObject$length": [
        26.0225
    ],
    "object_SSSLane.AbstractStaticObject$width": [
        2.55
    ],
    "object_SSSLane.AbstractStaticObject$x": [
        -1.275
    ],
    "object_SSSLane.AbstractStaticObject$y": [
        -2.55
    ],
    "object_WEELane.AbstractStaticDirectionalObject$direction": [
        0.0
    ],
    "object_WEELane.AbstractStaticHeadingObject$heading": [
        0.0
    ],
    "object_WEELane.AbstractStaticObject$length": [
        92.89166666666667
    ],
    "object_WEELane.AbstractStaticObject$width": [
        2.55
    ],
    "object_WEELane.AbstractStaticObject$x": [
        -95.44166666666666
    ],
    "object_WEELane.AbstractStaticObject$y": [
        -1.275
    ],
    "object_WRoad.AbstractStaticHeadingObject$heading": [
        3.1415926535
    ],
    "object_WRoad.AbstractStaticObject$length": [
        92.89166666666667
    ],
    "object_WRoad.AbstractStaticObject$width": [
        5.1
    ],
    "object_WRoad.AbstractStaticObject$x": [
        -2.55
    ],
    "object_WRoad.AbstractStaticObject$y": [
        0.0
    ],
    "object_WWWLane.AbstractStaticDirectionalObject$direction": [
        3.1415926535
    ],
    "object_WWWLane.AbstractStaticHeadingObject$heading": [
        3.1415926535
    ],
    "object_WWWLane.AbstractStaticObject$length": [
        92.89166666666667
    ],
    "object_WWWLane.AbstractStaticObject$width": [
        2.55
    ],
    "object_WWWLane.AbstractStaticObject$x": [
        -2.55
    ],
    "object_WWWLane.AbstractStaticObject$y": [
        1.275
    ],
    "object_World.World$occlusion_distance": [
        0.008333333333333333
    ],
    "object_World.World$occlusion_epsilon": [
        0.0
    ],
    "object_VehicleA.AbstractDynamicObject$a_max": [
        0.0,
        0.0,
        0.0,
        0.0,
        0.0,
        0.0,
        0.0,
        0.0,
        0.0,
        0.0,
        0.0,
        0.0,
        0.0,
        0.0
    ],
    "object_VehicleA.AbstractDynamicObject$a_min": [
        0.0,
        0.0,
        0.0,
        0.0,
        0.0,
        0.0,
        0.0,
        0.0,
        0.0,
        0.0,
        0.0,
        0.0,
        0.0,
        0.0
    ],
    "object_VehicleA.AbstractDynamicObject$bb_max_x_max": [
        0.8,
        65.48333333333333,
        52.99166666666667,
        40.483333333333334,
        0.8,
        0.8,
        0.8,
        0.8,
        0.8,
        0.8,
        0.8,
        13.3,
        0.8,
        0.0
    ],
    "object_VehicleA.AbstractDynamicObject$bb_max_x_min": [
        0.0,
        0.0,
        0.0,
        0.0,
        0.8,
        0.8,
        0.8,
        0.8,
        0.8,
        0.8,
        0.8,
        0.0,
        0.0,
        0.0
    ],
    "object_VehicleA.AbstractDynamicObject$bb_max_y_max": [
        1.1,
        1.1,
        1.1,
        1.1,
        1.1,
        1.1166666666666667,
        1.1166666666666667,
        1.1,
        1.1,
        1.1,
        1.1,
        1.1,
        1.1,
        0.0
    ],
    "object_VehicleA.AbstractDynamicObject$bb_max_y_min": [
        0.008333333333333333,
        0.0,
        0.0,
        0.0,
        1.1,
        -1.0916666666666666,
        1.1,
        1.1,
        -1.0916666666666666,
        1.1,
        1.1,
        0.008333333333333333,
        0.008333333333333333,
        0.0
    ],
    "object_VehicleA.AbstractDynamicObject$bb_min_x_max": [
        -0.008333333333333333,
        -0.008333333333333333,
        -0.008333333333333333,
        -0.008333333333333333,
        0.7916666666666666,
        0.7916666666666666,
        0.7916666666666666,
        0.7916666666666666,
        0.7916666666666666,
        -2.4,
        0.7916666666666666,
        -0.008333333333333333,
        -0.008333333333333333,
        0.0
    ],
    "object_VehicleA.AbstractDynamicObject$bb_min_x_min": [
        -2.4,
        -14.9,
        -2.4,
        -2.4,
        -2.4,
        -2.4,
        -83.65833333333333,
        -2.4,
        -2.4,
        -2.4,
        -2.4,
        -2.4,
        -54.40833333333333,
        0.0
    ],
    "object_VehicleA.AbstractDynamicObject$bb_min_y_max": [
        0.0,
        -0.008333333333333333,
        -0.008333333333333333,
        -0.008333333333333333,
        1.0916666666666666,
        -1.1,
        1.0916666666666666,
        1.0916666666666666,
        -1.1,
        1.0916666666666666,
        1.0916666666666666,
        0.0,
        0.0,
        0.0
    ],
    "object_VehicleA.AbstractDynamicObject$bb_min_y_min": [
        -1.1,
        -1.4333333333333333,
        -1.1,
        -1.4333333333333333,
        -1.1,
        -1.4333333333333333,
        -1.4416666666666667,
        -1.4333333333333333,
        -1.4333333333333333,
        -1.4333333333333333,
        -1.4333333333333333,
        -1.1,
        -1.1,
        0.0
    ],
    "object_VehicleA.AbstractDynamicObject$length_max": [
        0.0,
        0.0,
        0.0,
        0.0,
        0.0,
        0.0,
        0.0,
        0.0,
        0.0,
        0.0,
        0.0,
        0.0,
        0.0,
        0.0
    ],
    "object_VehicleA.AbstractDynamicObject$length_min": [
        4.8,
        4.8,
        4.8,
        4.8,
        4.8,
        4.8,
        4.8,
        4.8,
        4.8,
        4.8,
        4.8,
        4.8,
        4.8,
        0.0
    ],
    "object_VehicleA.AbstractDynamicObject$v2_max": [
        12.5,
        12.5,
        12.5,
        12.5,
        12.5,
        12.5,
        12.5,
        12.5,
        12.5,
        12.5,
        12.5,
        12.5,
        12.5,
        0.0
    ],
    "object_VehicleA.AbstractDynamicObject$v2_min": [
        12.5,
        12.5,
        12.5,
        12.5,
        12.5,
        12.5,
        12.5,
        12.5,
        12.5,
        12.5,
        12.5,
        12.5,
        12.5,
        0.0
    ],
    "object_VehicleA.AbstractDynamicObject$v_max": [
        12.5,
        12.5,
        12.5,
        12.5,
        12.5,
        12.5,
        12.5,
        12.5,
        12.5,
        12.5,
        12.5,
        12.5,
        12.5,
        0.0
    ],
    "object_VehicleA.AbstractDynamicObject$v_min": [
        12.5,
        12.5,
        12.5,
        12.5,
        12.5,
        12.5,
        12.5,
        12.5,
        12.5,
        12.5,
        12.5,
        12.5,
        12.5,
        0.0
    ],
    "object_VehicleA.AbstractDynamicObject$width_max": [
        0.0,
        0.0,
        0.0,
        0.0,
        0.0,
        0.0,
        0.0,
        0.0,
        0.0,
        0.0,
        0.0,
        0.0,
        0.0,
        0.0
    ],
    "object_VehicleA.AbstractDynamicObject$width_min": [
        2.2,
        2.2,
        2.2,
        2.2,
        2.2,
        2.2,
        2.2,
        2.2,
        2.2,
        2.2,
        2.2,
        2.2,
        2.2,
        0.0
    ],
    "object_VehicleA.AbstractDynamicObject$x": [
        -93.03333333333333,
        -80.53333333333333,
        -68.03333333333333,
        -55.53333333333333,
        -43.03333333333333,
        -30.533333333333335,
        -18.033333333333335,
        -5.533333333333333,
        6.966666666666667,
        19.466666666666665,
        31.966666666666665,
        44.46666666666667,
        56.96666666666667,
        69.46666666666667
    ],
    "object_VehicleA.AbstractDynamicObject$x2": [
        -86.78333333333333,
        -74.28333333333333,
        -61.78333333333333,
        -49.28333333333333,
        -36.78333333333333,
        -24.283333333333335,
        -11.783333333333333,
        0.7166666666666667,
        13.216666666666667,
        25.716666666666665,
        38.21666666666667,
        50.71666666666667,
        63.21666666666667,
        75.71666666666667
    ],
    "object_VehicleA.AbstractDynamicObject$y": [
        -1.1083333333333334,
        -1.1083333333333334,
        -1.1083333333333334,
        -1.1083333333333334,
        -1.1083333333333334,
        -1.1083333333333334,
        -1.1083333333333334,
        -1.1083333333333334,
        -1.1083333333333334,
        -1.1083333333333334,
        -1.1083333333333334,
        -1.1083333333333334,
        -1.1083333333333334,
        -1.1083333333333334
    ],
    "object_VehicleA.AbstractDynamicObject$y2": [
        -1.1083333333333334,
        -1.1083333333333334,
        -1.1083333333333334,
        -1.1083333333333334,
        -1.1083333333333334,
        -1.1083333333333334,
        -1.1083333333333334,
        -1.1083333333333334,
        -1.1083333333333334,
        -1.1083333333333334,
        -1.1083333333333334,
        -1.1083333333333334,
        -1.1083333333333334,
        -1.1083333333333334
    ],
    "object_VehicleB.AbstractDynamicObject$a_max": [
        0.0,
        0.0,
        0.0,
        0.08333333333333333,
        0.15555555555555556,
        -0.2388888888888889,
        13.872222222222222,
        0.0,
        0.0,
        -13.872222222222222,
        0.0,
        0.0,
        0.0,
        0.0
    ],
    "object_VehicleB.AbstractDynamicObject$a_min": [
        0.0,
        0.0,
        0.0,
        0.08333333333333333,
        0.15555555555555556,
        -0.2388888888888889,
        13.872222222222222,
        0.0,
        0.0,
        -13.872222222222222,
        0.0,
        0.0,
        0.0,
        0.0
    ],
    "object_VehicleB.AbstractDynamicObject$bb_max_x_max": [
        2.4,
        66.81666666666666,
        2.4,
        2.4,
        2.4,
        2.4,
        2.4,
        2.4,
        2.4,
        2.4,
        36.08888888888889,
        36.105555555555554,
        36.12222222222222,
        0.0
    ],
    "object_VehicleB.AbstractDynamicObject$bb_max_x_min": [
        0.0,
        0.008333333333333333,
        0.008333333333333333,
        0.008333333333333333,
        2.4,
        2.4,
        2.4,
        2.4,
        2.4,
        2.4,
        2.4,
        0.008333333333333333,
        0.0,
        0.0
    ],
    "object_VehicleB.AbstractDynamicObject$bb_max_y_max": [
        1.1,
        1.4333333333333333,
        1.45,
        1.4333333333333333,
        1.45,
        1.1,
        1.1,
        1.1,
        1.1,
        1.1,
        1.1,
        1.1,
        1.4333333333333333,
        0.0
    ],
    "object_VehicleB.AbstractDynamicObject$bb_max_y_min": [
        0.008333333333333333,
        0.0,
        0.0,
        0.008333333333333333,
        1.1,
        1.1,
        1.1,
        1.1,
        1.1,
        1.1,
        1.1,
        0.008333333333333333,
        0.0,
        0.0
    ],
    "object_VehicleB.AbstractDynamicObject$bb_min_x_max": [
        -0.008333333333333333,
        0.0,
        0.0,
        0.0,
        -0.8,
        -0.8,
        -0.8,
        -0.8,
        -0.8,
        -0.8,
        -0.8,
        0.0,
        -0.008333333333333333,
        0.0
    ],
    "object_VehicleB.AbstractDynamicObject$bb_min_x_min": [
        -0.8916666666666667,
        -0.875,
        -0.8,
        -0.8,
        -0.8,
        -0.8,
        -91.53333333333333,
        -0.8,
        -0.8,
        -0.8,
        -56.78611111111111,
        -0.8,
        -56.74444444444445,
        0.0
    ],
    "object_VehicleB.AbstractDynamicObject$bb_min_y_max": [
        0.0,
        -0.008333333333333333,
        0.0,
        0.0,
        1.1,
        28.805555555555557,
        -1.1,
        -1.1,
        1.0916666666666666,
        -1.1,
        -1.1,
        0.0,
        -0.008333333333333333,
        0.0
    ],
    "object_VehicleB.AbstractDynamicObject$bb_min_y_min": [
        -1.1,
        -1.1,
        -1.1,
        -1.1,
        -1.1166666666666667,
        -1.1,
        -1.1,
        -1.1,
        -1.1,
        -1.1,
        -1.1,
        -1.1,
        -1.1,
        0.0
    ],
    "object_VehicleB.AbstractDynamicObject$length_max": [
        0.0,
        0.0,
        0.0,
        0.0,
        0.0,
        0.0,
        0.0,
        0.0,
        0.0,
        0.0,
        0.0,
        0.0,
        0.0,
        0.0
    ],
    "object_VehicleB.AbstractDynamicObject$length_min": [
        4.8,
        4.8,
        4.8,
        4.8,
        4.8,
        4.8,
        4.8,
        4.8,
        4.8,
        4.8,
        4.8,
        4.8,
        4.8,
        0.0
    ],
    "object_VehicleB.AbstractDynamicObject$v2_max": [
        0.1,
        0.1,
        13.88888888888889,
        0.1,
        0.25555555555555554,
        0.016666666666666666,
        13.88888888888889,
        13.88888888888889,
        13.88888888888889,
        0.016666666666666666,
        0.016666666666666666,
        0.016666666666666666,
        0.016666666666666666,
        0.0
    ],
    "object_VehicleB.AbstractDynamicObject$v2_min": [
        0.016666666666666666,
        0.016666666666666666,
        0.016666666666666666,
        0.0,
        0.0,
        0.0,
        0.0,
        0.0,
        0.0,
        0.0,
        0.0,
        0.0,
        0.0,
        0.0
    ],
    "object_VehicleB.AbstractDynamicObject$v_max": [
        0.016666666666666666,
        0.016666666666666666,
        0.016666666666666666,
        0.09166666666666666,
        0.1,
        13.88888888888889,
        13.88888888888889,
        13.88888888888889,
        13.88888888888889,
        13.88888888888889,
        13.88888888888889,
        13.88888888888889,
        0.016666666666666666,
        0.0
    ],
    "object_VehicleB.AbstractDynamicObject$v_min": [
        0.016666666666666666,
        0.016666666666666666,
        0.016666666666666666,
        0.016666666666666666,
        0.1,
        0.25555555555555554,
        0.016666666666666666,
        13.88888888888889,
        13.88888888888889,
        13.88888888888889,
        0.016666666666666666,
        0.016666666666666666,
        0.016666666666666666,
        0.0
    ],
    "object_VehicleB.AbstractDynamicObject$width_max": [
        0.0,
        0.0,
        0.0,
        0.0,
        0.0,
        0.0,
        0.0,
        0.0,
        0.0,
        0.0,
        0.0,
        0.0,
        0.0,
        0.0
    ],
    "object_VehicleB.AbstractDynamicObject$width_min": [
        2.2,
        2.2,
        2.2,
        2.2,
        2.2,
        2.2,
        2.2,
        2.2,
        2.2,
        2.2,
        2.2,
        2.2,
        2.2,
        0.0
    ],
    "object_VehicleB.AbstractDynamicObject$x": [
        3.4583333333333335,
        3.441666666666667,
        3.425,
        3.408333333333333,
        3.35,
        3.172222222222222,
        3.036111111111111,
        -3.9166666666666665,
        -17.805555555555557,
        -31.694444444444443,
        -38.647222222222226,
        -38.66388888888889,
        -38.68055555555556,
        -38.69722222222222
    ],
    "object_VehicleB.AbstractDynamicObject$x2": [
        3.45,
        3.433333333333333,
        3.4166666666666665,
        3.4,
        3.3,
        3.0444444444444443,
        3.0277777777777777,
        -10.86111111111111,
        -24.75,
        -38.638888888888886,
        -38.65555555555556,
        -38.672222222222224,
        -38.68888888888889,
        -38.705555555555556
    ],
    "object_VehicleB.AbstractDynamicObject$y": [
        1.1083333333333334,
        1.1083333333333334,
        1.1083333333333334,
        1.1083333333333334,
        1.1083333333333334,
        1.1083333333333334,
        1.1083333333333334,
        1.1083333333333334,
        1.1083333333333334,
        1.1083333333333334,
        1.1083333333333334,
        1.1083333333333334,
        1.1083333333333334,
        1.1083333333333334
    ],
    "object_VehicleB.AbstractDynamicObject$y2": [
        1.1083333333333334,
        1.1083333333333334,
        1.1083333333333334,
        1.1083333333333334,
        1.1083333333333334,
        1.1083333333333334,
        1.1083333333333334,
        1.1083333333333334,
        1.1083333333333334,
        1.1083333333333334,
        1.1083333333333334,
        1.1083333333333334,
        1.1083333333333334,
        1.1083333333333334
    ],
    "object_VehicleC.AbstractDynamicObject$a_max": [
        0.0,
        0.0,
        1.9916666666666667,
        1.9916666666666667,
        1.9916666666666667,
        1.9916666666666667,
        1.9916666666666667,
        0.8566666666666667,
        1.9916666666666667,
        1.9916666666666667,
        0.0,
        -6.915,
        0.0,
        0.0
    ],
    "object_VehicleC.AbstractDynamicObject$a_min": [
        0.0,
        0.0,
        0.0,
        0.08333333333333333,
        1.9916666666666667,
        1.9916666666666667,
        1.9916666666666667,
        0.8566666666666667,
        0.0,
        0.0,
        0.0,
        -6.915,
        0.0,
        0.0
    ],
    "object_VehicleC.AbstractDynamicObject$bb_max_x_max": [
        0.75,
        0.75,
        0.75,
        0.75,
        0.75,
        0.75,
        0.75,
        0.7583333333333333,
        0.75,
        0.75,
        0.75,
        0.75,
        0.75,
        0.0
    ],
    "object_VehicleC.AbstractDynamicObject$bb_max_x_min": [
        0.0,
        0.0,
        0.0,
        0.008333333333333333,
        -0.7416666666666667,
        0.75,
        -0.7416666666666667,
        -0.7416666666666667,
        -0.7416666666666667,
        0.0,
        -0.7416666666666667,
        0.008333333333333333,
        0.0,
        0.0
    ],
    "object_VehicleC.AbstractDynamicObject$bb_max_y_max": [
        0.82,
        0.8366666666666667,
        0.8866666666666667,
        0.87,
        0.82,
        0.82,
        0.82,
        10.190833333333334,
        0.82,
        0.82,
        0.82,
        0.82,
        0.82,
        0.0
    ],
    "object_VehicleC.AbstractDynamicObject$bb_max_y_min": [
        0.008333333333333333,
        0.008333333333333333,
        0.008333333333333333,
        0.008333333333333333,
        -2.9916666666666667,
        -2.9916666666666667,
        -2.9916666666666667,
        0.0,
        0.82,
        0.82,
        -2.9916666666666667,
        0.008333333333333333,
        0.008333333333333333,
        0.0
    ],
    "object_VehicleC.AbstractDynamicObject$bb_min_x_max": [
        -0.008333333333333333,
        -0.008333333333333333,
        -0.008333333333333333,
        0.0,
        -0.75,
        -0.75,
        -0.75,
        -0.75,
        -0.75,
        -0.75,
        -0.75,
        0.0,
        -0.008333333333333333,
        0.0
    ],
    "object_VehicleC.AbstractDynamicObject$bb_min_x_min": [
        -0.75,
        -1.7833333333333334,
        -0.75,
        -1.7833333333333334,
        -0.75,
        -0.75,
        -0.75,
        -0.75,
        -0.75,
        -0.75,
        -0.75,
        -1.7833333333333334,
        -1.7833333333333334,
        0.0
    ],
    "object_VehicleC.AbstractDynamicObject$bb_min_y_max": [
        0.0,
        0.0,
        0.0,
        0.0,
        -3.0,
        -3.0,
        -3.0,
        -3.0,
        -3.0,
        -3.0,
        -3.0,
        0.0,
        0.0,
        0.0
    ],
    "object_VehicleC.AbstractDynamicObject$bb_min_y_min": [
        -12.020833333333334,
        -12.004166666666666,
        -3.0,
        -11.929166666666667,
        -3.0,
        -38.876666666666665,
        -3.0,
        -3.0,
        -3.0,
        -3.0,
        -3.0,
        -3.0,
        -3.0,
        0.0
    ],
    "object_VehicleC.AbstractDynamicObject$length_max": [
        0.0,
        0.0,
        0.0,
        0.0,
        0.0,
        0.0,
        0.0,
        0.0,
        0.0,
        0.0,
        0.0,
        0.0,
        0.0,
        0.0
    ],
    "object_VehicleC.AbstractDynamicObject$length_min": [
        1.65,
        1.65,
        1.65,
        1.65,
        1.65,
        1.65,
        1.65,
        1.65,
        1.65,
        1.65,
        1.65,
        1.65,
        1.65,
        0.0
    ],
    "object_VehicleC.AbstractDynamicObject$v2_max": [
        0.016666666666666666,
        0.016666666666666666,
        0.10833333333333334,
        0.1,
        2.091666666666667,
        4.083333333333333,
        6.075,
        6.931666666666667,
        6.931666666666667,
        6.931666666666667,
        6.931666666666667,
        0.016666666666666666,
        0.016666666666666666,
        0.0
    ],
    "object_VehicleC.AbstractDynamicObject$v2_min": [
        0.016666666666666666,
        0.016666666666666666,
        0.016666666666666666,
        0.1,
        2.091666666666667,
        4.083333333333333,
        6.075,
        6.931666666666667,
        6.931666666666667,
        6.931666666666667,
        0.0,
        0.0,
        0.0,
        0.0
    ],
    "object_VehicleC.AbstractDynamicObject$v_max": [
        0.016666666666666666,
        0.09166666666666666,
        0.016666666666666666,
        0.09166666666666666,
        0.1,
        2.091666666666667,
        4.083333333333333,
        6.075,
        6.931666666666667,
        6.931666666666667,
        6.931666666666667,
        6.931666666666667,
        0.016666666666666666,
        0.0
    ],
    "object_VehicleC.AbstractDynamicObject$v_min": [
        0.016666666666666666,
        0.016666666666666666,
        0.016666666666666666,
        0.016666666666666666,
        0.1,
        2.091666666666667,
        4.083333333333333,
        6.075,
        6.931666666666667,
        6.931666666666667,
        6.931666666666667,
        6.931666666666667,
        0.016666666666666666,
        0.0
    ],
    "object_VehicleC.AbstractDynamicObject$width_max": [
        0.0,
        0.0,
        0.0,
        0.0,
        0.0,
        0.0,
        0.0,
        0.0,
        0.0,
        0.0,
        0.0,
        0.0,
        0.0,
        0.0
    ],
    "object_VehicleC.AbstractDynamicObject$width_min": [
        1.5,
        1.5,
        1.5,
        1.5,
        1.5,
        1.5,
        1.5,
        1.5,
        1.5,
        1.5,
        1.5,
        1.5,
        1.5,
        0.0
    ],
    "object_VehicleC.AbstractDynamicObject$x": [
        -0.7583333333333333,
        -0.7583333333333333,
        -0.7583333333333333,
        -0.7583333333333333,
        -0.7583333333333333,
        -0.7583333333333333,
        -0.7583333333333333,
        -0.7583333333333333,
        -0.7583333333333333,
        -0.7583333333333333,
        -0.7583333333333333,
        -0.7583333333333333,
        -0.7583333333333333,
        -0.7583333333333333
    ],
    "object_VehicleC.AbstractDynamicObject$x2": [
        -0.7583333333333333,
        -0.7583333333333333,
        -0.7583333333333333,
        -0.7583333333333333,
        -0.7583333333333333,
        -0.7583333333333333,
        -0.7583333333333333,
        -0.7583333333333333,
        -0.7583333333333333,
        -0.7583333333333333,
        -0.7583333333333333,
        -0.7583333333333333,
        -0.7583333333333333,
        -0.7583333333333333
    ],
    "object_VehicleC.AbstractDynamicObject$y": [
        14.5875,
        14.570833333333333,
        14.554166666666667,
        14.5375,
        14.479166666666666,
        13.383333333333333,
        10.295833333333333,
        5.216666666666667,
        -1.2866666666666666,
        -8.218333333333334,
        -15.15,
        -22.081666666666667,
        -25.555833333333332,
        -25.5725
    ],
    "object_VehicleC.AbstractDynamicObject$y2": [
        14.579166666666667,
        14.5625,
        14.545833333333333,
        14.529166666666667,
        14.429166666666667,
        12.3375,
        8.254166666666666,
        2.1791666666666667,
        -4.7525,
        -11.684166666666666,
        -18.615833333333335,
        -25.5475,
        -25.564166666666665,
        -25.580833333333334
    ]
}