{
    "time": [
        0,
        1.0,
        2.0,
        3.0,
        4.0,
        5.0,
        6.0,
        7.0,
        8.0,
        9.0,
        10.0,
        11.0,
        12.0,
        13.0,
        14.0
    ],
    "object_EEELane.AbstractStaticDirectionalObject$direction": [
        0.0
    ],
    "object_EEELane.AbstractStaticHeadingObject$heading": [
        0.0
    ],
    "object_EEELane.AbstractStaticObject$length": [
        30.233333333333334
    ],
    "object_EEELane.AbstractStaticObject$width": [
        2.55
    ],
    "object_EEELane.AbstractStaticObject$x": [
        2.55
    ],
    "object_EEELane.AbstractStaticObject$y": [
        -1.275
    ],
    "object_ERoad.AbstractStaticHeadingObject$heading": [
        0.0
    ],
    "object_ERoad.AbstractStaticObject$length": [
        30.233333333333334
    ],
    "object_ERoad.AbstractStaticObject$width": [
        5.1
    ],
    "object_ERoad.AbstractStaticObject$x": [
        2.55
    ],
    "object_ERoad.AbstractStaticObject$y": [
        0.0
    ],
    "object_EWWLane.AbstractStaticDirectionalObject$direction": [
        3.1415926535
    ],
    "object_EWWLane.AbstractStaticHeadingObject$heading": [
        3.1415926535
    ],
    "object_EWWLane.AbstractStaticObject$length": [
        30.233333333333334
    ],
    "object_EWWLane.AbstractStaticObject$width": [
        2.55
    ],
    "object_EWWLane.AbstractStaticObject$x": [
        32.78333333333333
    ],
    "object_EWWLane.AbstractStaticObject$y": [
        1.275
    ],
    "object_Junction.AbstractStaticObject$length": [
        5.1
    ],
    "object_Junction.AbstractStaticObject$width": [
        5.1
    ],
    "object_Junction.AbstractStaticObject$x": [
        0.0
    ],
    "object_Junction.AbstractStaticObject$y": [
        0.0
    ],
    "object_NNNLane.AbstractStaticDirectionalObject$direction": [
        1.5707963267
    ],
    "object_NNNLane.AbstractStaticHeadingObject$heading": [
        1.5707963267
    ],
    "object_NNNLane.AbstractStaticObject$length": [
        5.183958333333333
    ],
    "object_NNNLane.AbstractStaticObject$width": [
        2.55
    ],
    "object_NNNLane.AbstractStaticObject$x": [
        1.275
    ],
    "object_NNNLane.AbstractStaticObject$y": [
        2.55
    ],
    "object_NRoad.AbstractStaticHeadingObject$heading": [
        1.5707963267
    ],
    "object_NRoad.AbstractStaticObject$length": [
        5.183958333333333
    ],
    "object_NRoad.AbstractStaticObject$width": [
        5.1
    ],
    "object_NRoad.AbstractStaticObject$x": [
        0.0
    ],
    "object_NRoad.AbstractStaticObject$y": [
        2.55
    ],
    "object_NSSLane.AbstractStaticDirectionalObject$direction": [
        4.7123889803
    ],
    "object_NSSLane.AbstractStaticHeadingObject$heading": [
        4.7123889803
    ],
    "object_NSSLane.AbstractStaticObject$length": [
        5.183958333333333
    ],
    "object_NSSLane.AbstractStaticObject$width": [
        2.55
    ],
    "object_NSSLane.AbstractStaticObject$x": [
        -1.275
    ],
    "object_NSSLane.AbstractStaticObject$y": [
        7.733958333333334
    ],
    "object_SNNLane.AbstractStaticDirectionalObject$direction": [
        1.5707963267
    ],
    "object_SNNLane.AbstractStaticHeadingObject$heading": [
        1.5707963267
    ],
    "object_SNNLane.AbstractStaticObject$length": [
        6.971875
    ],
    "object_SNNLane.AbstractStaticObject$width": [
        2.55
    ],
    "object_SNNLane.AbstractStaticObject$x": [
        1.275
    ],
    "object_SNNLane.AbstractStaticObject$y": [
        -9.521875
    ],
    "object_SRoad.AbstractStaticHeadingObject$heading": [
        4.7123889803
    ],
    "object_SRoad.AbstractStaticObject$length": [
        6.971875
    ],
    "object_SRoad.AbstractStaticObject$width": [
        5.1
    ],
    "object_SRoad.AbstractStaticObject$x": [
        0.0
    ],
    "object_SRoad.AbstractStaticObject$y": [
        -2.55
    ],
    "object_SSSLane.AbstractStaticDirectionalObject$direction": [
        4.7123889803
    ],
    "object_SSSLane.AbstractStaticHeadingObject$heading": [
        4.7123889803
    ],
    "object_SSSLane.AbstractStaticObject$length": [
        6.971875
    ],
    "object_SSSLane.AbstractStaticObject$width": [
        2.55
    ],
    "object_SSSLane.AbstractStaticObject$x": [
        -1.275
    ],
    "object_SSSLane.AbstractStaticObject$y": [
        -2.55
    ],
    "object_WEELane.AbstractStaticDirectionalObject$direction": [
        0.0
    ],
    "object_WEELane.AbstractStaticHeadingObject$heading": [
        0.0
    ],
    "object_WEELane.AbstractStaticObject$length": [
        130.37083333333334
    ],
    "object_WEELane.AbstractStaticObject$width": [
        2.55
    ],
    "object_WEELane.AbstractStaticObject$x": [
        -132.92083333333332
    ],
    "object_WEELane.AbstractStaticObject$y": [
        -1.275
    ],
    "object_WRoad.AbstractStaticHeadingObject$heading": [
        3.1415926535
    ],
    "object_WRoad.AbstractStaticObject$length": [
        130.37083333333334
    ],
    "object_WRoad.AbstractStaticObject$width": [
        5.1
    ],
    "object_WRoad.AbstractStaticObject$x": [
        -2.55
    ],
    "object_WRoad.AbstractStaticObject$y": [
        0.0
    ],
    "object_WWWLane.AbstractStaticDirectionalObject$direction": [
        3.1415926535
    ],
    "object_WWWLane.AbstractStaticHeadingObject$heading": [
        3.1415926535
    ],
    "object_WWWLane.AbstractStaticObject$length": [
        130.37083333333334
    ],
    "object_WWWLane.AbstractStaticObject$width": [
        2.55
    ],
    "object_WWWLane.AbstractStaticObject$x": [
        -2.55
    ],
    "object_WWWLane.AbstractStaticObject$y": [
        1.275
    ],
    "object_World.World$occlusion_distance": [
        0.004166666666666667
    ],
    "object_World.World$occlusion_epsilon": [
        0.0
    ],
    "object_VehicleA.AbstractDynamicObject$a_max": [
        0.0,
        0.0,
        0.0,
        0.0,
        0.0,
        0.0,
        0.0,
        0.0,
        0.0,
        0.0,
        0.0,
        0.0,
        0.0,
        0.0
    ],
    "object_VehicleA.AbstractDynamicObject$a_min": [
        0.0,
        0.0,
        0.0,
        0.0,
        0.0,
        0.0,
        0.0,
        0.0,
        0.0,
        0.0,
        0.0,
        0.0,
        0.0,
        0.0
    ],
    "object_VehicleA.AbstractDynamicObject$bb_max_x_max": [
        0.8,
        102.97083333333333,
        90.46666666666667,
        77.96666666666667,
        0.8,
        0.8,
        0.8,
        0.8,
        0.8,
        9.2125,
        0.8,
        13.3,
        0.8,
        0.0
    ],
    "object_VehicleA.AbstractDynamicObject$bb_max_x_min": [
        0.0,
        0.0,
        0.0,
        0.0,
        0.8,
        0.8,
        0.8,
        0.8,
        0.8,
        0.8,
        0.8,
        0.0,
        0.0,
        0.0
    ],
    "object_VehicleA.AbstractDynamicObject$bb_max_y_max": [
        1.1,
        1.1083333333333334,
        1.1,
        1.1,
        1.1,
        1.1,
        1.1,
        1.1,
        1.1,
        1.1,
        1.1,
        1.1,
        1.1,
        0.0
    ],
    "object_VehicleA.AbstractDynamicObject$bb_max_y_min": [
        0.004166666666666667,
        0.0,
        -1.0958333333333334,
        0.0,
        1.1,
        -1.0958333333333334,
        1.1,
        1.1,
        1.1,
        1.1,
        1.1,
        0.004166666666666667,
        0.004166666666666667,
        0.0
    ],
    "object_VehicleA.AbstractDynamicObject$bb_min_x_max": [
        -0.004166666666666667,
        -0.004166666666666667,
        -0.004166666666666667,
        -0.004166666666666667,
        0.7958333333333333,
        0.7958333333333333,
        0.7958333333333333,
        0.7958333333333333,
        0.7958333333333333,
        0.7958333333333333,
        0.7958333333333333,
        -0.004166666666666667,
        -0.004166666666666667,
        0.0
    ],
    "object_VehicleA.AbstractDynamicObject$bb_min_x_min": [
        -2.4,
        -27.408333333333335,
        -27.4,
        -46.15416666666667,
        -52.4,
        -2.4,
        -2.4,
        -2.4,
        -2.4,
        -2.4,
        -2.4,
        -2.4,
        -16.929166666666667,
        0.0
    ],
    "object_VehicleA.AbstractDynamicObject$bb_min_y_max": [
        0.0,
        -0.004166666666666667,
        -1.1,
        -0.004166666666666667,
        1.0958333333333334,
        -1.1,
        1.0958333333333334,
        -1.1,
        1.0958333333333334,
        1.0958333333333334,
        -1.1,
        0.0,
        0.0,
        0.0
    ],
    "object_VehicleA.AbstractDynamicObject$bb_min_y_min": [
        -1.1,
        -1.45,
        -1.4416666666666667,
        -1.1,
        -1.4416666666666667,
        -1.4416666666666667,
        -1.4416666666666667,
        -1.4416666666666667,
        -1.4416666666666667,
        -1.4416666666666667,
        -1.1,
        -1.4416666666666667,
        -1.1,
        0.0
    ],
    "object_VehicleA.AbstractDynamicObject$length_max": [
        0.0,
        0.0,
        0.0,
        0.0,
        0.0,
        0.0,
        0.0,
        0.0,
        0.0,
        0.0,
        0.0,
        0.0,
        0.0,
        0.0
    ],
    "object_VehicleA.AbstractDynamicObject$length_min": [
        4.8,
        4.8,
        4.8,
        4.8,
        4.8,
        4.8,
        4.8,
        4.8,
        4.8,
        4.8,
        4.8,
        4.8,
        4.8,
        0.0
    ],
    "object_VehicleA.AbstractDynamicObject$v2_max": [
        12.5,
        12.5,
        12.5,
        12.5,
        12.5,
        12.5,
        12.5,
        12.5,
        12.5,
        12.5,
        12.5,
        12.5,
        12.5,
        0.0
    ],
    "object_VehicleA.AbstractDynamicObject$v2_min": [
        12.5,
        12.5,
        12.5,
        12.5,
        12.5,
        12.5,
        12.5,
        12.5,
        12.5,
        12.5,
        12.5,
        12.5,
        12.5,
        0.0
    ],
    "object_VehicleA.AbstractDynamicObject$v_max": [
        12.5,
        12.5,
        12.5,
        12.5,
        12.5,
        12.5,
        12.5,
        12.5,
        12.5,
        12.5,
        12.5,
        12.5,
        12.5,
        0.0
    ],
    "object_VehicleA.AbstractDynamicObject$v_min": [
        12.5,
        12.5,
        12.5,
        12.5,
        12.5,
        12.5,
        12.5,
        12.5,
        12.5,
        12.5,
        12.5,
        12.5,
        12.5,
        0.0
    ],
    "object_VehicleA.AbstractDynamicObject$width_max": [
        0.0,
        0.0,
        0.0,
        0.0,
        0.0,
        0.0,
        0.0,
        0.0,
        0.0,
        0.0,
        0.0,
        0.0,
        0.0,
        0.0
    ],
    "object_VehicleA.AbstractDynamicObject$width_min": [
        2.2,
        2.2,
        2.2,
        2.2,
        2.2,
        2.2,
        2.2,
        2.2,
        2.2,
        2.2,
        2.2,
        2.2,
        2.2,
        0.0
    ],
    "object_VehicleA.AbstractDynamicObject$x": [
        -130.51666666666668,
        -118.01666666666667,
        -105.51666666666667,
        -93.01666666666667,
        -80.51666666666667,
        -68.01666666666667,
        -55.516666666666666,
        -43.016666666666666,
        -30.516666666666666,
        -18.016666666666666,
        -5.516666666666667,
        6.983333333333333,
        19.483333333333334,
        31.983333333333334
    ],
    "object_VehicleA.AbstractDynamicObject$x2": [
        -124.26666666666667,
        -111.76666666666667,
        -99.26666666666667,
        -86.76666666666667,
        -74.26666666666667,
        -61.766666666666666,
        -49.266666666666666,
        -36.766666666666666,
        -24.266666666666666,
        -11.766666666666667,
        0.7333333333333333,
        13.233333333333333,
        25.733333333333334,
        38.233333333333334
    ],
    "object_VehicleA.AbstractDynamicObject$y": [
        -1.1041666666666667,
        -1.1041666666666667,
        -1.1041666666666667,
        -1.1041666666666667,
        -1.1041666666666667,
        -1.1041666666666667,
        -1.1041666666666667,
        -1.1041666666666667,
        -1.1041666666666667,
        -1.1041666666666667,
        -1.1041666666666667,
        -1.1041666666666667,
        -1.1041666666666667,
        -1.1041666666666667
    ],
    "object_VehicleA.AbstractDynamicObject$y2": [
        -1.1041666666666667,
        -1.1041666666666667,
        -1.1041666666666667,
        -1.1041666666666667,
        -1.1041666666666667,
        -1.1041666666666667,
        -1.1041666666666667,
        -1.1041666666666667,
        -1.1041666666666667,
        -1.1041666666666667,
        -1.1041666666666667,
        -1.1041666666666667,
        -1.1041666666666667,
        -1.1041666666666667
    ],
    "object_VehicleB.AbstractDynamicObject$a_max": [
        0.0,
        0.0,
        0.09166666666666666,
        -0.09166666666666666,
        0.0,
        0.0,
        0.0,
        7.233333333333333,
        -7.233333333333333,
        0.0,
        13.880555555555556,
        0.0,
        -13.880555555555556,
        0.0
    ],
    "object_VehicleB.AbstractDynamicObject$a_min": [
        0.0,
        0.0,
        0.09166666666666666,
        -0.09166666666666666,
        0.0,
        0.0,
        0.0,
        7.233333333333333,
        -7.233333333333333,
        0.0,
        13.880555555555556,
        0.0,
        -13.880555555555556,
        0.0
    ],
    "object_VehicleB.AbstractDynamicObject$bb_max_x_max": [
        29.279166666666665,
        29.304166666666667,
        29.295833333333334,
        2.4,
        2.4,
        2.4,
        2.4,
        2.4,
        2.4,
        2.4,
        2.4,
        2.4,
        22.191666666666666,
        0.0
    ],
    "object_VehicleB.AbstractDynamicObject$bb_max_x_min": [
        0.0,
        0.004166666666666667,
        -0.7958333333333333,
        -0.7958333333333333,
        2.4,
        -0.7958333333333333,
        2.4,
        2.4,
        2.4,
        2.4,
        2.4,
        0.004166666666666667,
        0.0,
        0.0
    ],
    "object_VehicleB.AbstractDynamicObject$bb_max_y_max": [
        1.1,
        1.45,
        1.4416666666666667,
        1.1,
        1.4416666666666667,
        1.4416666666666667,
        1.4416666666666667,
        1.1,
        1.1,
        1.1,
        1.1,
        1.1,
        1.4416666666666667,
        0.0
    ],
    "object_VehicleB.AbstractDynamicObject$bb_max_y_min": [
        0.004166666666666667,
        0.0,
        1.1,
        0.004166666666666667,
        1.1,
        1.1,
        1.1,
        1.1,
        1.1,
        1.1,
        1.1,
        0.004166666666666667,
        0.0,
        0.0
    ],
    "object_VehicleB.AbstractDynamicObject$bb_min_x_max": [
        -0.004166666666666667,
        0.0,
        -0.8,
        -0.8,
        -0.8,
        -0.8,
        -0.8,
        -0.8,
        -0.8,
        -0.8,
        -0.8,
        0.0,
        -0.004166666666666667,
        0.0
    ],
    "object_VehicleB.AbstractDynamicObject$bb_min_x_min": [
        -0.9416666666666667,
        -0.9375,
        -0.8791666666666667,
        -0.8,
        -0.8,
        -0.8083333333333333,
        -0.8,
        -0.8,
        -0.8,
        -0.8,
        -0.8,
        -108.175,
        -101.22638888888889,
        0.0
    ],
    "object_VehicleB.AbstractDynamicObject$bb_min_y_max": [
        0.0,
        -0.004166666666666667,
        1.0958333333333334,
        0.0,
        1.0958333333333334,
        -1.1,
        -1.1,
        -1.1,
        -1.1,
        -1.1,
        -1.1,
        0.0,
        -0.004166666666666667,
        0.0
    ],
    "object_VehicleB.AbstractDynamicObject$bb_min_y_min": [
        -1.1,
        -1.1083333333333334,
        -1.1,
        -1.1,
        -1.1,
        -1.1,
        -1.1,
        -1.1,
        -1.1,
        -1.1,
        -1.1,
        -1.1,
        -1.1,
        0.0
    ],
    "object_VehicleB.AbstractDynamicObject$length_max": [
        0.0,
        0.0,
        0.0,
        0.0,
        0.0,
        0.0,
        0.0,
        0.0,
        0.0,
        0.0,
        0.0,
        0.0,
        0.0,
        0.0
    ],
    "object_VehicleB.AbstractDynamicObject$length_min": [
        4.8,
        4.8,
        4.8,
        4.8,
        4.8,
        4.8,
        4.8,
        4.8,
        4.8,
        4.8,
        4.8,
        4.8,
        4.8,
        0.0
    ],
    "object_VehicleB.AbstractDynamicObject$v2_max": [
        0.1,
        0.10416666666666667,
        0.1,
        13.88888888888889,
        0.008333333333333333,
        0.008333333333333333,
        0.1,
        7.241666666666666,
        0.1,
        0.008333333333333333,
        13.88888888888889,
        13.88888888888889,
        0.008333333333333333,
        0.0
    ],
    "object_VehicleB.AbstractDynamicObject$v2_min": [
        0.008333333333333333,
        0.008333333333333333,
        0.1,
        0.0,
        0.0,
        0.0,
        0.0,
        0.0,
        0.0,
        0.0,
        0.0,
        0.0,
        0.0,
        0.0
    ],
    "object_VehicleB.AbstractDynamicObject$v_max": [
        0.008333333333333333,
        0.008333333333333333,
        0.008333333333333333,
        13.88888888888889,
        0.09583333333333334,
        0.09583333333333334,
        0.008333333333333333,
        13.88888888888889,
        13.88888888888889,
        0.008333333333333333,
        0.09583333333333334,
        13.88888888888889,
        13.88888888888889,
        0.0
    ],
    "object_VehicleB.AbstractDynamicObject$v_min": [
        0.008333333333333333,
        0.008333333333333333,
        0.008333333333333333,
        0.1,
        0.008333333333333333,
        0.008333333333333333,
        0.008333333333333333,
        0.008333333333333333,
        7.241666666666666,
        0.008333333333333333,
        0.008333333333333333,
        13.88888888888889,
        13.88888888888889,
        0.0
    ],
    "object_VehicleB.AbstractDynamicObject$width_max": [
        0.0,
        0.0,
        0.0,
        0.0,
        0.0,
        0.0,
        0.0,
        0.0,
        0.0,
        0.0,
        0.0,
        0.0,
        0.0,
        0.0
    ],
    "object_VehicleB.AbstractDynamicObject$width_min": [
        2.2,
        2.2,
        2.2,
        2.2,
        2.2,
        2.2,
        2.2,
        2.2,
        2.2,
        2.2,
        2.2,
        2.2,
        2.2,
        0.0
    ],
    "object_VehicleB.AbstractDynamicObject$x": [
        3.5,
        3.4916666666666667,
        3.4833333333333334,
        3.4291666666666667,
        3.375,
        3.3666666666666667,
        3.3583333333333334,
        3.35,
        -0.275,
        -3.9,
        -3.908333333333333,
        -10.856944444444444,
        -24.745833333333334,
        -31.694444444444443
    ],
    "object_VehicleB.AbstractDynamicObject$x2": [
        3.495833333333333,
        3.4875,
        3.4791666666666665,
        3.379166666666667,
        3.370833333333333,
        3.3625,
        3.3541666666666665,
        3.345833333333333,
        -3.8958333333333335,
        -3.904166666666667,
        -3.9125,
        -17.801388888888887,
        -31.690277777777776,
        -31.698611111111113
    ],
    "object_VehicleB.AbstractDynamicObject$y": [
        1.1041666666666667,
        1.1041666666666667,
        1.1041666666666667,
        1.1041666666666667,
        1.1041666666666667,
        1.1041666666666667,
        1.1041666666666667,
        1.1041666666666667,
        1.1041666666666667,
        1.1041666666666667,
        1.1041666666666667,
        1.1041666666666667,
        1.1041666666666667,
        1.1041666666666667
    ],
    "object_VehicleB.AbstractDynamicObject$y2": [
        1.1041666666666667,
        1.1041666666666667,
        1.1041666666666667,
        1.1041666666666667,
        1.1041666666666667,
        1.1041666666666667,
        1.1041666666666667,
        1.1041666666666667,
        1.1041666666666667,
        1.1041666666666667,
        1.1041666666666667,
        1.1041666666666667,
        1.1041666666666667,
        1.1041666666666667
    ],
    "object_VehicleC.AbstractDynamicObject$a_max": [
        0.0,
        0.0,
        1.9958333333333333,
        1.9958333333333333,
        1.9958333333333333,
        0.0,
        1.9958333333333333,
        1.9958333333333333,
        1.9958333333333333,
        1.9958333333333333,
        1.9958333333333333,
        1.9958333333333333,
        1.9958333333333333,
        0.0
    ],
    "object_VehicleC.AbstractDynamicObject$a_min": [
        0.0,
        0.0,
        0.09166666666666666,
        -0.09166666666666666,
        0.0,
        0.0,
        0.09166666666666666,
        -0.09166666666666666,
        0.29125,
        1.9958333333333333,
        1.9958333333333333,
        1.9958333333333333,
        -6.27875,
        0.0
    ],
    "object_VehicleC.AbstractDynamicObject$bb_max_x_max": [
        0.75,
        0.7583333333333333,
        0.75,
        0.75,
        0.75,
        0.75,
        0.75,
        0.7541666666666667,
        0.75,
        0.75,
        0.75,
        0.7541666666666667,
        0.75,
        0.0
    ],
    "object_VehicleC.AbstractDynamicObject$bb_max_x_min": [
        0.0,
        0.0,
        0.75,
        0.75,
        -0.7458333333333333,
        0.75,
        -0.7458333333333333,
        -0.7458333333333333,
        -0.7458333333333333,
        0.75,
        -0.7458333333333333,
        0.004166666666666667,
        0.0,
        0.0
    ],
    "object_VehicleC.AbstractDynamicObject$bb_max_y_max": [
        0.82,
        0.845,
        0.8366666666666667,
        0.82,
        0.945,
        0.9533333333333334,
        0.9616666666666667,
        0.82,
        0.82,
        0.82,
        0.82,
        0.82,
        0.82,
        0.0
    ],
    "object_VehicleC.AbstractDynamicObject$bb_max_y_min": [
        0.004166666666666667,
        0.004166666666666667,
        0.004166666666666667,
        0.004166666666666667,
        -2.995833333333333,
        -2.995833333333333,
        -2.995833333333333,
        0.0,
        0.82,
        0.82,
        -2.995833333333333,
        0.004166666666666667,
        0.004166666666666667,
        0.0
    ],
    "object_VehicleC.AbstractDynamicObject$bb_min_x_max": [
        -0.004166666666666667,
        -0.004166666666666667,
        0.7458333333333333,
        0.7458333333333333,
        -0.75,
        -0.75,
        -0.75,
        -0.75,
        -0.75,
        0.7458333333333333,
        -0.75,
        0.0,
        -0.004166666666666667,
        0.0
    ],
    "object_VehicleC.AbstractDynamicObject$bb_min_x_min": [
        -0.75,
        -1.8,
        -1.7916666666666667,
        -0.75,
        -1.7916666666666667,
        -0.75,
        -0.75,
        -0.75,
        -0.75,
        -0.75,
        -0.75,
        -1.7916666666666667,
        -1.7916666666666667,
        0.0
    ],
    "object_VehicleC.AbstractDynamicObject$bb_min_y_max": [
        0.0,
        0.0,
        0.0,
        0.0,
        -3.0,
        -3.0,
        -3.0,
        -3.0,
        -3.0,
        -3.0,
        -3.0,
        0.0,
        0.0,
        0.0
    ],
    "object_VehicleC.AbstractDynamicObject$bb_min_y_min": [
        -4.351458333333333,
        -4.347291666666667,
        -4.288958333333333,
        -3.0,
        -3.0,
        -3.0,
        -3.0,
        -3.0,
        -3.0,
        -3.0,
        -3.0,
        -3.0,
        -3.0,
        0.0
    ],
    "object_VehicleC.AbstractDynamicObject$length_max": [
        0.0,
        0.0,
        0.0,
        0.0,
        0.0,
        0.0,
        0.0,
        0.0,
        0.0,
        0.0,
        0.0,
        0.0,
        0.0,
        0.0
    ],
    "object_VehicleC.AbstractDynamicObject$length_min": [
        1.65,
        1.65,
        1.65,
        1.65,
        1.65,
        1.65,
        1.65,
        1.65,
        1.65,
        1.65,
        1.65,
        1.65,
        1.65,
        0.0
    ],
    "object_VehicleC.AbstractDynamicObject$v2_max": [
        0.008333333333333333,
        0.10416666666666667,
        0.1,
        0.1,
        0.008333333333333333,
        0.008333333333333333,
        0.1,
        0.008333333333333333,
        0.2995833333333333,
        2.2954166666666667,
        4.29125,
        6.287083333333333,
        0.008333333333333333,
        0.0
    ],
    "object_VehicleC.AbstractDynamicObject$v2_min": [
        0.008333333333333333,
        0.008333333333333333,
        0.1,
        0.008333333333333333,
        0.008333333333333333,
        0.008333333333333333,
        0.1,
        0.008333333333333333,
        0.2995833333333333,
        2.2954166666666667,
        0.0,
        0.0,
        0.0,
        0.0
    ],
    "object_VehicleC.AbstractDynamicObject$v_max": [
        0.008333333333333333,
        0.09583333333333334,
        0.008333333333333333,
        0.1,
        0.008333333333333333,
        0.09583333333333334,
        0.008333333333333333,
        0.1,
        6.935833333333333,
        0.2995833333333333,
        2.2954166666666667,
        4.29125,
        6.935833333333333,
        0.0
    ],
    "object_VehicleC.AbstractDynamicObject$v_min": [
        0.008333333333333333,
        0.008333333333333333,
        0.008333333333333333,
        0.1,
        0.008333333333333333,
        0.008333333333333333,
        0.008333333333333333,
        0.1,
        0.008333333333333333,
        0.2995833333333333,
        2.2954166666666667,
        4.29125,
        6.287083333333333,
        0.0
    ],
    "object_VehicleC.AbstractDynamicObject$width_max": [
        0.0,
        0.0,
        0.0,
        0.0,
        0.0,
        0.0,
        0.0,
        0.0,
        0.0,
        0.0,
        0.0,
        0.0,
        0.0,
        0.0
    ],
    "object_VehicleC.AbstractDynamicObject$width_min": [
        1.5,
        1.5,
        1.5,
        1.5,
        1.5,
        1.5,
        1.5,
        1.5,
        1.5,
        1.5,
        1.5,
        1.5,
        1.5,
        0.0
    ],
    "object_VehicleC.AbstractDynamicObject$x": [
        -0.7541666666666667,
        -0.7541666666666667,
        -0.7541666666666667,
        -0.7541666666666667,
        -0.7541666666666667,
        -0.7541666666666667,
        -0.7541666666666667,
        -0.7541666666666667,
        -0.7541666666666667,
        -0.7541666666666667,
        -0.7541666666666667,
        -0.7541666666666667,
        -0.7541666666666667,
        -0.7541666666666667
    ],
    "object_VehicleC.AbstractDynamicObject$x2": [
        -0.7541666666666667,
        -0.7541666666666667,
        -0.7541666666666667,
        -0.7541666666666667,
        -0.7541666666666667,
        -0.7541666666666667,
        -0.7541666666666667,
        -0.7541666666666667,
        -0.7541666666666667,
        -0.7541666666666667,
        -0.7541666666666667,
        -0.7541666666666667,
        -0.7541666666666667,
        -0.7541666666666667
    ],
    "object_VehicleC.AbstractDynamicObject$y": [
        6.909791666666667,
        6.901458333333333,
        6.893125,
        6.838958333333333,
        6.784791666666667,
        6.776458333333333,
        6.768125,
        6.713958333333333,
        6.659791666666667,
        6.505833333333333,
        5.208333333333333,
        1.915,
        -3.3741666666666665,
        -6.521875
    ],
    "object_VehicleC.AbstractDynamicObject$y2": [
        6.905625,
        6.897291666666667,
        6.888958333333333,
        6.788958333333333,
        6.780625,
        6.772291666666667,
        6.763958333333333,
        6.663958333333333,
        6.655625,
        6.356041666666667,
        4.060625,
        -0.230625,
        -6.517708333333333,
        -6.526041666666667
    ]
}