{
    "time": [
        0,
        1.0,
        2.0,
        3.0,
        4.0,
        5.0,
        6.0,
        7.0,
        8.0,
        9.0,
        10.0,
        11.0,
        12.0,
        13.0,
        14.0
    ],
    "object_EEELane.AbstractStaticDirectionalObject$direction": [
        0.0
    ],
    "object_EEELane.AbstractStaticHeadingObject$heading": [
        0.0
    ],
    "object_EEELane.AbstractStaticObject$length": [
        30.241666666666667
    ],
    "object_EEELane.AbstractStaticObject$width": [
        2.55
    ],
    "object_EEELane.AbstractStaticObject$x": [
        2.55
    ],
    "object_EEELane.AbstractStaticObject$y": [
        -1.275
    ],
    "object_ERoad.AbstractStaticHeadingObject$heading": [
        0.0
    ],
    "object_ERoad.AbstractStaticObject$length": [
        30.241666666666667
    ],
    "object_ERoad.AbstractStaticObject$width": [
        5.1
    ],
    "object_ERoad.AbstractStaticObject$x": [
        2.55
    ],
    "object_ERoad.AbstractStaticObject$y": [
        0.0
    ],
    "object_EWWLane.AbstractStaticDirectionalObject$direction": [
        3.1415926535
    ],
    "object_EWWLane.AbstractStaticHeadingObject$heading": [
        3.1415926535
    ],
    "object_EWWLane.AbstractStaticObject$length": [
        30.241666666666667
    ],
    "object_EWWLane.AbstractStaticObject$width": [
        2.55
    ],
    "object_EWWLane.AbstractStaticObject$x": [
        32.791666666666664
    ],
    "object_EWWLane.AbstractStaticObject$y": [
        1.275
    ],
    "object_Junction.AbstractStaticObject$length": [
        5.1
    ],
    "object_Junction.AbstractStaticObject$width": [
        5.1
    ],
    "object_Junction.AbstractStaticObject$x": [
        0.0
    ],
    "object_Junction.AbstractStaticObject$y": [
        0.0
    ],
    "object_NNNLane.AbstractStaticDirectionalObject$direction": [
        1.5707963267
    ],
    "object_NNNLane.AbstractStaticHeadingObject$heading": [
        1.5707963267
    ],
    "object_NNNLane.AbstractStaticObject$length": [
        7.942916666666667
    ],
    "object_NNNLane.AbstractStaticObject$width": [
        2.55
    ],
    "object_NNNLane.AbstractStaticObject$x": [
        1.275
    ],
    "object_NNNLane.AbstractStaticObject$y": [
        2.55
    ],
    "object_NRoad.AbstractStaticHeadingObject$heading": [
        1.5707963267
    ],
    "object_NRoad.AbstractStaticObject$length": [
        7.942916666666667
    ],
    "object_NRoad.AbstractStaticObject$width": [
        5.1
    ],
    "object_NRoad.AbstractStaticObject$x": [
        0.0
    ],
    "object_NRoad.AbstractStaticObject$y": [
        2.55
    ],
    "object_NSSLane.AbstractStaticDirectionalObject$direction": [
        4.7123889803
    ],
    "object_NSSLane.AbstractStaticHeadingObject$heading": [
        4.7123889803
    ],
    "object_NSSLane.AbstractStaticObject$length": [
        7.942916666666667
    ],
    "object_NSSLane.AbstractStaticObject$width": [
        2.55
    ],
    "object_NSSLane.AbstractStaticObject$x": [
        -1.275
    ],
    "object_NSSLane.AbstractStaticObject$y": [
        10.492916666666666
    ],
    "object_SNNLane.AbstractStaticDirectionalObject$direction": [
        1.5707963267
    ],
    "object_SNNLane.AbstractStaticHeadingObject$heading": [
        1.5707963267
    ],
    "object_SNNLane.AbstractStaticObject$length": [
        4.25875
    ],
    "object_SNNLane.AbstractStaticObject$width": [
        2.55
    ],
    "object_SNNLane.AbstractStaticObject$x": [
        1.275
    ],
    "object_SNNLane.AbstractStaticObject$y": [
        -6.80875
    ],
    "object_SRoad.AbstractStaticHeadingObject$heading": [
        4.7123889803
    ],
    "object_SRoad.AbstractStaticObject$length": [
        4.25875
    ],
    "object_SRoad.AbstractStaticObject$width": [
        5.1
    ],
    "object_SRoad.AbstractStaticObject$x": [
        0.0
    ],
    "object_SRoad.AbstractStaticObject$y": [
        -2.55
    ],
    "object_SSSLane.AbstractStaticDirectionalObject$direction": [
        4.7123889803
    ],
    "object_SSSLane.AbstractStaticHeadingObject$heading": [
        4.7123889803
    ],
    "object_SSSLane.AbstractStaticObject$length": [
        4.25875
    ],
    "object_SSSLane.AbstractStaticObject$width": [
        2.55
    ],
    "object_SSSLane.AbstractStaticObject$x": [
        -1.275
    ],
    "object_SSSLane.AbstractStaticObject$y": [
        -2.55
    ],
    "object_WEELane.AbstractStaticDirectionalObject$direction": [
        0.0
    ],
    "object_WEELane.AbstractStaticHeadingObject$heading": [
        0.0
    ],
    "object_WEELane.AbstractStaticObject$length": [
        130.36041666666668
    ],
    "object_WEELane.AbstractStaticObject$width": [
        2.55
    ],
    "object_WEELane.AbstractStaticObject$x": [
        -132.91041666666666
    ],
    "object_WEELane.AbstractStaticObject$y": [
        -1.275
    ],
    "object_WRoad.AbstractStaticHeadingObject$heading": [
        3.1415926535
    ],
    "object_WRoad.AbstractStaticObject$length": [
        130.36041666666668
    ],
    "object_WRoad.AbstractStaticObject$width": [
        5.1
    ],
    "object_WRoad.AbstractStaticObject$x": [
        -2.55
    ],
    "object_WRoad.AbstractStaticObject$y": [
        0.0
    ],
    "object_WWWLane.AbstractStaticDirectionalObject$direction": [
        3.1415926535
    ],
    "object_WWWLane.AbstractStaticHeadingObject$heading": [
        3.1415926535
    ],
    "object_WWWLane.AbstractStaticObject$length": [
        130.36041666666668
    ],
    "object_WWWLane.AbstractStaticObject$width": [
        2.55
    ],
    "object_WWWLane.AbstractStaticObject$x": [
        -2.55
    ],
    "object_WWWLane.AbstractStaticObject$y": [
        1.275
    ],
    "object_World.World$occlusion_distance": [
        0.0020833333333333333
    ],
    "object_World.World$occlusion_epsilon": [
        0.0
    ],
    "object_VehicleA.AbstractDynamicObject$a_max": [
        0.0,
        0.0,
        0.0,
        0.0,
        0.0,
        0.0,
        0.0,
        0.0,
        0.0,
        0.0,
        0.0,
        0.0,
        0.0,
        0.0
    ],
    "object_VehicleA.AbstractDynamicObject$a_min": [
        0.0,
        0.0,
        0.0,
        0.0,
        0.0,
        0.0,
        0.0,
        0.0,
        0.0,
        0.0,
        0.0,
        0.0,
        0.0,
        0.0
    ],
    "object_VehicleA.AbstractDynamicObject$bb_max_x_max": [
        0.8,
        102.95833333333333,
        0.8,
        0.8,
        0.8,
        0.8,
        0.8,
        0.8,
        15.458333333333334,
        9.20625,
        0.8,
        13.3,
        0.8,
        0.0
    ],
    "object_VehicleA.AbstractDynamicObject$bb_max_x_min": [
        0.0,
        0.0,
        0.0,
        0.0,
        0.8,
        0.8,
        0.8,
        0.8,
        0.8,
        0.8,
        0.8,
        0.0,
        0.0,
        0.0
    ],
    "object_VehicleA.AbstractDynamicObject$bb_max_y_max": [
        1.1,
        1.1,
        1.1,
        1.1,
        1.1,
        1.1,
        1.1,
        1.1,
        1.1,
        1.1,
        1.1,
        1.1,
        1.1,
        0.0
    ],
    "object_VehicleA.AbstractDynamicObject$bb_max_y_min": [
        0.0020833333333333333,
        0.0,
        0.0,
        0.0,
        1.1,
        1.1,
        1.1,
        1.1,
        1.1,
        1.1,
        1.1,
        0.0020833333333333333,
        0.0020833333333333333,
        0.0
    ],
    "object_VehicleA.AbstractDynamicObject$bb_min_x_max": [
        -0.0020833333333333333,
        -0.0020833333333333333,
        -0.0020833333333333333,
        -0.0020833333333333333,
        0.7979166666666667,
        0.7979166666666667,
        0.7979166666666667,
        0.7979166666666667,
        0.7979166666666667,
        -2.4,
        0.7979166666666667,
        -0.0020833333333333333,
        -0.0020833333333333333,
        0.0
    ],
    "object_VehicleA.AbstractDynamicObject$bb_min_x_min": [
        -2.4,
        -14.9,
        -2.4,
        -2.4,
        -2.4,
        -2.4,
        -2.4,
        -2.4,
        -2.4,
        -2.4,
        -2.4,
        -2.4,
        -16.939583333333335,
        0.0
    ],
    "object_VehicleA.AbstractDynamicObject$bb_min_y_max": [
        0.0,
        -0.0020833333333333333,
        -0.0020833333333333333,
        -0.0020833333333333333,
        1.0979166666666667,
        1.0979166666666667,
        1.0979166666666667,
        1.0979166666666667,
        1.0979166666666667,
        1.0979166666666667,
        1.0979166666666667,
        0.0,
        0.0,
        0.0
    ],
    "object_VehicleA.AbstractDynamicObject$bb_min_y_min": [
        -1.1,
        -1.4458333333333333,
        -1.1,
        -1.4479166666666667,
        -1.1,
        -1.4458333333333333,
        -1.4458333333333333,
        -1.4458333333333333,
        -1.4458333333333333,
        -1.4458333333333333,
        -1.1,
        -1.1,
        -1.1,
        0.0
    ],
    "object_VehicleA.AbstractDynamicObject$length_max": [
        0.0,
        0.0,
        0.0,
        0.0,
        0.0,
        0.0,
        0.0,
        0.0,
        0.0,
        0.0,
        0.0,
        0.0,
        0.0,
        0.0
    ],
    "object_VehicleA.AbstractDynamicObject$length_min": [
        4.8,
        4.8,
        4.8,
        4.8,
        4.8,
        4.8,
        4.8,
        4.8,
        4.8,
        4.8,
        4.8,
        4.8,
        4.8,
        0.0
    ],
    "object_VehicleA.AbstractDynamicObject$v2_max": [
        12.5,
        12.5,
        12.5,
        12.5,
        12.5,
        12.5,
        12.5,
        12.5,
        12.5,
        12.5,
        12.5,
        12.5,
        12.5,
        0.0
    ],
    "object_VehicleA.AbstractDynamicObject$v2_min": [
        12.5,
        12.5,
        12.5,
        12.5,
        12.5,
        12.5,
        12.5,
        12.5,
        12.5,
        12.5,
        12.5,
        12.5,
        12.5,
        0.0
    ],
    "object_VehicleA.AbstractDynamicObject$v_max": [
        12.5,
        12.5,
        12.5,
        12.5,
        12.5,
        12.5,
        12.5,
        12.5,
        12.5,
        12.5,
        12.5,
        12.5,
        12.5,
        0.0
    ],
    "object_VehicleA.AbstractDynamicObject$v_min": [
        12.5,
        12.5,
        12.5,
        12.5,
        12.5,
        12.5,
        12.5,
        12.5,
        12.5,
        12.5,
        12.5,
        12.5,
        12.5,
        0.0
    ],
    "object_VehicleA.AbstractDynamicObject$width_max": [
        0.0,
        0.0,
        0.0,
        0.0,
        0.0,
        0.0,
        0.0,
        0.0,
        0.0,
        0.0,
        0.0,
        0.0,
        0.0,
        0.0
    ],
    "object_VehicleA.AbstractDynamicObject$width_min": [
        2.2,
        2.2,
        2.2,
        2.2,
        2.2,
        2.2,
        2.2,
        2.2,
        2.2,
        2.2,
        2.2,
        2.2,
        2.2,
        0.0
    ],
    "object_VehicleA.AbstractDynamicObject$x": [
        -130.50833333333333,
        -118.00833333333334,
        -105.50833333333334,
        -93.00833333333334,
        -80.50833333333334,
        -68.00833333333334,
        -55.50833333333333,
        -43.00833333333333,
        -30.508333333333333,
        -18.008333333333333,
        -5.508333333333334,
        6.991666666666666,
        19.491666666666667,
        31.991666666666667
    ],
    "object_VehicleA.AbstractDynamicObject$x2": [
        -124.25833333333334,
        -111.75833333333334,
        -99.25833333333334,
        -86.75833333333334,
        -74.25833333333334,
        -61.75833333333333,
        -49.25833333333333,
        -36.75833333333333,
        -24.258333333333333,
        -11.758333333333333,
        0.7416666666666667,
        13.241666666666667,
        25.741666666666667,
        38.24166666666667
    ],
    "object_VehicleA.AbstractDynamicObject$y": [
        -1.1020833333333333,
        -1.1020833333333333,
        -1.1020833333333333,
        -1.1020833333333333,
        -1.1020833333333333,
        -1.1020833333333333,
        -1.1020833333333333,
        -1.1020833333333333,
        -1.1020833333333333,
        -1.1020833333333333,
        -1.1020833333333333,
        -1.1020833333333333,
        -1.1020833333333333,
        -1.1020833333333333
    ],
    "object_VehicleA.AbstractDynamicObject$y2": [
        -1.1020833333333333,
        -1.1020833333333333,
        -1.1020833333333333,
        -1.1020833333333333,
        -1.1020833333333333,
        -1.1020833333333333,
        -1.1020833333333333,
        -1.1020833333333333,
        -1.1020833333333333,
        -1.1020833333333333,
        -1.1020833333333333,
        -1.1020833333333333,
        -1.1020833333333333,
        -1.1020833333333333
    ],
    "object_VehicleB.AbstractDynamicObject$a_max": [
        0.0,
        0.09583333333333334,
        -0.09583333333333334,
        0.0,
        0.0,
        0.0,
        0.0,
        0.0,
        0.3034722222222222,
        13.58125,
        0.0,
        0.0,
        -13.884722222222223,
        0.0
    ],
    "object_VehicleB.AbstractDynamicObject$a_min": [
        0.0,
        0.09583333333333334,
        -0.09583333333333334,
        0.0,
        0.0,
        0.0,
        0.0,
        0.0,
        0.3034722222222222,
        13.58125,
        0.0,
        0.0,
        -13.884722222222223,
        0.0
    ],
    "object_VehicleB.AbstractDynamicObject$bb_max_x_max": [
        29.310416666666665,
        29.314583333333335,
        2.4,
        2.4,
        2.4,
        29.429166666666667,
        2.4,
        2.4,
        2.4,
        2.4,
        2.4,
        2.4,
        29.12986111111111,
        0.0
    ],
    "object_VehicleB.AbstractDynamicObject$bb_max_x_min": [
        0.0,
        0.0020833333333333333,
        0.0020833333333333333,
        0.0020833333333333333,
        2.4,
        2.4,
        2.4,
        2.4,
        2.4,
        2.4,
        2.4,
        0.0020833333333333333,
        0.0,
        0.0
    ],
    "object_VehicleB.AbstractDynamicObject$bb_max_y_max": [
        1.1,
        1.4458333333333333,
        1.1,
        1.1,
        1.1,
        1.1,
        1.1,
        1.4458333333333333,
        1.1,
        1.1,
        1.1,
        1.1,
        1.4458333333333333,
        0.0
    ],
    "object_VehicleB.AbstractDynamicObject$bb_max_y_min": [
        0.0020833333333333333,
        0.0,
        0.0,
        0.0020833333333333333,
        1.1,
        1.1,
        1.1,
        1.1,
        1.1,
        1.1,
        1.1,
        0.0020833333333333333,
        0.0,
        0.0
    ],
    "object_VehicleB.AbstractDynamicObject$bb_min_x_max": [
        -0.0020833333333333333,
        0.0,
        0.0,
        0.0,
        -0.8,
        -0.8,
        -0.8,
        -0.8,
        -0.8,
        -0.8,
        -0.8,
        0.0,
        -0.0020833333333333333,
        0.0
    ],
    "object_VehicleB.AbstractDynamicObject$bb_min_x_min": [
        -0.925,
        -0.8729166666666667,
        -0.8,
        -0.8,
        -0.8125,
        -0.8,
        -0.8,
        -0.8,
        -0.8,
        -0.8,
        -0.8,
        -101.22847222222222,
        -94.28194444444445,
        0.0
    ],
    "object_VehicleB.AbstractDynamicObject$bb_min_y_max": [
        0.0,
        -0.0020833333333333333,
        0.0,
        0.0,
        -1.1,
        -1.1,
        -1.1,
        -1.1,
        -1.1,
        -1.1,
        -1.1,
        0.0,
        -0.0020833333333333333,
        0.0
    ],
    "object_VehicleB.AbstractDynamicObject$bb_min_y_min": [
        -1.1,
        -1.1,
        -1.1,
        -1.1,
        -1.1,
        -1.1,
        -1.1,
        -1.1,
        -1.1,
        -1.1,
        -1.1,
        -1.1,
        -1.1,
        0.0
    ],
    "object_VehicleB.AbstractDynamicObject$length_max": [
        0.0,
        0.0,
        0.0,
        0.0,
        0.0,
        0.0,
        0.0,
        0.0,
        0.0,
        0.0,
        0.0,
        0.0,
        0.0,
        0.0
    ],
    "object_VehicleB.AbstractDynamicObject$length_min": [
        4.8,
        4.8,
        4.8,
        4.8,
        4.8,
        4.8,
        4.8,
        4.8,
        4.8,
        4.8,
        4.8,
        4.8,
        4.8,
        0.0
    ],
    "object_VehicleB.AbstractDynamicObject$v2_max": [
        0.1,
        0.1,
        13.88888888888889,
        0.004166666666666667,
        0.004166666666666667,
        0.1,
        0.1,
        0.1,
        0.3076388888888889,
        13.88888888888889,
        13.88888888888889,
        13.88888888888889,
        0.004166666666666667,
        0.0
    ],
    "object_VehicleB.AbstractDynamicObject$v2_min": [
        0.004166666666666667,
        0.1,
        0.004166666666666667,
        0.0,
        0.0,
        0.0,
        0.0,
        0.0,
        0.0,
        0.0,
        0.0,
        0.0,
        0.0,
        0.0
    ],
    "object_VehicleB.AbstractDynamicObject$v_max": [
        0.004166666666666667,
        0.004166666666666667,
        0.1,
        13.88888888888889,
        0.004166666666666667,
        0.09791666666666667,
        0.004166666666666667,
        0.09791666666666667,
        0.004166666666666667,
        0.3076388888888889,
        13.88888888888889,
        13.88888888888889,
        13.88888888888889,
        0.0
    ],
    "object_VehicleB.AbstractDynamicObject$v_min": [
        0.004166666666666667,
        0.004166666666666667,
        0.1,
        0.004166666666666667,
        0.004166666666666667,
        0.004166666666666667,
        0.004166666666666667,
        0.004166666666666667,
        0.004166666666666667,
        0.3076388888888889,
        13.88888888888889,
        13.88888888888889,
        13.88888888888889,
        0.0
    ],
    "object_VehicleB.AbstractDynamicObject$width_max": [
        0.0,
        0.0,
        0.0,
        0.0,
        0.0,
        0.0,
        0.0,
        0.0,
        0.0,
        0.0,
        0.0,
        0.0,
        0.0,
        0.0
    ],
    "object_VehicleB.AbstractDynamicObject$width_min": [
        2.2,
        2.2,
        2.2,
        2.2,
        2.2,
        2.2,
        2.2,
        2.2,
        2.2,
        2.2,
        2.2,
        2.2,
        2.2,
        0.0
    ],
    "object_VehicleB.AbstractDynamicObject$x": [
        3.4791666666666665,
        3.475,
        3.4229166666666666,
        3.370833333333333,
        3.3666666666666667,
        3.3625,
        3.3583333333333334,
        3.3541666666666665,
        3.35,
        3.194097222222222,
        -3.904166666666667,
        -17.793055555555554,
        -31.681944444444444,
        -38.62847222222222
    ],
    "object_VehicleB.AbstractDynamicObject$x2": [
        3.4770833333333333,
        3.472916666666667,
        3.372916666666667,
        3.36875,
        3.3645833333333335,
        3.3604166666666666,
        3.35625,
        3.3520833333333333,
        3.347916666666667,
        3.040277777777778,
        -10.848611111111111,
        -24.7375,
        -38.62638888888889,
        -38.63055555555555
    ],
    "object_VehicleB.AbstractDynamicObject$y": [
        1.1020833333333333,
        1.1020833333333333,
        1.1020833333333333,
        1.1020833333333333,
        1.1020833333333333,
        1.1020833333333333,
        1.1020833333333333,
        1.1020833333333333,
        1.1020833333333333,
        1.1020833333333333,
        1.1020833333333333,
        1.1020833333333333,
        1.1020833333333333,
        1.1020833333333333
    ],
    "object_VehicleB.AbstractDynamicObject$y2": [
        1.1020833333333333,
        1.1020833333333333,
        1.1020833333333333,
        1.1020833333333333,
        1.1020833333333333,
        1.1020833333333333,
        1.1020833333333333,
        1.1020833333333333,
        1.1020833333333333,
        1.1020833333333333,
        1.1020833333333333,
        1.1020833333333333,
        1.1020833333333333,
        1.1020833333333333
    ],
    "object_VehicleC.AbstractDynamicObject$a_max": [
        0.0,
        0.09583333333333334,
        -0.09583333333333334,
        1.9979166666666666,
        0.0,
        1.9979166666666666,
        1.9979166666666666,
        0.09583333333333334,
        1.9979166666666666,
        1.9979166666666666,
        1.9979166666666666,
        1.9979166666666666,
        -0.865,
        0.0
    ],
    "object_VehicleC.AbstractDynamicObject$a_min": [
        0.0,
        0.09583333333333334,
        -0.09583333333333334,
        0.0,
        0.0,
        0.09375,
        -0.09375,
        0.09583333333333334,
        1.9979166666666666,
        1.9979166666666666,
        1.9979166666666666,
        -5.224583333333333,
        -0.865,
        0.0
    ],
    "object_VehicleC.AbstractDynamicObject$bb_max_x_max": [
        0.75,
        0.75,
        0.75,
        0.75,
        0.75,
        0.75,
        0.75,
        0.75,
        0.75,
        0.75,
        0.75,
        0.75,
        0.75,
        0.0
    ],
    "object_VehicleC.AbstractDynamicObject$bb_max_x_min": [
        0.0,
        0.0,
        0.0,
        0.0020833333333333333,
        -0.7479166666666667,
        0.0,
        -0.7479166666666667,
        -0.7479166666666667,
        -0.7479166666666667,
        0.0,
        -0.7479166666666667,
        0.0020833333333333333,
        0.0,
        0.0
    ],
    "object_VehicleC.AbstractDynamicObject$bb_max_y_max": [
        0.82,
        0.8241666666666667,
        0.82,
        0.82,
        0.82,
        0.9366666666666666,
        0.82,
        1.03875,
        0.82,
        0.82,
        0.82,
        0.82,
        0.82,
        0.0
    ],
    "object_VehicleC.AbstractDynamicObject$bb_max_y_min": [
        0.0020833333333333333,
        0.0020833333333333333,
        0.0020833333333333333,
        0.0020833333333333333,
        -2.997916666666667,
        -2.997916666666667,
        -2.997916666666667,
        0.0,
        0.82,
        0.82,
        -2.997916666666667,
        0.0020833333333333333,
        0.0020833333333333333,
        0.0
    ],
    "object_VehicleC.AbstractDynamicObject$bb_min_x_max": [
        -0.0020833333333333333,
        -0.0020833333333333333,
        -0.0020833333333333333,
        0.0,
        -0.75,
        -0.75,
        -0.75,
        -0.75,
        -0.75,
        -0.75,
        -0.75,
        0.0,
        -0.0020833333333333333,
        0.0
    ],
    "object_VehicleC.AbstractDynamicObject$bb_min_x_min": [
        -0.75,
        -1.7958333333333334,
        -0.75,
        -0.75,
        -0.75,
        -0.75,
        -0.75,
        -0.75,
        -0.75,
        -0.75,
        -0.75,
        -0.75,
        -1.7958333333333334,
        0.0
    ],
    "object_VehicleC.AbstractDynamicObject$bb_min_y_max": [
        0.0,
        0.0,
        0.0,
        0.0,
        -3.0,
        -3.0,
        -3.0,
        -3.0,
        -3.0,
        -3.0,
        -3.0,
        0.0,
        0.0,
        0.0
    ],
    "object_VehicleC.AbstractDynamicObject$bb_min_y_min": [
        -7.116666666666666,
        -7.064583333333333,
        -3.0,
        -3.0,
        -3.0,
        -6.953125,
        -3.0,
        -3.0,
        -5.751041666666667,
        -3.0,
        -3.0,
        -3.0,
        -3.0,
        0.0
    ],
    "object_VehicleC.AbstractDynamicObject$length_max": [
        0.0,
        0.0,
        0.0,
        0.0,
        0.0,
        0.0,
        0.0,
        0.0,
        0.0,
        0.0,
        0.0,
        0.0,
        0.0,
        0.0
    ],
    "object_VehicleC.AbstractDynamicObject$length_min": [
        1.65,
        1.65,
        1.65,
        1.65,
        1.65,
        1.65,
        1.65,
        1.65,
        1.65,
        1.65,
        1.65,
        1.65,
        1.65,
        0.0
    ],
    "object_VehicleC.AbstractDynamicObject$v2_max": [
        0.004166666666666667,
        0.1,
        0.004166666666666667,
        0.004166666666666667,
        0.1,
        0.09791666666666667,
        0.004166666666666667,
        0.1,
        2.097916666666667,
        4.095833333333333,
        6.09375,
        0.8691666666666666,
        0.004166666666666667,
        0.0
    ],
    "object_VehicleC.AbstractDynamicObject$v2_min": [
        0.004166666666666667,
        0.1,
        0.004166666666666667,
        0.004166666666666667,
        0.004166666666666667,
        0.09791666666666667,
        0.004166666666666667,
        0.1,
        2.097916666666667,
        4.095833333333333,
        0.0,
        0.0,
        0.0,
        0.0
    ],
    "object_VehicleC.AbstractDynamicObject$v_max": [
        0.004166666666666667,
        0.09791666666666667,
        0.1,
        6.937916666666666,
        0.004166666666666667,
        0.004166666666666667,
        0.09791666666666667,
        0.004166666666666667,
        0.1,
        2.097916666666667,
        6.937916666666666,
        6.09375,
        6.937916666666666,
        0.0
    ],
    "object_VehicleC.AbstractDynamicObject$v_min": [
        0.004166666666666667,
        0.004166666666666667,
        0.1,
        0.004166666666666667,
        0.004166666666666667,
        0.004166666666666667,
        0.09791666666666667,
        0.004166666666666667,
        0.1,
        2.097916666666667,
        4.095833333333333,
        6.09375,
        0.8691666666666666,
        0.0
    ],
    "object_VehicleC.AbstractDynamicObject$width_max": [
        0.0,
        0.0,
        0.0,
        0.0,
        0.0,
        0.0,
        0.0,
        0.0,
        0.0,
        0.0,
        0.0,
        0.0,
        0.0,
        0.0
    ],
    "object_VehicleC.AbstractDynamicObject$width_min": [
        1.5,
        1.5,
        1.5,
        1.5,
        1.5,
        1.5,
        1.5,
        1.5,
        1.5,
        1.5,
        1.5,
        1.5,
        1.5,
        0.0
    ],
    "object_VehicleC.AbstractDynamicObject$x": [
        -0.7520833333333333,
        -0.7520833333333333,
        -0.7520833333333333,
        -0.7520833333333333,
        -0.7520833333333333,
        -0.7520833333333333,
        -0.7520833333333333,
        -0.7520833333333333,
        -0.7520833333333333,
        -0.7520833333333333,
        -0.7520833333333333,
        -0.7520833333333333,
        -0.7520833333333333,
        -0.7520833333333333
    ],
    "object_VehicleC.AbstractDynamicObject$x2": [
        -0.7520833333333333,
        -0.7520833333333333,
        -0.7520833333333333,
        -0.7520833333333333,
        -0.7520833333333333,
        -0.7520833333333333,
        -0.7520833333333333,
        -0.7520833333333333,
        -0.7520833333333333,
        -0.7520833333333333,
        -0.7520833333333333,
        -0.7520833333333333,
        -0.7520833333333333,
        -0.7520833333333333
    ],
    "object_VehicleC.AbstractDynamicObject$y": [
        9.670833333333333,
        9.666666666666666,
        9.614583333333334,
        9.5625,
        9.558333333333334,
        9.554166666666667,
        9.503125,
        9.452083333333333,
        9.4,
        8.301041666666666,
        5.204166666666667,
        0.109375,
        -3.3720833333333333,
        -3.80875
    ],
    "object_VehicleC.AbstractDynamicObject$y2": [
        9.66875,
        9.664583333333333,
        9.564583333333333,
        9.560416666666667,
        9.55625,
        9.552083333333334,
        9.454166666666667,
        9.45,
        9.35,
        7.252083333333333,
        3.15625,
        -2.9375,
        -3.8066666666666666,
        -3.8108333333333335
    ]
}