{
    "time": [
        0,
        1.0,
        2.0,
        3.0,
        4.0,
        5.0,
        6.0,
        7.0,
        8.0,
        9.0,
        10.0,
        11.0,
        12.0,
        13.0,
        14.0
    ],
    "object_EEELane.AbstractStaticDirectionalObject$direction": [
        0.0
    ],
    "object_EEELane.AbstractStaticHeadingObject$heading": [
        0.0
    ],
    "object_EEELane.AbstractStaticObject$length": [
        66.34166666666667
    ],
    "object_EEELane.AbstractStaticObject$width": [
        2.55
    ],
    "object_EEELane.AbstractStaticObject$x": [
        2.55
    ],
    "object_EEELane.AbstractStaticObject$y": [
        -1.275
    ],
    "object_ERoad.AbstractStaticHeadingObject$heading": [
        0.0
    ],
    "object_ERoad.AbstractStaticObject$length": [
        66.34166666666667
    ],
    "object_ERoad.AbstractStaticObject$width": [
        5.1
    ],
    "object_ERoad.AbstractStaticObject$x": [
        2.55
    ],
    "object_ERoad.AbstractStaticObject$y": [
        0.0
    ],
    "object_EWWLane.AbstractStaticDirectionalObject$direction": [
        3.1415926535
    ],
    "object_EWWLane.AbstractStaticHeadingObject$heading": [
        3.1415926535
    ],
    "object_EWWLane.AbstractStaticObject$length": [
        66.34166666666667
    ],
    "object_EWWLane.AbstractStaticObject$width": [
        2.55
    ],
    "object_EWWLane.AbstractStaticObject$x": [
        68.89166666666667
    ],
    "object_EWWLane.AbstractStaticObject$y": [
        1.275
    ],
    "object_Junction.AbstractStaticObject$length": [
        5.1
    ],
    "object_Junction.AbstractStaticObject$width": [
        5.1
    ],
    "object_Junction.AbstractStaticObject$x": [
        0.0
    ],
    "object_Junction.AbstractStaticObject$y": [
        0.0
    ],
    "object_NNNLane.AbstractStaticDirectionalObject$direction": [
        1.5707963267
    ],
    "object_NNNLane.AbstractStaticHeadingObject$heading": [
        1.5707963267
    ],
    "object_NNNLane.AbstractStaticObject$length": [
        13.2075
    ],
    "object_NNNLane.AbstractStaticObject$width": [
        2.55
    ],
    "object_NNNLane.AbstractStaticObject$x": [
        1.275
    ],
    "object_NNNLane.AbstractStaticObject$y": [
        2.55
    ],
    "object_NRoad.AbstractStaticHeadingObject$heading": [
        1.5707963267
    ],
    "object_NRoad.AbstractStaticObject$length": [
        13.2075
    ],
    "object_NRoad.AbstractStaticObject$width": [
        5.1
    ],
    "object_NRoad.AbstractStaticObject$x": [
        0.0
    ],
    "object_NRoad.AbstractStaticObject$y": [
        2.55
    ],
    "object_NSSLane.AbstractStaticDirectionalObject$direction": [
        4.7123889803
    ],
    "object_NSSLane.AbstractStaticHeadingObject$heading": [
        4.7123889803
    ],
    "object_NSSLane.AbstractStaticObject$length": [
        13.2075
    ],
    "object_NSSLane.AbstractStaticObject$width": [
        2.55
    ],
    "object_NSSLane.AbstractStaticObject$x": [
        -1.275
    ],
    "object_NSSLane.AbstractStaticObject$y": [
        15.7575
    ],
    "object_SNNLane.AbstractStaticDirectionalObject$direction": [
        1.5707963267
    ],
    "object_SNNLane.AbstractStaticHeadingObject$heading": [
        1.5707963267
    ],
    "object_SNNLane.AbstractStaticObject$length": [
        20.645833333333332
    ],
    "object_SNNLane.AbstractStaticObject$width": [
        2.55
    ],
    "object_SNNLane.AbstractStaticObject$x": [
        1.275
    ],
    "object_SNNLane.AbstractStaticObject$y": [
        -23.195833333333333
    ],
    "object_SRoad.AbstractStaticHeadingObject$heading": [
        4.7123889803
    ],
    "object_SRoad.AbstractStaticObject$length": [
        20.645833333333332
    ],
    "object_SRoad.AbstractStaticObject$width": [
        5.1
    ],
    "object_SRoad.AbstractStaticObject$x": [
        0.0
    ],
    "object_SRoad.AbstractStaticObject$y": [
        -2.55
    ],
    "object_SSSLane.AbstractStaticDirectionalObject$direction": [
        4.7123889803
    ],
    "object_SSSLane.AbstractStaticHeadingObject$heading": [
        4.7123889803
    ],
    "object_SSSLane.AbstractStaticObject$length": [
        20.645833333333332
    ],
    "object_SSSLane.AbstractStaticObject$width": [
        2.55
    ],
    "object_SSSLane.AbstractStaticObject$x": [
        -1.275
    ],
    "object_SSSLane.AbstractStaticObject$y": [
        -2.55
    ],
    "object_WEELane.AbstractStaticDirectionalObject$direction": [
        0.0
    ],
    "object_WEELane.AbstractStaticHeadingObject$heading": [
        0.0
    ],
    "object_WEELane.AbstractStaticObject$length": [
        94.26666666666667
    ],
    "object_WEELane.AbstractStaticObject$width": [
        2.55
    ],
    "object_WEELane.AbstractStaticObject$x": [
        -96.81666666666666
    ],
    "object_WEELane.AbstractStaticObject$y": [
        -1.275
    ],
    "object_WRoad.AbstractStaticHeadingObject$heading": [
        3.1415926535
    ],
    "object_WRoad.AbstractStaticObject$length": [
        94.26666666666667
    ],
    "object_WRoad.AbstractStaticObject$width": [
        5.1
    ],
    "object_WRoad.AbstractStaticObject$x": [
        -2.55
    ],
    "object_WRoad.AbstractStaticObject$y": [
        0.0
    ],
    "object_WWWLane.AbstractStaticDirectionalObject$direction": [
        3.1415926535
    ],
    "object_WWWLane.AbstractStaticHeadingObject$heading": [
        3.1415926535
    ],
    "object_WWWLane.AbstractStaticObject$length": [
        94.26666666666667
    ],
    "object_WWWLane.AbstractStaticObject$width": [
        2.55
    ],
    "object_WWWLane.AbstractStaticObject$x": [
        -2.55
    ],
    "object_WWWLane.AbstractStaticObject$y": [
        1.275
    ],
    "object_World.World$occlusion_distance": [
        0.008333333333333333
    ],
    "object_World.World$occlusion_epsilon": [
        0.0
    ],
    "object_VehicleA.AbstractDynamicObject$a_max": [
        0.0,
        0.0,
        0.0,
        0.0,
        0.0,
        0.0,
        0.0,
        0.0,
        0.0,
        0.0,
        0.0,
        0.0,
        0.0,
        0.0
    ],
    "object_VehicleA.AbstractDynamicObject$a_min": [
        0.0,
        0.0,
        0.0,
        0.0,
        0.0,
        0.0,
        0.0,
        0.0,
        0.0,
        0.0,
        0.0,
        0.0,
        0.0,
        0.0
    ],
    "object_VehicleA.AbstractDynamicObject$bb_max_x_max": [
        0.8,
        66.85833333333333,
        54.358333333333334,
        41.858333333333334,
        0.8,
        0.8,
        20.252777777777776,
        0.8,
        0.8,
        0.8,
        0.8,
        0.8,
        0.8,
        0.0
    ],
    "object_VehicleA.AbstractDynamicObject$bb_max_x_min": [
        0.0,
        0.0,
        0.0,
        0.0,
        0.8,
        0.8,
        0.8,
        0.8,
        0.8,
        0.8,
        0.8,
        0.0,
        0.0,
        0.0
    ],
    "object_VehicleA.AbstractDynamicObject$bb_max_y_max": [
        1.1,
        1.1,
        1.1,
        1.1,
        1.1,
        1.1,
        1.1,
        1.1,
        1.1,
        1.1,
        1.1,
        1.1,
        1.1,
        0.0
    ],
    "object_VehicleA.AbstractDynamicObject$bb_max_y_min": [
        0.008333333333333333,
        0.0,
        0.0,
        0.0,
        1.1,
        -1.0916666666666666,
        1.1,
        1.1,
        1.1,
        1.1,
        1.1,
        0.008333333333333333,
        0.008333333333333333,
        0.0
    ],
    "object_VehicleA.AbstractDynamicObject$bb_min_x_max": [
        -0.008333333333333333,
        -0.008333333333333333,
        -0.008333333333333333,
        -0.008333333333333333,
        0.7916666666666666,
        0.7916666666666666,
        0.7916666666666666,
        0.7916666666666666,
        0.7916666666666666,
        -2.4,
        0.7916666666666666,
        -0.008333333333333333,
        -0.008333333333333333,
        0.0
    ],
    "object_VehicleA.AbstractDynamicObject$bb_min_x_min": [
        -2.4,
        -14.9,
        -27.4,
        -2.4,
        -52.4,
        -2.4,
        -2.4,
        -2.4,
        -2.4,
        -2.4,
        -2.4,
        -40.53333333333333,
        -53.03333333333333,
        0.0
    ],
    "object_VehicleA.AbstractDynamicObject$bb_min_y_max": [
        0.0,
        -0.008333333333333333,
        -0.008333333333333333,
        -0.008333333333333333,
        1.0916666666666666,
        -1.1,
        1.0916666666666666,
        1.0916666666666666,
        1.0916666666666666,
        1.0916666666666666,
        1.0916666666666666,
        0.0,
        0.0,
        0.0
    ],
    "object_VehicleA.AbstractDynamicObject$bb_min_y_min": [
        -1.1,
        -1.4333333333333333,
        -1.4333333333333333,
        -1.4333333333333333,
        -1.4333333333333333,
        -1.4333333333333333,
        -1.4333333333333333,
        -1.4333333333333333,
        -1.4333333333333333,
        -1.4333333333333333,
        -1.4333333333333333,
        -1.4333333333333333,
        -1.1,
        0.0
    ],
    "object_VehicleA.AbstractDynamicObject$length_max": [
        0.0,
        0.0,
        0.0,
        0.0,
        0.0,
        0.0,
        0.0,
        0.0,
        0.0,
        0.0,
        0.0,
        0.0,
        0.0,
        0.0
    ],
    "object_VehicleA.AbstractDynamicObject$length_min": [
        4.8,
        4.8,
        4.8,
        4.8,
        4.8,
        4.8,
        4.8,
        4.8,
        4.8,
        4.8,
        4.8,
        4.8,
        4.8,
        0.0
    ],
    "object_VehicleA.AbstractDynamicObject$v2_max": [
        12.5,
        12.5,
        12.5,
        12.5,
        12.5,
        12.5,
        12.5,
        12.5,
        12.5,
        12.5,
        12.5,
        12.5,
        12.5,
        0.0
    ],
    "object_VehicleA.AbstractDynamicObject$v2_min": [
        12.5,
        12.5,
        12.5,
        12.5,
        12.5,
        12.5,
        12.5,
        12.5,
        12.5,
        12.5,
        12.5,
        12.5,
        12.5,
        0.0
    ],
    "object_VehicleA.AbstractDynamicObject$v_max": [
        12.5,
        12.5,
        12.5,
        12.5,
        12.5,
        12.5,
        12.5,
        12.5,
        12.5,
        12.5,
        12.5,
        12.5,
        12.5,
        0.0
    ],
    "object_VehicleA.AbstractDynamicObject$v_min": [
        12.5,
        12.5,
        12.5,
        12.5,
        12.5,
        12.5,
        12.5,
        12.5,
        12.5,
        12.5,
        12.5,
        12.5,
        12.5,
        0.0
    ],
    "object_VehicleA.AbstractDynamicObject$width_max": [
        0.0,
        0.0,
        0.0,
        0.0,
        0.0,
        0.0,
        0.0,
        0.0,
        0.0,
        0.0,
        0.0,
        0.0,
        0.0,
        0.0
    ],
    "object_VehicleA.AbstractDynamicObject$width_min": [
        2.2,
        2.2,
        2.2,
        2.2,
        2.2,
        2.2,
        2.2,
        2.2,
        2.2,
        2.2,
        2.2,
        2.2,
        2.2,
        0.0
    ],
    "object_VehicleA.AbstractDynamicObject$x": [
        -94.40833333333333,
        -81.90833333333333,
        -69.40833333333333,
        -56.90833333333333,
        -44.40833333333333,
        -31.908333333333335,
        -19.408333333333335,
        -6.908333333333333,
        5.591666666666667,
        18.091666666666665,
        30.591666666666665,
        43.09166666666667,
        55.59166666666667,
        68.09166666666667
    ],
    "object_VehicleA.AbstractDynamicObject$x2": [
        -88.15833333333333,
        -75.65833333333333,
        -63.15833333333333,
        -50.65833333333333,
        -38.15833333333333,
        -25.658333333333335,
        -13.158333333333333,
        -0.6583333333333333,
        11.841666666666667,
        24.341666666666665,
        36.84166666666667,
        49.34166666666667,
        61.84166666666667,
        74.34166666666667
    ],
    "object_VehicleA.AbstractDynamicObject$y": [
        -1.1083333333333334,
        -1.1083333333333334,
        -1.1083333333333334,
        -1.1083333333333334,
        -1.1083333333333334,
        -1.1083333333333334,
        -1.1083333333333334,
        -1.1083333333333334,
        -1.1083333333333334,
        -1.1083333333333334,
        -1.1083333333333334,
        -1.1083333333333334,
        -1.1083333333333334,
        -1.1083333333333334
    ],
    "object_VehicleA.AbstractDynamicObject$y2": [
        -1.1083333333333334,
        -1.1083333333333334,
        -1.1083333333333334,
        -1.1083333333333334,
        -1.1083333333333334,
        -1.1083333333333334,
        -1.1083333333333334,
        -1.1083333333333334,
        -1.1083333333333334,
        -1.1083333333333334,
        -1.1083333333333334,
        -1.1083333333333334,
        -1.1083333333333334,
        -1.1083333333333334
    ],
    "object_VehicleB.AbstractDynamicObject$a_max": [
        0.0,
        0.0,
        0.075,
        0.008333333333333333,
        1.1972222222222222,
        -1.2805555555555554,
        13.872222222222222,
        -13.872222222222222,
        0.0,
        0.0,
        0.0,
        0.0,
        0.0,
        0.0
    ],
    "object_VehicleB.AbstractDynamicObject$a_min": [
        0.0,
        0.0,
        0.075,
        0.008333333333333333,
        1.1972222222222222,
        -1.2805555555555554,
        13.872222222222222,
        -13.872222222222222,
        0.0,
        0.0,
        0.0,
        0.0,
        0.0,
        0.0
    ],
    "object_VehicleB.AbstractDynamicObject$bb_max_x_max": [
        2.4,
        65.36666666666666,
        65.38333333333334,
        2.4,
        2.4,
        2.4,
        2.4,
        2.4,
        2.4,
        2.4,
        2.4,
        9.402777777777779,
        9.419444444444444,
        0.0
    ],
    "object_VehicleB.AbstractDynamicObject$bb_max_x_min": [
        0.0,
        0.008333333333333333,
        0.008333333333333333,
        0.008333333333333333,
        2.4,
        -13.368055555555555,
        2.4,
        2.4,
        2.4,
        2.4,
        2.4,
        0.008333333333333333,
        0.0,
        0.0
    ],
    "object_VehicleB.AbstractDynamicObject$bb_max_y_max": [
        1.1,
        1.1,
        1.1,
        1.1,
        1.1,
        1.1166666666666667,
        1.1,
        1.1,
        1.1,
        1.1,
        1.1,
        1.1,
        1.1,
        0.0
    ],
    "object_VehicleB.AbstractDynamicObject$bb_max_y_min": [
        0.008333333333333333,
        0.0,
        0.0,
        0.008333333333333333,
        1.1,
        1.1,
        1.1,
        1.1,
        1.1,
        1.1,
        1.1,
        0.008333333333333333,
        0.0,
        0.0
    ],
    "object_VehicleB.AbstractDynamicObject$bb_min_x_max": [
        -0.008333333333333333,
        0.0,
        0.0,
        0.0,
        -0.8,
        -0.8,
        -0.8,
        -0.8,
        -0.8,
        -0.8,
        -0.8,
        0.0,
        -0.008333333333333333,
        0.0
    ],
    "object_VehicleB.AbstractDynamicObject$bb_min_x_min": [
        -0.9666666666666667,
        -0.95,
        -0.8958333333333334,
        -0.8,
        -0.8,
        -98.81944444444444,
        -0.8,
        -0.8,
        -0.8,
        -0.8,
        -0.8,
        -0.8,
        -84.82222222222222,
        0.0
    ],
    "object_VehicleB.AbstractDynamicObject$bb_min_y_max": [
        0.0,
        -0.008333333333333333,
        -0.008333333333333333,
        0.0,
        1.1,
        -1.1,
        -1.1,
        -1.1,
        -1.1,
        -1.1,
        -1.1,
        0.0,
        -0.008333333333333333,
        0.0
    ],
    "object_VehicleB.AbstractDynamicObject$bb_min_y_min": [
        -1.4333333333333333,
        -1.4333333333333333,
        -1.4333333333333333,
        -1.4333333333333333,
        -1.4333333333333333,
        -1.1,
        -1.4416666666666667,
        -1.1,
        -1.4416666666666667,
        -1.1,
        -1.1,
        -1.4333333333333333,
        -1.4333333333333333,
        0.0
    ],
    "object_VehicleB.AbstractDynamicObject$length_max": [
        0.0,
        0.0,
        0.0,
        0.0,
        0.0,
        0.0,
        0.0,
        0.0,
        0.0,
        0.0,
        0.0,
        0.0,
        0.0,
        0.0
    ],
    "object_VehicleB.AbstractDynamicObject$length_min": [
        4.8,
        4.8,
        4.8,
        4.8,
        4.8,
        4.8,
        4.8,
        4.8,
        4.8,
        4.8,
        4.8,
        4.8,
        4.8,
        0.0
    ],
    "object_VehicleB.AbstractDynamicObject$v2_max": [
        0.1,
        0.1,
        0.1,
        0.1,
        1.2972222222222223,
        0.016666666666666666,
        13.88888888888889,
        0.016666666666666666,
        0.016666666666666666,
        0.1,
        0.016666666666666666,
        0.016666666666666666,
        0.016666666666666666,
        0.0
    ],
    "object_VehicleB.AbstractDynamicObject$v2_min": [
        0.016666666666666666,
        0.016666666666666666,
        0.09166666666666666,
        0.0,
        0.0,
        0.0,
        0.0,
        0.0,
        0.0,
        0.0,
        0.0,
        0.0,
        0.0,
        0.0
    ],
    "object_VehicleB.AbstractDynamicObject$v_max": [
        0.016666666666666666,
        0.016666666666666666,
        0.016666666666666666,
        0.09166666666666666,
        13.88888888888889,
        13.88888888888889,
        13.88888888888889,
        13.88888888888889,
        0.016666666666666666,
        0.016666666666666666,
        13.88888888888889,
        0.016666666666666666,
        0.016666666666666666,
        0.0
    ],
    "object_VehicleB.AbstractDynamicObject$v_min": [
        0.016666666666666666,
        0.016666666666666666,
        0.016666666666666666,
        0.09166666666666666,
        0.1,
        1.2972222222222223,
        0.016666666666666666,
        13.88888888888889,
        0.016666666666666666,
        0.016666666666666666,
        0.016666666666666666,
        0.016666666666666666,
        0.016666666666666666,
        0.0
    ],
    "object_VehicleB.AbstractDynamicObject$width_max": [
        0.0,
        0.0,
        0.0,
        0.0,
        0.0,
        0.0,
        0.0,
        0.0,
        0.0,
        0.0,
        0.0,
        0.0,
        0.0,
        0.0
    ],
    "object_VehicleB.AbstractDynamicObject$width_min": [
        2.2,
        2.2,
        2.2,
        2.2,
        2.2,
        2.2,
        2.2,
        2.2,
        2.2,
        2.2,
        2.2,
        2.2,
        2.2,
        0.0
    ],
    "object_VehicleB.AbstractDynamicObject$x": [
        3.533333333333333,
        3.5166666666666666,
        3.5,
        3.4458333333333333,
        3.35,
        2.651388888888889,
        1.9944444444444445,
        -4.958333333333333,
        -11.911111111111111,
        -11.927777777777777,
        -11.944444444444445,
        -11.96111111111111,
        -11.977777777777778,
        -11.994444444444444
    ],
    "object_VehicleB.AbstractDynamicObject$x2": [
        3.525,
        3.5083333333333333,
        3.4916666666666667,
        3.4,
        3.3,
        2.0027777777777778,
        1.9861111111111112,
        -11.902777777777779,
        -11.919444444444444,
        -11.936111111111112,
        -11.952777777777778,
        -11.969444444444445,
        -11.98611111111111,
        -12.002777777777778
    ],
    "object_VehicleB.AbstractDynamicObject$y": [
        1.4416666666666667,
        1.4416666666666667,
        1.4416666666666667,
        1.4416666666666667,
        1.4416666666666667,
        1.4416666666666667,
        1.4416666666666667,
        1.4416666666666667,
        1.4416666666666667,
        1.4416666666666667,
        1.4416666666666667,
        1.4416666666666667,
        1.4416666666666667,
        1.4416666666666667
    ],
    "object_VehicleB.AbstractDynamicObject$y2": [
        1.4416666666666667,
        1.4416666666666667,
        1.4416666666666667,
        1.4416666666666667,
        1.4416666666666667,
        1.4416666666666667,
        1.4416666666666667,
        1.4416666666666667,
        1.4416666666666667,
        1.4416666666666667,
        1.4416666666666667,
        1.4416666666666667,
        1.4416666666666667,
        1.4416666666666667
    ],
    "object_VehicleC.AbstractDynamicObject$a_max": [
        0.0,
        0.0,
        1.9916666666666667,
        1.9916666666666667,
        1.9916666666666667,
        1.9916666666666667,
        1.9916666666666667,
        1.9916666666666667,
        1.9916666666666667,
        1.9916666666666667,
        1.9916666666666667,
        1.9916666666666667,
        -6.915,
        0.0
    ],
    "object_VehicleC.AbstractDynamicObject$a_min": [
        0.0,
        0.0,
        0.0,
        0.08333333333333333,
        1.9916666666666667,
        1.9916666666666667,
        1.9916666666666667,
        0.8566666666666667,
        -5.975,
        1.9916666666666667,
        1.9916666666666667,
        1.9916666666666667,
        -6.915,
        0.0
    ],
    "object_VehicleC.AbstractDynamicObject$bb_max_x_max": [
        1.7833333333333334,
        1.7833333333333334,
        1.7833333333333334,
        1.7833333333333334,
        1.7833333333333334,
        1.7833333333333334,
        1.7833333333333334,
        1.7833333333333334,
        1.7833333333333334,
        1.7833333333333334,
        1.7833333333333334,
        1.7833333333333334,
        1.7833333333333334,
        0.0
    ],
    "object_VehicleC.AbstractDynamicObject$bb_max_x_min": [
        0.0,
        0.0,
        0.0,
        0.008333333333333333,
        -0.7416666666666667,
        -0.7416666666666667,
        -0.7416666666666667,
        -0.7416666666666667,
        -0.7416666666666667,
        0.0,
        -0.7416666666666667,
        0.008333333333333333,
        0.0,
        0.0
    ],
    "object_VehicleC.AbstractDynamicObject$bb_max_y_max": [
        0.82,
        0.8366666666666667,
        0.8533333333333334,
        0.87,
        0.82,
        0.82,
        0.82,
        10.190833333333334,
        0.82,
        0.82,
        4.283333333333333,
        8.2275,
        14.163333333333334,
        0.0
    ],
    "object_VehicleC.AbstractDynamicObject$bb_max_y_min": [
        0.008333333333333333,
        0.008333333333333333,
        0.008333333333333333,
        0.008333333333333333,
        -2.9916666666666667,
        -2.9916666666666667,
        -2.9916666666666667,
        0.0,
        0.82,
        0.82,
        -2.9916666666666667,
        0.008333333333333333,
        0.008333333333333333,
        0.0
    ],
    "object_VehicleC.AbstractDynamicObject$bb_min_x_max": [
        -0.008333333333333333,
        -0.008333333333333333,
        -0.008333333333333333,
        0.0,
        -0.75,
        -0.75,
        -0.75,
        -0.75,
        -0.75,
        -0.75,
        -0.75,
        0.0,
        -0.008333333333333333,
        0.0
    ],
    "object_VehicleC.AbstractDynamicObject$bb_min_x_min": [
        -0.75,
        -0.75,
        -0.75,
        -0.75,
        -0.75,
        -0.75,
        -0.75,
        -0.75,
        -0.75,
        -0.75,
        -0.75,
        -0.75,
        -0.75,
        0.0
    ],
    "object_VehicleC.AbstractDynamicObject$bb_min_y_max": [
        0.0,
        0.0,
        0.0,
        0.0,
        -3.0,
        -3.0,
        -3.0,
        -3.0,
        -3.0,
        -3.0,
        -3.0,
        0.0,
        0.0,
        0.0
    ],
    "object_VehicleC.AbstractDynamicObject$bb_min_y_min": [
        -12.3625,
        -12.345833333333333,
        -12.329166666666667,
        -12.270833333333334,
        -3.0,
        -3.0,
        -3.0,
        -3.0,
        -3.0,
        -3.0,
        -3.0,
        -3.0,
        -3.0,
        0.0
    ],
    "object_VehicleC.AbstractDynamicObject$length_max": [
        0.0,
        0.0,
        0.0,
        0.0,
        0.0,
        0.0,
        0.0,
        0.0,
        0.0,
        0.0,
        0.0,
        0.0,
        0.0,
        0.0
    ],
    "object_VehicleC.AbstractDynamicObject$length_min": [
        1.65,
        1.65,
        1.65,
        1.65,
        1.65,
        1.65,
        1.65,
        1.65,
        1.65,
        1.65,
        1.65,
        1.65,
        1.65,
        0.0
    ],
    "object_VehicleC.AbstractDynamicObject$v2_max": [
        0.016666666666666666,
        0.016666666666666666,
        0.1,
        0.1,
        2.091666666666667,
        4.083333333333333,
        6.075,
        6.931666666666667,
        0.9566666666666667,
        2.9483333333333333,
        4.94,
        6.931666666666667,
        0.016666666666666666,
        0.0
    ],
    "object_VehicleC.AbstractDynamicObject$v2_min": [
        0.016666666666666666,
        0.016666666666666666,
        0.016666666666666666,
        0.1,
        2.091666666666667,
        4.083333333333333,
        6.075,
        6.931666666666667,
        0.9566666666666667,
        2.9483333333333333,
        0.0,
        0.0,
        0.0,
        0.0
    ],
    "object_VehicleC.AbstractDynamicObject$v_max": [
        0.016666666666666666,
        0.09166666666666666,
        0.016666666666666666,
        0.016666666666666666,
        0.1,
        2.091666666666667,
        6.931666666666667,
        6.075,
        6.931666666666667,
        0.9566666666666667,
        6.931666666666667,
        6.931666666666667,
        6.931666666666667,
        0.0
    ],
    "object_VehicleC.AbstractDynamicObject$v_min": [
        0.016666666666666666,
        0.016666666666666666,
        0.016666666666666666,
        0.016666666666666666,
        0.1,
        2.091666666666667,
        4.083333333333333,
        6.075,
        6.931666666666667,
        0.9566666666666667,
        2.9483333333333333,
        4.94,
        6.931666666666667,
        0.0
    ],
    "object_VehicleC.AbstractDynamicObject$width_max": [
        0.0,
        0.0,
        0.0,
        0.0,
        0.0,
        0.0,
        0.0,
        0.0,
        0.0,
        0.0,
        0.0,
        0.0,
        0.0,
        0.0
    ],
    "object_VehicleC.AbstractDynamicObject$width_min": [
        1.5,
        1.5,
        1.5,
        1.5,
        1.5,
        1.5,
        1.5,
        1.5,
        1.5,
        1.5,
        1.5,
        1.5,
        1.5,
        0.0
    ],
    "object_VehicleC.AbstractDynamicObject$x": [
        -1.7916666666666667,
        -1.7916666666666667,
        -1.7916666666666667,
        -1.7916666666666667,
        -1.7916666666666667,
        -1.7916666666666667,
        -1.7916666666666667,
        -1.7916666666666667,
        -1.7916666666666667,
        -1.7916666666666667,
        -1.7916666666666667,
        -1.7916666666666667,
        -1.7916666666666667,
        -1.7916666666666667
    ],
    "object_VehicleC.AbstractDynamicObject$x2": [
        -1.7916666666666667,
        -1.7916666666666667,
        -1.7916666666666667,
        -1.7916666666666667,
        -1.7916666666666667,
        -1.7916666666666667,
        -1.7916666666666667,
        -1.7916666666666667,
        -1.7916666666666667,
        -1.7916666666666667,
        -1.7916666666666667,
        -1.7916666666666667,
        -1.7916666666666667,
        -1.7916666666666667
    ],
    "object_VehicleC.AbstractDynamicObject$y": [
        14.929166666666667,
        14.9125,
        14.895833333333334,
        14.879166666666666,
        14.820833333333333,
        13.725,
        10.6375,
        5.558333333333334,
        -0.945,
        -4.889166666666667,
        -6.841666666666667,
        -10.785833333333333,
        -16.721666666666668,
        -20.195833333333333
    ],
    "object_VehicleC.AbstractDynamicObject$y2": [
        14.920833333333333,
        14.904166666666667,
        14.8875,
        14.870833333333334,
        14.770833333333334,
        12.679166666666667,
        8.595833333333333,
        2.5208333333333335,
        -4.410833333333334,
        -5.3675,
        -8.315833333333334,
        -13.255833333333333,
        -20.1875,
        -20.204166666666666
    ]
}