{
    "time": [
        0,
        1.0,
        2.0,
        3.0,
        4.0,
        5.0,
        6.0,
        7.0,
        8.0,
        9.0,
        10.0,
        11.0,
        12.0,
        13.0,
        14.0
    ],
    "object_EEELane.AbstractStaticDirectionalObject$direction": [
        0.0
    ],
    "object_EEELane.AbstractStaticHeadingObject$heading": [
        0.0
    ],
    "object_EEELane.AbstractStaticObject$length": [
        52.08354166666667
    ],
    "object_EEELane.AbstractStaticObject$width": [
        2.55
    ],
    "object_EEELane.AbstractStaticObject$x": [
        2.55
    ],
    "object_EEELane.AbstractStaticObject$y": [
        -1.275
    ],
    "object_ERoad.AbstractStaticHeadingObject$heading": [
        0.0
    ],
    "object_ERoad.AbstractStaticObject$length": [
        52.08354166666667
    ],
    "object_ERoad.AbstractStaticObject$width": [
        5.1
    ],
    "object_ERoad.AbstractStaticObject$x": [
        2.55
    ],
    "object_ERoad.AbstractStaticObject$y": [
        0.0
    ],
    "object_EWWLane.AbstractStaticDirectionalObject$direction": [
        3.1415926535
    ],
    "object_EWWLane.AbstractStaticHeadingObject$heading": [
        3.1415926535
    ],
    "object_EWWLane.AbstractStaticObject$length": [
        52.08354166666667
    ],
    "object_EWWLane.AbstractStaticObject$width": [
        2.55
    ],
    "object_EWWLane.AbstractStaticObject$x": [
        54.633541666666666
    ],
    "object_EWWLane.AbstractStaticObject$y": [
        1.275
    ],
    "object_Junction.AbstractStaticObject$length": [
        5.1
    ],
    "object_Junction.AbstractStaticObject$width": [
        5.1
    ],
    "object_Junction.AbstractStaticObject$x": [
        0.0
    ],
    "object_Junction.AbstractStaticObject$y": [
        0.0
    ],
    "object_NNNLane.AbstractStaticDirectionalObject$direction": [
        1.5707963267
    ],
    "object_NNNLane.AbstractStaticHeadingObject$heading": [
        1.5707963267
    ],
    "object_NNNLane.AbstractStaticObject$length": [
        10.557291666666666
    ],
    "object_NNNLane.AbstractStaticObject$width": [
        2.55
    ],
    "object_NNNLane.AbstractStaticObject$x": [
        1.275
    ],
    "object_NNNLane.AbstractStaticObject$y": [
        2.55
    ],
    "object_NRoad.AbstractStaticHeadingObject$heading": [
        1.5707963267
    ],
    "object_NRoad.AbstractStaticObject$length": [
        10.557291666666666
    ],
    "object_NRoad.AbstractStaticObject$width": [
        5.1
    ],
    "object_NRoad.AbstractStaticObject$x": [
        0.0
    ],
    "object_NRoad.AbstractStaticObject$y": [
        2.55
    ],
    "object_NSSLane.AbstractStaticDirectionalObject$direction": [
        4.7123889803
    ],
    "object_NSSLane.AbstractStaticHeadingObject$heading": [
        4.7123889803
    ],
    "object_NSSLane.AbstractStaticObject$length": [
        10.557291666666666
    ],
    "object_NSSLane.AbstractStaticObject$width": [
        2.55
    ],
    "object_NSSLane.AbstractStaticObject$x": [
        -1.275
    ],
    "object_NSSLane.AbstractStaticObject$y": [
        13.107291666666667
    ],
    "object_SNNLane.AbstractStaticDirectionalObject$direction": [
        1.5707963267
    ],
    "object_SNNLane.AbstractStaticHeadingObject$heading": [
        1.5707963267
    ],
    "object_SNNLane.AbstractStaticObject$length": [
        6.871041666666667
    ],
    "object_SNNLane.AbstractStaticObject$width": [
        2.55
    ],
    "object_SNNLane.AbstractStaticObject$x": [
        1.275
    ],
    "object_SNNLane.AbstractStaticObject$y": [
        -9.421041666666667
    ],
    "object_SRoad.AbstractStaticHeadingObject$heading": [
        4.7123889803
    ],
    "object_SRoad.AbstractStaticObject$length": [
        6.871041666666667
    ],
    "object_SRoad.AbstractStaticObject$width": [
        5.1
    ],
    "object_SRoad.AbstractStaticObject$x": [
        0.0
    ],
    "object_SRoad.AbstractStaticObject$y": [
        -2.55
    ],
    "object_SSSLane.AbstractStaticDirectionalObject$direction": [
        4.7123889803
    ],
    "object_SSSLane.AbstractStaticHeadingObject$heading": [
        4.7123889803
    ],
    "object_SSSLane.AbstractStaticObject$length": [
        6.871041666666667
    ],
    "object_SSSLane.AbstractStaticObject$width": [
        2.55
    ],
    "object_SSSLane.AbstractStaticObject$x": [
        -1.275
    ],
    "object_SSSLane.AbstractStaticObject$y": [
        -2.55
    ],
    "object_WEELane.AbstractStaticDirectionalObject$direction": [
        0.0
    ],
    "object_WEELane.AbstractStaticHeadingObject$heading": [
        0.0
    ],
    "object_WEELane.AbstractStaticObject$length": [
        108.51854166666666
    ],
    "object_WEELane.AbstractStaticObject$width": [
        2.55
    ],
    "object_WEELane.AbstractStaticObject$x": [
        -111.06854166666666
    ],
    "object_WEELane.AbstractStaticObject$y": [
        -1.275
    ],
    "object_WRoad.AbstractStaticHeadingObject$heading": [
        3.1415926535
    ],
    "object_WRoad.AbstractStaticObject$length": [
        108.51854166666666
    ],
    "object_WRoad.AbstractStaticObject$width": [
        5.1
    ],
    "object_WRoad.AbstractStaticObject$x": [
        -2.55
    ],
    "object_WRoad.AbstractStaticObject$y": [
        0.0
    ],
    "object_WWWLane.AbstractStaticDirectionalObject$direction": [
        3.1415926535
    ],
    "object_WWWLane.AbstractStaticHeadingObject$heading": [
        3.1415926535
    ],
    "object_WWWLane.AbstractStaticObject$length": [
        108.51854166666666
    ],
    "object_WWWLane.AbstractStaticObject$width": [
        2.55
    ],
    "object_WWWLane.AbstractStaticObject$x": [
        -2.55
    ],
    "object_WWWLane.AbstractStaticObject$y": [
        1.275
    ],
    "object_World.World$occlusion_distance": [
        0.0020833333333333333
    ],
    "object_World.World$occlusion_epsilon": [
        0.0
    ],
    "object_VehicleA.AbstractDynamicObject$a_max": [
        0.0,
        0.0,
        0.0,
        0.0,
        0.0,
        0.0,
        0.0,
        0.0,
        0.0,
        0.0,
        0.0,
        0.0,
        0.0,
        0.0
    ],
    "object_VehicleA.AbstractDynamicObject$a_min": [
        0.0,
        0.0,
        0.0,
        0.0,
        0.0,
        0.0,
        0.0,
        0.0,
        0.0,
        0.0,
        0.0,
        0.0,
        0.0,
        0.0
    ],
    "object_VehicleA.AbstractDynamicObject$bb_max_x_max": [
        0.8,
        81.11645833333333,
        68.61645833333333,
        0.8,
        0.8,
        31.116458333333334,
        0.8,
        0.8,
        0.8,
        0.8,
        0.8,
        0.8,
        0.8,
        0.0
    ],
    "object_VehicleA.AbstractDynamicObject$bb_max_x_min": [
        0.0,
        0.0,
        0.0,
        0.0,
        0.8,
        0.8,
        0.8,
        0.8,
        0.8,
        0.8,
        0.8,
        0.0,
        0.0,
        0.0
    ],
    "object_VehicleA.AbstractDynamicObject$bb_max_y_max": [
        1.1,
        1.4458333333333333,
        1.4458333333333333,
        1.4458333333333333,
        1.4458333333333333,
        1.1,
        1.1,
        1.1,
        1.1,
        1.45,
        1.1,
        1.4458333333333333,
        1.4458333333333333,
        0.0
    ],
    "object_VehicleA.AbstractDynamicObject$bb_max_y_min": [
        0.0020833333333333333,
        0.0,
        0.0,
        0.0,
        1.1,
        -1.0979166666666667,
        1.1,
        1.1,
        1.1,
        1.1,
        1.1,
        0.0020833333333333333,
        0.0020833333333333333,
        0.0
    ],
    "object_VehicleA.AbstractDynamicObject$bb_min_x_max": [
        -0.0020833333333333333,
        -0.0020833333333333333,
        -0.0020833333333333333,
        -0.0020833333333333333,
        0.7979166666666667,
        0.7979166666666667,
        0.7979166666666667,
        0.7979166666666667,
        0.7979166666666667,
        -2.4,
        0.7979166666666667,
        -0.0020833333333333333,
        -0.0020833333333333333,
        0.0
    ],
    "object_VehicleA.AbstractDynamicObject$bb_min_x_min": [
        -2.4,
        -14.9,
        -27.4,
        -2.4,
        -52.4,
        -2.4,
        -2.4,
        -2.4,
        -2.4,
        -2.4,
        -2.4,
        -2.4,
        -38.78145833333333,
        0.0
    ],
    "object_VehicleA.AbstractDynamicObject$bb_min_y_max": [
        0.0,
        -0.0020833333333333333,
        -0.0020833333333333333,
        -0.0020833333333333333,
        1.0979166666666667,
        -1.1,
        1.0979166666666667,
        1.0979166666666667,
        1.0979166666666667,
        1.0979166666666667,
        1.0979166666666667,
        0.0,
        0.0,
        0.0
    ],
    "object_VehicleA.AbstractDynamicObject$bb_min_y_min": [
        -1.1,
        -1.1,
        -1.1,
        -1.1,
        -1.1,
        -1.1,
        -1.1,
        -1.1,
        -1.1,
        -1.1,
        -1.1,
        -1.1,
        -1.1,
        0.0
    ],
    "object_VehicleA.AbstractDynamicObject$length_max": [
        0.0,
        0.0,
        0.0,
        0.0,
        0.0,
        0.0,
        0.0,
        0.0,
        0.0,
        0.0,
        0.0,
        0.0,
        0.0,
        0.0
    ],
    "object_VehicleA.AbstractDynamicObject$length_min": [
        4.8,
        4.8,
        4.8,
        4.8,
        4.8,
        4.8,
        4.8,
        4.8,
        4.8,
        4.8,
        4.8,
        4.8,
        4.8,
        0.0
    ],
    "object_VehicleA.AbstractDynamicObject$v2_max": [
        12.5,
        12.5,
        12.5,
        12.5,
        12.5,
        12.5,
        12.5,
        12.5,
        12.5,
        12.5,
        12.5,
        12.5,
        12.5,
        0.0
    ],
    "object_VehicleA.AbstractDynamicObject$v2_min": [
        12.5,
        12.5,
        12.5,
        12.5,
        12.5,
        12.5,
        12.5,
        12.5,
        12.5,
        12.5,
        12.5,
        12.5,
        12.5,
        0.0
    ],
    "object_VehicleA.AbstractDynamicObject$v_max": [
        12.5,
        12.5,
        12.5,
        12.5,
        12.5,
        12.5,
        12.5,
        12.5,
        12.5,
        12.5,
        12.5,
        12.5,
        12.5,
        0.0
    ],
    "object_VehicleA.AbstractDynamicObject$v_min": [
        12.5,
        12.5,
        12.5,
        12.5,
        12.5,
        12.5,
        12.5,
        12.5,
        12.5,
        12.5,
        12.5,
        12.5,
        12.5,
        0.0
    ],
    "object_VehicleA.AbstractDynamicObject$width_max": [
        0.0,
        0.0,
        0.0,
        0.0,
        0.0,
        0.0,
        0.0,
        0.0,
        0.0,
        0.0,
        0.0,
        0.0,
        0.0,
        0.0
    ],
    "object_VehicleA.AbstractDynamicObject$width_min": [
        2.2,
        2.2,
        2.2,
        2.2,
        2.2,
        2.2,
        2.2,
        2.2,
        2.2,
        2.2,
        2.2,
        2.2,
        2.2,
        0.0
    ],
    "object_VehicleA.AbstractDynamicObject$x": [
        -108.66645833333334,
        -96.16645833333334,
        -83.66645833333334,
        -71.16645833333334,
        -58.66645833333333,
        -46.16645833333333,
        -33.66645833333333,
        -21.166458333333335,
        -8.666458333333333,
        3.8335416666666666,
        16.333541666666665,
        28.833541666666665,
        41.33354166666667,
        53.83354166666667
    ],
    "object_VehicleA.AbstractDynamicObject$x2": [
        -102.41645833333334,
        -89.91645833333334,
        -77.41645833333334,
        -64.91645833333334,
        -52.41645833333333,
        -39.91645833333333,
        -27.416458333333335,
        -14.916458333333333,
        -2.4164583333333334,
        10.083541666666667,
        22.583541666666665,
        35.08354166666667,
        47.58354166666667,
        60.08354166666667
    ],
    "object_VehicleA.AbstractDynamicObject$y": [
        -1.4479166666666667,
        -1.4479166666666667,
        -1.4479166666666667,
        -1.4479166666666667,
        -1.4479166666666667,
        -1.4479166666666667,
        -1.4479166666666667,
        -1.4479166666666667,
        -1.4479166666666667,
        -1.4479166666666667,
        -1.4479166666666667,
        -1.4479166666666667,
        -1.4479166666666667,
        -1.4479166666666667
    ],
    "object_VehicleA.AbstractDynamicObject$y2": [
        -1.4479166666666667,
        -1.4479166666666667,
        -1.4479166666666667,
        -1.4479166666666667,
        -1.4479166666666667,
        -1.4479166666666667,
        -1.4479166666666667,
        -1.4479166666666667,
        -1.4479166666666667,
        -1.4479166666666667,
        -1.4479166666666667,
        -1.4479166666666667,
        -1.4479166666666667,
        -1.4479166666666667
    ],
    "object_VehicleB.AbstractDynamicObject$a_max": [
        0.0,
        0.0,
        0.09375,
        -0.09375,
        0.0,
        0.0,
        9.712291666666667,
        -9.712291666666667,
        0.0,
        0.0,
        13.884722222222223,
        0.0,
        -13.884722222222223,
        0.0
    ],
    "object_VehicleB.AbstractDynamicObject$a_min": [
        0.0,
        0.0,
        0.09375,
        -0.09375,
        0.0,
        0.0,
        9.712291666666667,
        -9.712291666666667,
        0.0,
        0.0,
        13.884722222222223,
        0.0,
        -13.884722222222223,
        0.0
    ],
    "object_VehicleB.AbstractDynamicObject$bb_max_x_max": [
        2.4,
        51.166875,
        51.17104166666667,
        2.4,
        2.4,
        2.4,
        2.4,
        2.4,
        2.4,
        2.4,
        2.4,
        24.666458333333335,
        24.66229166666667,
        0.0
    ],
    "object_VehicleB.AbstractDynamicObject$bb_max_x_min": [
        0.0,
        0.0020833333333333333,
        0.0020833333333333333,
        0.0020833333333333333,
        2.4,
        -0.7979166666666667,
        2.4,
        2.4,
        2.4,
        2.4,
        2.4,
        0.0020833333333333333,
        0.0,
        0.0
    ],
    "object_VehicleB.AbstractDynamicObject$bb_max_y_max": [
        1.1,
        1.1,
        1.1,
        1.1,
        1.1,
        1.1,
        1.1,
        1.1,
        1.1,
        1.1,
        1.1,
        1.1,
        1.1,
        0.0
    ],
    "object_VehicleB.AbstractDynamicObject$bb_max_y_min": [
        0.0020833333333333333,
        0.0,
        0.0,
        0.0020833333333333333,
        1.1,
        1.1,
        1.1,
        1.1,
        1.1,
        1.1,
        1.1,
        0.0020833333333333333,
        0.0,
        0.0
    ],
    "object_VehicleB.AbstractDynamicObject$bb_min_x_max": [
        -0.0020833333333333333,
        0.0,
        0.0,
        0.0,
        -0.8,
        -0.8,
        -0.8,
        -0.8,
        -0.8,
        -0.8,
        -0.8,
        0.0,
        -0.0020833333333333333,
        0.0
    ],
    "object_VehicleB.AbstractDynamicObject$bb_min_x_min": [
        -0.9145833333333333,
        -0.9104166666666667,
        -0.859375,
        -0.8083333333333333,
        -0.8,
        -0.8,
        -0.8,
        -104.7,
        -0.8,
        -0.8,
        -0.8,
        -83.85416666666667,
        -76.90763888888888,
        0.0
    ],
    "object_VehicleB.AbstractDynamicObject$bb_min_y_max": [
        0.0,
        -0.0020833333333333333,
        -0.0020833333333333333,
        0.0,
        1.1,
        1.0979166666666667,
        -1.1,
        -1.1,
        -1.1,
        -1.1,
        -1.1,
        0.0,
        -0.0020833333333333333,
        0.0
    ],
    "object_VehicleB.AbstractDynamicObject$bb_min_y_min": [
        -1.4458333333333333,
        -1.4458333333333333,
        -1.4458333333333333,
        -1.4458333333333333,
        -1.4458333333333333,
        -1.1,
        -1.4479166666666667,
        -1.45,
        -1.1,
        -1.1,
        -1.1,
        -1.4458333333333333,
        -1.4458333333333333,
        0.0
    ],
    "object_VehicleB.AbstractDynamicObject$length_max": [
        0.0,
        0.0,
        0.0,
        0.0,
        0.0,
        0.0,
        0.0,
        0.0,
        0.0,
        0.0,
        0.0,
        0.0,
        0.0,
        0.0
    ],
    "object_VehicleB.AbstractDynamicObject$length_min": [
        4.8,
        4.8,
        4.8,
        4.8,
        4.8,
        4.8,
        4.8,
        4.8,
        4.8,
        4.8,
        4.8,
        4.8,
        4.8,
        0.0
    ],
    "object_VehicleB.AbstractDynamicObject$v2_max": [
        0.1,
        0.1,
        0.1,
        0.1,
        0.1,
        0.1,
        9.716458333333334,
        0.1,
        0.1,
        0.004166666666666667,
        13.88888888888889,
        13.88888888888889,
        0.004166666666666667,
        0.0
    ],
    "object_VehicleB.AbstractDynamicObject$v2_min": [
        0.004166666666666667,
        0.004166666666666667,
        0.09791666666666667,
        0.0,
        0.0,
        0.0,
        0.0,
        0.0,
        0.0,
        0.0,
        0.0,
        0.0,
        0.0,
        0.0
    ],
    "object_VehicleB.AbstractDynamicObject$v_max": [
        0.004166666666666667,
        0.004166666666666667,
        0.004166666666666667,
        0.09791666666666667,
        0.004166666666666667,
        0.004166666666666667,
        13.88888888888889,
        9.716458333333334,
        0.004166666666666667,
        0.004166666666666667,
        13.88888888888889,
        13.88888888888889,
        13.88888888888889,
        0.0
    ],
    "object_VehicleB.AbstractDynamicObject$v_min": [
        0.004166666666666667,
        0.004166666666666667,
        0.004166666666666667,
        0.09791666666666667,
        0.004166666666666667,
        0.004166666666666667,
        0.004166666666666667,
        9.716458333333334,
        0.004166666666666667,
        0.004166666666666667,
        0.004166666666666667,
        13.88888888888889,
        13.88888888888889,
        0.0
    ],
    "object_VehicleB.AbstractDynamicObject$width_max": [
        0.0,
        0.0,
        0.0,
        0.0,
        0.0,
        0.0,
        0.0,
        0.0,
        0.0,
        0.0,
        0.0,
        0.0,
        0.0,
        0.0
    ],
    "object_VehicleB.AbstractDynamicObject$width_min": [
        2.2,
        2.2,
        2.2,
        2.2,
        2.2,
        2.2,
        2.2,
        2.2,
        2.2,
        2.2,
        2.2,
        2.2,
        2.2,
        0.0
    ],
    "object_VehicleB.AbstractDynamicObject$x": [
        3.46875,
        3.464583333333333,
        3.4604166666666667,
        3.409375,
        3.3583333333333334,
        3.3541666666666665,
        3.35,
        -1.5103125,
        -6.370625,
        -6.374791666666667,
        -6.378958333333333,
        -13.325486111111111,
        -27.214375,
        -34.16090277777778
    ],
    "object_VehicleB.AbstractDynamicObject$x2": [
        3.466666666666667,
        3.4625,
        3.4583333333333335,
        3.3604166666666666,
        3.35625,
        3.3520833333333333,
        3.347916666666667,
        -6.368541666666666,
        -6.372708333333334,
        -6.376875,
        -6.3810416666666665,
        -20.269930555555554,
        -34.15881944444445,
        -34.16298611111111
    ],
    "object_VehicleB.AbstractDynamicObject$y": [
        1.4479166666666667,
        1.4479166666666667,
        1.4479166666666667,
        1.4479166666666667,
        1.4479166666666667,
        1.4479166666666667,
        1.4479166666666667,
        1.4479166666666667,
        1.4479166666666667,
        1.4479166666666667,
        1.4479166666666667,
        1.4479166666666667,
        1.4479166666666667,
        1.4479166666666667
    ],
    "object_VehicleB.AbstractDynamicObject$y2": [
        1.4479166666666667,
        1.4479166666666667,
        1.4479166666666667,
        1.4479166666666667,
        1.4479166666666667,
        1.4479166666666667,
        1.4479166666666667,
        1.4479166666666667,
        1.4479166666666667,
        1.4479166666666667,
        1.4479166666666667,
        1.4479166666666667,
        1.4479166666666667,
        1.4479166666666667
    ],
    "object_VehicleC.AbstractDynamicObject$a_max": [
        0.0,
        0.0,
        1.9979166666666666,
        1.9979166666666666,
        0.0,
        0.09583333333333334,
        1.9979166666666666,
        1.9979166666666666,
        1.9979166666666666,
        1.9979166666666666,
        1.9979166666666666,
        1.9979166666666666,
        1.9979166666666666,
        0.0
    ],
    "object_VehicleC.AbstractDynamicObject$a_min": [
        0.0,
        0.0,
        0.0,
        0.0,
        0.0,
        0.09583333333333334,
        1.9979166666666666,
        1.9979166666666666,
        -3.995833333333333,
        1.9979166666666666,
        1.9979166666666666,
        1.9979166666666666,
        -6.089583333333334,
        0.0
    ],
    "object_VehicleC.AbstractDynamicObject$bb_max_x_max": [
        0.75,
        0.75,
        0.75,
        0.75,
        0.75,
        0.75,
        0.75,
        0.75,
        0.75,
        0.75,
        0.75,
        0.75,
        0.75,
        0.0
    ],
    "object_VehicleC.AbstractDynamicObject$bb_max_x_min": [
        0.0,
        0.0,
        0.0,
        0.0020833333333333333,
        -0.7479166666666667,
        0.75,
        -0.7479166666666667,
        -0.7479166666666667,
        -0.7479166666666667,
        0.0,
        -0.7479166666666667,
        0.0020833333333333333,
        0.0,
        0.0
    ],
    "object_VehicleC.AbstractDynamicObject$bb_max_y_max": [
        0.82,
        0.8241666666666667,
        0.8283333333333334,
        0.8325,
        0.82,
        0.8408333333333333,
        0.82,
        0.82,
        5.08875,
        0.82,
        0.82,
        0.82,
        0.82,
        0.0
    ],
    "object_VehicleC.AbstractDynamicObject$bb_max_y_min": [
        0.0020833333333333333,
        0.0020833333333333333,
        0.0020833333333333333,
        0.0020833333333333333,
        -2.997916666666667,
        -2.997916666666667,
        -2.997916666666667,
        0.0,
        0.82,
        0.82,
        -2.997916666666667,
        0.0020833333333333333,
        0.0020833333333333333,
        0.0
    ],
    "object_VehicleC.AbstractDynamicObject$bb_min_x_max": [
        -0.0020833333333333333,
        -0.0020833333333333333,
        -0.0020833333333333333,
        0.0,
        -0.75,
        0.7479166666666667,
        -0.75,
        -0.75,
        -0.75,
        -0.75,
        -0.75,
        0.0,
        -0.0020833333333333333,
        0.0
    ],
    "object_VehicleC.AbstractDynamicObject$bb_min_x_min": [
        -0.75,
        -1.7958333333333334,
        -1.7958333333333334,
        -1.7958333333333334,
        -0.75,
        -0.75,
        -0.75,
        -0.75,
        -0.75,
        -0.75,
        -0.75,
        -1.7958333333333334,
        -1.7958333333333334,
        0.0
    ],
    "object_VehicleC.AbstractDynamicObject$bb_min_y_max": [
        0.0,
        0.0,
        0.0,
        0.0,
        -3.0,
        -3.0,
        -3.0,
        -3.0,
        -3.0,
        -3.0,
        -3.0,
        0.0,
        0.0,
        0.0
    ],
    "object_VehicleC.AbstractDynamicObject$bb_min_y_min": [
        -9.731041666666666,
        -9.726875,
        -9.722708333333333,
        -9.718541666666667,
        -3.0,
        -9.662291666666667,
        -3.0,
        -3.0,
        -3.0,
        -3.0,
        -3.0,
        -3.0,
        -3.0,
        0.0
    ],
    "object_VehicleC.AbstractDynamicObject$length_max": [
        0.0,
        0.0,
        0.0,
        0.0,
        0.0,
        0.0,
        0.0,
        0.0,
        0.0,
        0.0,
        0.0,
        0.0,
        0.0,
        0.0
    ],
    "object_VehicleC.AbstractDynamicObject$length_min": [
        1.65,
        1.65,
        1.65,
        1.65,
        1.65,
        1.65,
        1.65,
        1.65,
        1.65,
        1.65,
        1.65,
        1.65,
        1.65,
        0.0
    ],
    "object_VehicleC.AbstractDynamicObject$v2_max": [
        0.004166666666666667,
        0.004166666666666667,
        0.1,
        0.1,
        0.1,
        0.1,
        2.097916666666667,
        4.095833333333333,
        0.1,
        2.097916666666667,
        4.095833333333333,
        6.09375,
        0.004166666666666667,
        0.0
    ],
    "object_VehicleC.AbstractDynamicObject$v2_min": [
        0.004166666666666667,
        0.004166666666666667,
        0.004166666666666667,
        0.004166666666666667,
        0.004166666666666667,
        0.1,
        2.097916666666667,
        4.095833333333333,
        0.1,
        2.097916666666667,
        0.0,
        0.0,
        0.0,
        0.0
    ],
    "object_VehicleC.AbstractDynamicObject$v_max": [
        0.004166666666666667,
        0.09791666666666667,
        0.004166666666666667,
        0.004166666666666667,
        0.09791666666666667,
        0.09791666666666667,
        0.1,
        2.097916666666667,
        4.095833333333333,
        6.937916666666666,
        6.937916666666666,
        6.937916666666666,
        6.09375,
        0.0
    ],
    "object_VehicleC.AbstractDynamicObject$v_min": [
        0.004166666666666667,
        0.004166666666666667,
        0.004166666666666667,
        0.004166666666666667,
        0.004166666666666667,
        0.004166666666666667,
        0.1,
        2.097916666666667,
        4.095833333333333,
        0.1,
        2.097916666666667,
        4.095833333333333,
        6.09375,
        0.0
    ],
    "object_VehicleC.AbstractDynamicObject$width_max": [
        0.0,
        0.0,
        0.0,
        0.0,
        0.0,
        0.0,
        0.0,
        0.0,
        0.0,
        0.0,
        0.0,
        0.0,
        0.0,
        0.0
    ],
    "object_VehicleC.AbstractDynamicObject$width_min": [
        1.5,
        1.5,
        1.5,
        1.5,
        1.5,
        1.5,
        1.5,
        1.5,
        1.5,
        1.5,
        1.5,
        1.5,
        1.5,
        0.0
    ],
    "object_VehicleC.AbstractDynamicObject$x": [
        -0.7520833333333333,
        -0.7520833333333333,
        -0.7520833333333333,
        -0.7520833333333333,
        -0.7520833333333333,
        -0.7520833333333333,
        -0.7520833333333333,
        -0.7520833333333333,
        -0.7520833333333333,
        -0.7520833333333333,
        -0.7520833333333333,
        -0.7520833333333333,
        -0.7520833333333333,
        -0.7520833333333333
    ],
    "object_VehicleC.AbstractDynamicObject$x2": [
        -0.7520833333333333,
        -0.7520833333333333,
        -0.7520833333333333,
        -0.7520833333333333,
        -0.7520833333333333,
        -0.7520833333333333,
        -0.7520833333333333,
        -0.7520833333333333,
        -0.7520833333333333,
        -0.7520833333333333,
        -0.7520833333333333,
        -0.7520833333333333,
        -0.7520833333333333,
        -0.7520833333333333
    ],
    "object_VehicleC.AbstractDynamicObject$y": [
        12.285208333333333,
        12.281041666666667,
        12.276875,
        12.272708333333334,
        12.268541666666666,
        12.264375,
        12.212291666666667,
        11.113333333333333,
        8.016458333333333,
        5.918541666666667,
        4.819583333333333,
        1.7227083333333333,
        -3.3720833333333333,
        -6.4210416666666665
    ],
    "object_VehicleC.AbstractDynamicObject$y2": [
        12.283125,
        12.278958333333334,
        12.274791666666667,
        12.270625,
        12.266458333333333,
        12.262291666666666,
        12.162291666666667,
        10.064375,
        5.968541666666667,
        5.868541666666666,
        3.770625,
        -0.3252083333333333,
        -6.418958333333333,
        -6.423125
    ]
}