{
    "time": [
        0,
        1.0,
        2.0,
        3.0,
        4.0,
        5.0,
        6.0,
        7.0,
        8.0,
        9.0,
        10.0,
        11.0,
        12.0,
        13.0,
        14.0
    ],
    "object_EEELane.AbstractStaticDirectionalObject$direction": [
        0.0
    ],
    "object_EEELane.AbstractStaticHeadingObject$heading": [
        0.0
    ],
    "object_EEELane.AbstractStaticObject$length": [
        66.69583333333334
    ],
    "object_EEELane.AbstractStaticObject$width": [
        2.55
    ],
    "object_EEELane.AbstractStaticObject$x": [
        2.55
    ],
    "object_EEELane.AbstractStaticObject$y": [
        -1.275
    ],
    "object_ERoad.AbstractStaticHeadingObject$heading": [
        0.0
    ],
    "object_ERoad.AbstractStaticObject$length": [
        66.69583333333334
    ],
    "object_ERoad.AbstractStaticObject$width": [
        5.1
    ],
    "object_ERoad.AbstractStaticObject$x": [
        2.55
    ],
    "object_ERoad.AbstractStaticObject$y": [
        0.0
    ],
    "object_EWWLane.AbstractStaticDirectionalObject$direction": [
        3.1415926535
    ],
    "object_EWWLane.AbstractStaticHeadingObject$heading": [
        3.1415926535
    ],
    "object_EWWLane.AbstractStaticObject$length": [
        66.69583333333334
    ],
    "object_EWWLane.AbstractStaticObject$width": [
        2.55
    ],
    "object_EWWLane.AbstractStaticObject$x": [
        69.24583333333334
    ],
    "object_EWWLane.AbstractStaticObject$y": [
        1.275
    ],
    "object_Junction.AbstractStaticObject$length": [
        5.1
    ],
    "object_Junction.AbstractStaticObject$width": [
        5.1
    ],
    "object_Junction.AbstractStaticObject$x": [
        0.0
    ],
    "object_Junction.AbstractStaticObject$y": [
        0.0
    ],
    "object_NNNLane.AbstractStaticDirectionalObject$direction": [
        1.5707963267
    ],
    "object_NNNLane.AbstractStaticHeadingObject$heading": [
        1.5707963267
    ],
    "object_NNNLane.AbstractStaticObject$length": [
        7.836666666666667
    ],
    "object_NNNLane.AbstractStaticObject$width": [
        2.55
    ],
    "object_NNNLane.AbstractStaticObject$x": [
        1.275
    ],
    "object_NNNLane.AbstractStaticObject$y": [
        2.55
    ],
    "object_NRoad.AbstractStaticHeadingObject$heading": [
        1.5707963267
    ],
    "object_NRoad.AbstractStaticObject$length": [
        7.836666666666667
    ],
    "object_NRoad.AbstractStaticObject$width": [
        5.1
    ],
    "object_NRoad.AbstractStaticObject$x": [
        0.0
    ],
    "object_NRoad.AbstractStaticObject$y": [
        2.55
    ],
    "object_NSSLane.AbstractStaticDirectionalObject$direction": [
        4.7123889803
    ],
    "object_NSSLane.AbstractStaticHeadingObject$heading": [
        4.7123889803
    ],
    "object_NSSLane.AbstractStaticObject$length": [
        7.836666666666667
    ],
    "object_NSSLane.AbstractStaticObject$width": [
        2.55
    ],
    "object_NSSLane.AbstractStaticObject$x": [
        -1.275
    ],
    "object_NSSLane.AbstractStaticObject$y": [
        10.386666666666667
    ],
    "object_SNNLane.AbstractStaticDirectionalObject$direction": [
        1.5707963267
    ],
    "object_SNNLane.AbstractStaticHeadingObject$heading": [
        1.5707963267
    ],
    "object_SNNLane.AbstractStaticObject$length": [
        10.5525
    ],
    "object_SNNLane.AbstractStaticObject$width": [
        2.55
    ],
    "object_SNNLane.AbstractStaticObject$x": [
        1.275
    ],
    "object_SNNLane.AbstractStaticObject$y": [
        -13.1025
    ],
    "object_SRoad.AbstractStaticHeadingObject$heading": [
        4.7123889803
    ],
    "object_SRoad.AbstractStaticObject$length": [
        10.5525
    ],
    "object_SRoad.AbstractStaticObject$width": [
        5.1
    ],
    "object_SRoad.AbstractStaticObject$x": [
        0.0
    ],
    "object_SRoad.AbstractStaticObject$y": [
        -2.55
    ],
    "object_SSSLane.AbstractStaticDirectionalObject$direction": [
        4.7123889803
    ],
    "object_SSSLane.AbstractStaticHeadingObject$heading": [
        4.7123889803
    ],
    "object_SSSLane.AbstractStaticObject$length": [
        10.5525
    ],
    "object_SSSLane.AbstractStaticObject$width": [
        2.55
    ],
    "object_SSSLane.AbstractStaticObject$x": [
        -1.275
    ],
    "object_SSSLane.AbstractStaticObject$y": [
        -2.55
    ],
    "object_WEELane.AbstractStaticDirectionalObject$direction": [
        0.0
    ],
    "object_WEELane.AbstractStaticHeadingObject$heading": [
        0.0
    ],
    "object_WEELane.AbstractStaticObject$length": [
        93.90625
    ],
    "object_WEELane.AbstractStaticObject$width": [
        2.55
    ],
    "object_WEELane.AbstractStaticObject$x": [
        -96.45625
    ],
    "object_WEELane.AbstractStaticObject$y": [
        -1.275
    ],
    "object_WRoad.AbstractStaticHeadingObject$heading": [
        3.1415926535
    ],
    "object_WRoad.AbstractStaticObject$length": [
        93.90625
    ],
    "object_WRoad.AbstractStaticObject$width": [
        5.1
    ],
    "object_WRoad.AbstractStaticObject$x": [
        -2.55
    ],
    "object_WRoad.AbstractStaticObject$y": [
        0.0
    ],
    "object_WWWLane.AbstractStaticDirectionalObject$direction": [
        3.1415926535
    ],
    "object_WWWLane.AbstractStaticHeadingObject$heading": [
        3.1415926535
    ],
    "object_WWWLane.AbstractStaticObject$length": [
        93.90625
    ],
    "object_WWWLane.AbstractStaticObject$width": [
        2.55
    ],
    "object_WWWLane.AbstractStaticObject$x": [
        -2.55
    ],
    "object_WWWLane.AbstractStaticObject$y": [
        1.275
    ],
    "object_World.World$occlusion_distance": [
        0.0020833333333333333
    ],
    "object_World.World$occlusion_epsilon": [
        0.0
    ],
    "object_VehicleA.AbstractDynamicObject$a_max": [
        0.0,
        0.0,
        0.0,
        0.0,
        0.0,
        0.0,
        0.0,
        0.0,
        0.0,
        0.0,
        0.0,
        0.0,
        0.0,
        0.0
    ],
    "object_VehicleA.AbstractDynamicObject$a_min": [
        0.0,
        0.0,
        0.0,
        0.0,
        0.0,
        0.0,
        0.0,
        0.0,
        0.0,
        0.0,
        0.0,
        0.0,
        0.0,
        0.0
    ],
    "object_VehicleA.AbstractDynamicObject$bb_max_x_max": [
        0.8,
        66.50416666666666,
        0.8,
        0.8,
        0.8,
        0.8,
        0.8,
        0.8,
        0.8,
        0.8,
        25.8,
        13.3,
        0.8,
        0.0
    ],
    "object_VehicleA.AbstractDynamicObject$bb_max_x_min": [
        0.0,
        0.0,
        0.0,
        0.0,
        0.8,
        0.8,
        0.8,
        0.8,
        0.8,
        0.8,
        0.8,
        0.0,
        0.0,
        0.0
    ],
    "object_VehicleA.AbstractDynamicObject$bb_max_y_max": [
        1.1,
        1.1,
        1.1,
        1.1,
        1.1,
        1.1,
        1.1,
        1.1,
        1.1,
        1.1,
        1.1,
        1.1,
        1.1,
        0.0
    ],
    "object_VehicleA.AbstractDynamicObject$bb_max_y_min": [
        0.0020833333333333333,
        0.0,
        0.0,
        0.0,
        1.1,
        1.1,
        1.1,
        1.1,
        1.1,
        1.1,
        1.1,
        0.0020833333333333333,
        0.0020833333333333333,
        0.0
    ],
    "object_VehicleA.AbstractDynamicObject$bb_min_x_max": [
        -0.0020833333333333333,
        -0.0020833333333333333,
        -0.0020833333333333333,
        -0.0020833333333333333,
        0.7979166666666667,
        0.7979166666666667,
        0.7979166666666667,
        0.7979166666666667,
        0.7979166666666667,
        -2.4,
        0.7979166666666667,
        -0.0020833333333333333,
        -0.0020833333333333333,
        0.0
    ],
    "object_VehicleA.AbstractDynamicObject$bb_min_x_min": [
        -2.4,
        -14.9,
        -2.4,
        -2.4,
        -2.4,
        -2.4,
        -2.4,
        -2.4,
        -2.4,
        -15.89375,
        -2.4,
        -2.4,
        -53.39375,
        0.0
    ],
    "object_VehicleA.AbstractDynamicObject$bb_min_y_max": [
        0.0,
        -0.0020833333333333333,
        -0.0020833333333333333,
        -0.0020833333333333333,
        1.0979166666666667,
        1.0979166666666667,
        1.0979166666666667,
        1.0979166666666667,
        1.0979166666666667,
        1.0979166666666667,
        1.0979166666666667,
        0.0,
        0.0,
        0.0
    ],
    "object_VehicleA.AbstractDynamicObject$bb_min_y_min": [
        -1.1,
        -1.4458333333333333,
        -1.1,
        -1.4479166666666667,
        -1.1,
        -1.4458333333333333,
        -1.4458333333333333,
        -1.45,
        -1.4458333333333333,
        -1.4458333333333333,
        -1.1,
        -1.1,
        -1.1,
        0.0
    ],
    "object_VehicleA.AbstractDynamicObject$length_max": [
        0.0,
        0.0,
        0.0,
        0.0,
        0.0,
        0.0,
        0.0,
        0.0,
        0.0,
        0.0,
        0.0,
        0.0,
        0.0,
        0.0
    ],
    "object_VehicleA.AbstractDynamicObject$length_min": [
        4.8,
        4.8,
        4.8,
        4.8,
        4.8,
        4.8,
        4.8,
        4.8,
        4.8,
        4.8,
        4.8,
        4.8,
        4.8,
        0.0
    ],
    "object_VehicleA.AbstractDynamicObject$v2_max": [
        12.5,
        12.5,
        12.5,
        12.5,
        12.5,
        12.5,
        12.5,
        12.5,
        12.5,
        12.5,
        12.5,
        12.5,
        12.5,
        0.0
    ],
    "object_VehicleA.AbstractDynamicObject$v2_min": [
        12.5,
        12.5,
        12.5,
        12.5,
        12.5,
        12.5,
        12.5,
        12.5,
        12.5,
        12.5,
        12.5,
        12.5,
        12.5,
        0.0
    ],
    "object_VehicleA.AbstractDynamicObject$v_max": [
        12.5,
        12.5,
        12.5,
        12.5,
        12.5,
        12.5,
        12.5,
        12.5,
        12.5,
        12.5,
        12.5,
        12.5,
        12.5,
        0.0
    ],
    "object_VehicleA.AbstractDynamicObject$v_min": [
        12.5,
        12.5,
        12.5,
        12.5,
        12.5,
        12.5,
        12.5,
        12.5,
        12.5,
        12.5,
        12.5,
        12.5,
        12.5,
        0.0
    ],
    "object_VehicleA.AbstractDynamicObject$width_max": [
        0.0,
        0.0,
        0.0,
        0.0,
        0.0,
        0.0,
        0.0,
        0.0,
        0.0,
        0.0,
        0.0,
        0.0,
        0.0,
        0.0
    ],
    "object_VehicleA.AbstractDynamicObject$width_min": [
        2.2,
        2.2,
        2.2,
        2.2,
        2.2,
        2.2,
        2.2,
        2.2,
        2.2,
        2.2,
        2.2,
        2.2,
        2.2,
        0.0
    ],
    "object_VehicleA.AbstractDynamicObject$x": [
        -94.05416666666666,
        -81.55416666666666,
        -69.05416666666666,
        -56.55416666666667,
        -44.05416666666667,
        -31.554166666666667,
        -19.054166666666667,
        -6.554166666666666,
        5.945833333333334,
        18.445833333333333,
        30.945833333333333,
        43.44583333333333,
        55.94583333333333,
        68.44583333333334
    ],
    "object_VehicleA.AbstractDynamicObject$x2": [
        -87.80416666666666,
        -75.30416666666666,
        -62.80416666666667,
        -50.30416666666667,
        -37.80416666666667,
        -25.304166666666667,
        -12.804166666666667,
        -0.30416666666666664,
        12.195833333333333,
        24.695833333333333,
        37.19583333333333,
        49.69583333333333,
        62.19583333333333,
        74.69583333333334
    ],
    "object_VehicleA.AbstractDynamicObject$y": [
        -1.1020833333333333,
        -1.1020833333333333,
        -1.1020833333333333,
        -1.1020833333333333,
        -1.1020833333333333,
        -1.1020833333333333,
        -1.1020833333333333,
        -1.1020833333333333,
        -1.1020833333333333,
        -1.1020833333333333,
        -1.1020833333333333,
        -1.1020833333333333,
        -1.1020833333333333,
        -1.1020833333333333
    ],
    "object_VehicleA.AbstractDynamicObject$y2": [
        -1.1020833333333333,
        -1.1020833333333333,
        -1.1020833333333333,
        -1.1020833333333333,
        -1.1020833333333333,
        -1.1020833333333333,
        -1.1020833333333333,
        -1.1020833333333333,
        -1.1020833333333333,
        -1.1020833333333333,
        -1.1020833333333333,
        -1.1020833333333333,
        -1.1020833333333333,
        -1.1020833333333333
    ],
    "object_VehicleB.AbstractDynamicObject$a_max": [
        0.0,
        0.09583333333333334,
        -0.09583333333333334,
        0.0,
        0.09583333333333334,
        8.147916666666667,
        -8.24375,
        0.0,
        0.0,
        0.09583333333333334,
        13.78888888888889,
        0.0,
        -13.884722222222223,
        0.0
    ],
    "object_VehicleB.AbstractDynamicObject$a_min": [
        0.0,
        0.09583333333333334,
        -0.09583333333333334,
        0.0,
        0.09583333333333334,
        8.147916666666667,
        -8.24375,
        0.0,
        0.0,
        0.09583333333333334,
        13.78888888888889,
        0.0,
        -13.884722222222223,
        0.0
    ],
    "object_VehicleB.AbstractDynamicObject$bb_max_x_max": [
        65.72916666666667,
        65.73333333333333,
        2.4,
        2.4,
        2.4,
        65.89583333333333,
        2.4,
        2.4,
        2.402083333333333,
        2.4,
        2.4,
        2.4,
        23.341666666666665,
        0.0
    ],
    "object_VehicleB.AbstractDynamicObject$bb_max_x_min": [
        0.0,
        0.0020833333333333333,
        0.0020833333333333333,
        0.0020833333333333333,
        2.4,
        2.4,
        2.4,
        2.4,
        2.4,
        2.4,
        2.4,
        0.0020833333333333333,
        0.0,
        0.0
    ],
    "object_VehicleB.AbstractDynamicObject$bb_max_y_max": [
        1.1,
        1.4458333333333333,
        1.1,
        1.1,
        1.1,
        1.1,
        1.1,
        1.1,
        1.4458333333333333,
        1.1,
        1.1,
        1.1,
        1.4458333333333333,
        0.0
    ],
    "object_VehicleB.AbstractDynamicObject$bb_max_y_min": [
        0.0020833333333333333,
        0.0,
        0.0,
        0.0020833333333333333,
        1.1,
        1.1,
        1.1,
        1.1,
        1.1,
        1.1,
        1.1,
        0.0020833333333333333,
        0.0,
        0.0
    ],
    "object_VehicleB.AbstractDynamicObject$bb_min_x_max": [
        -0.0020833333333333333,
        0.0,
        0.0,
        0.0,
        -0.8,
        -0.8,
        -0.8,
        -0.8,
        -0.8,
        -0.8,
        -0.8,
        0.0,
        -0.0020833333333333333,
        0.0
    ],
    "object_VehicleB.AbstractDynamicObject$bb_min_x_min": [
        -0.9604166666666667,
        -0.9083333333333333,
        -0.8,
        -0.8,
        -0.8,
        -0.8,
        -0.8,
        -0.8,
        -0.8,
        -0.8,
        -0.8,
        -70.5625,
        -63.615972222222226,
        0.0
    ],
    "object_VehicleB.AbstractDynamicObject$bb_min_y_max": [
        0.0,
        -0.0020833333333333333,
        0.0,
        0.0,
        -1.1,
        32.202083333333334,
        -1.1,
        -1.1,
        -1.1,
        -1.1,
        -1.1,
        0.0,
        -0.0020833333333333333,
        0.0
    ],
    "object_VehicleB.AbstractDynamicObject$bb_min_y_min": [
        -1.1,
        -1.1,
        -1.1,
        -1.1,
        -1.1,
        -1.1,
        -1.1041666666666667,
        -1.1,
        -1.1,
        -1.1,
        -1.1,
        -1.1,
        -1.1,
        0.0
    ],
    "object_VehicleB.AbstractDynamicObject$length_max": [
        0.0,
        0.0,
        0.0,
        0.0,
        0.0,
        0.0,
        0.0,
        0.0,
        0.0,
        0.0,
        0.0,
        0.0,
        0.0,
        0.0
    ],
    "object_VehicleB.AbstractDynamicObject$length_min": [
        4.8,
        4.8,
        4.8,
        4.8,
        4.8,
        4.8,
        4.8,
        4.8,
        4.8,
        4.8,
        4.8,
        4.8,
        4.8,
        0.0
    ],
    "object_VehicleB.AbstractDynamicObject$v2_max": [
        0.1,
        0.1,
        13.88888888888889,
        0.004166666666666667,
        0.1,
        8.247916666666667,
        0.004166666666666667,
        0.004166666666666667,
        0.004166666666666667,
        0.1,
        13.88888888888889,
        13.88888888888889,
        0.004166666666666667,
        0.0
    ],
    "object_VehicleB.AbstractDynamicObject$v2_min": [
        0.004166666666666667,
        0.1,
        0.004166666666666667,
        0.0,
        0.0,
        0.0,
        0.0,
        0.0,
        0.0,
        0.0,
        0.0,
        0.0,
        0.0,
        0.0
    ],
    "object_VehicleB.AbstractDynamicObject$v_max": [
        0.004166666666666667,
        0.004166666666666667,
        0.1,
        13.88888888888889,
        0.004166666666666667,
        13.88888888888889,
        13.88888888888889,
        13.88888888888889,
        0.004166666666666667,
        0.09791666666666667,
        13.88888888888889,
        13.88888888888889,
        13.88888888888889,
        0.0
    ],
    "object_VehicleB.AbstractDynamicObject$v_min": [
        0.004166666666666667,
        0.004166666666666667,
        0.1,
        0.004166666666666667,
        0.004166666666666667,
        0.1,
        8.247916666666667,
        0.004166666666666667,
        0.004166666666666667,
        0.004166666666666667,
        0.1,
        13.88888888888889,
        13.88888888888889,
        0.0
    ],
    "object_VehicleB.AbstractDynamicObject$width_max": [
        0.0,
        0.0,
        0.0,
        0.0,
        0.0,
        0.0,
        0.0,
        0.0,
        0.0,
        0.0,
        0.0,
        0.0,
        0.0,
        0.0
    ],
    "object_VehicleB.AbstractDynamicObject$width_min": [
        2.2,
        2.2,
        2.2,
        2.2,
        2.2,
        2.2,
        2.2,
        2.2,
        2.2,
        2.2,
        2.2,
        2.2,
        2.2,
        0.0
    ],
    "object_VehicleB.AbstractDynamicObject$x": [
        3.5145833333333334,
        3.5104166666666665,
        3.4583333333333335,
        3.40625,
        3.402083333333333,
        3.35,
        -0.8239583333333333,
        -4.95,
        -4.954166666666667,
        -4.958333333333333,
        -5.010416666666667,
        -12.004861111111111,
        -25.89375,
        -32.84027777777778
    ],
    "object_VehicleB.AbstractDynamicObject$x2": [
        3.5125,
        3.5083333333333333,
        3.408333333333333,
        3.404166666666667,
        3.4,
        3.3,
        -4.947916666666667,
        -4.952083333333333,
        -4.95625,
        -4.960416666666666,
        -5.060416666666667,
        -18.949305555555554,
        -32.83819444444445,
        -32.84236111111111
    ],
    "object_VehicleB.AbstractDynamicObject$y": [
        1.1020833333333333,
        1.1020833333333333,
        1.1020833333333333,
        1.1020833333333333,
        1.1020833333333333,
        1.1020833333333333,
        1.1020833333333333,
        1.1020833333333333,
        1.1020833333333333,
        1.1020833333333333,
        1.1020833333333333,
        1.1020833333333333,
        1.1020833333333333,
        1.1020833333333333
    ],
    "object_VehicleB.AbstractDynamicObject$y2": [
        1.1020833333333333,
        1.1020833333333333,
        1.1020833333333333,
        1.1020833333333333,
        1.1020833333333333,
        1.1020833333333333,
        1.1020833333333333,
        1.1020833333333333,
        1.1020833333333333,
        1.1020833333333333,
        1.1020833333333333,
        1.1020833333333333,
        1.1020833333333333,
        1.1020833333333333
    ],
    "object_VehicleC.AbstractDynamicObject$a_max": [
        0.0,
        0.09583333333333334,
        1.9979166666666666,
        1.9979166666666666,
        1.9979166666666666,
        1.9979166666666666,
        1.9979166666666666,
        1.9979166666666666,
        1.9979166666666666,
        -0.7691666666666667,
        1.9979166666666666,
        1.9979166666666666,
        1.9979166666666666,
        0.0
    ],
    "object_VehicleC.AbstractDynamicObject$a_min": [
        0.0,
        0.09583333333333334,
        -0.09583333333333334,
        0.0,
        0.09583333333333334,
        1.9979166666666666,
        1.9979166666666666,
        1.9979166666666666,
        -5.224583333333333,
        -0.7691666666666667,
        1.9979166666666666,
        1.9979166666666666,
        -4.091666666666667,
        0.0
    ],
    "object_VehicleC.AbstractDynamicObject$bb_max_x_max": [
        1.7958333333333334,
        1.7958333333333334,
        0.75,
        0.75,
        1.7958333333333334,
        1.7958333333333334,
        1.7958333333333334,
        1.8,
        1.7958333333333334,
        1.7958333333333334,
        0.75,
        0.75,
        1.7958333333333334,
        0.0
    ],
    "object_VehicleC.AbstractDynamicObject$bb_max_x_min": [
        0.0,
        0.0,
        0.0,
        0.0020833333333333333,
        -0.7479166666666667,
        0.0,
        -0.7479166666666667,
        -0.7479166666666667,
        -0.7479166666666667,
        0.0,
        -0.7479166666666667,
        0.0020833333333333333,
        0.0,
        0.0
    ],
    "object_VehicleC.AbstractDynamicObject$bb_max_y_max": [
        0.82,
        0.8241666666666667,
        0.82,
        0.82,
        0.82,
        0.82,
        0.82,
        0.82,
        0.82,
        0.82,
        0.82,
        2.4035416666666665,
        5.500416666666666,
        0.0
    ],
    "object_VehicleC.AbstractDynamicObject$bb_max_y_min": [
        0.0020833333333333333,
        0.0020833333333333333,
        0.0020833333333333333,
        0.0020833333333333333,
        -2.997916666666667,
        -2.997916666666667,
        -2.997916666666667,
        0.0,
        0.82,
        0.82,
        -2.997916666666667,
        0.0020833333333333333,
        0.0020833333333333333,
        0.0
    ],
    "object_VehicleC.AbstractDynamicObject$bb_min_x_max": [
        -0.0020833333333333333,
        -0.0020833333333333333,
        -0.0020833333333333333,
        0.0,
        -0.75,
        -0.75,
        -0.75,
        -0.75,
        -0.75,
        -0.75,
        -0.75,
        0.0,
        -0.0020833333333333333,
        0.0
    ],
    "object_VehicleC.AbstractDynamicObject$bb_min_x_min": [
        -0.75,
        -0.75,
        -0.75,
        -0.75,
        -0.75,
        -0.75,
        -0.75,
        -0.75,
        -0.75,
        -0.75,
        -0.75,
        -0.75,
        -0.75,
        0.0
    ],
    "object_VehicleC.AbstractDynamicObject$bb_min_y_max": [
        0.0,
        0.0,
        0.0,
        0.0,
        -3.0,
        -3.0,
        -3.0,
        -3.0,
        -3.0,
        -3.0,
        -3.0,
        0.0,
        0.0,
        0.0
    ],
    "object_VehicleC.AbstractDynamicObject$bb_min_y_min": [
        -7.010416666666667,
        -6.958333333333333,
        -3.0,
        -3.0,
        -3.0,
        -3.0,
        -6.096875,
        -3.0,
        -3.0,
        -3.0,
        -3.0,
        -3.0,
        -3.0,
        0.0
    ],
    "object_VehicleC.AbstractDynamicObject$length_max": [
        0.0,
        0.0,
        0.0,
        0.0,
        0.0,
        0.0,
        0.0,
        0.0,
        0.0,
        0.0,
        0.0,
        0.0,
        0.0,
        0.0
    ],
    "object_VehicleC.AbstractDynamicObject$length_min": [
        1.65,
        1.65,
        1.65,
        1.65,
        1.65,
        1.65,
        1.65,
        1.65,
        1.65,
        1.65,
        1.65,
        1.65,
        1.65,
        0.0
    ],
    "object_VehicleC.AbstractDynamicObject$v2_max": [
        0.004166666666666667,
        0.1,
        0.004166666666666667,
        0.004166666666666667,
        0.1,
        2.097916666666667,
        4.095833333333333,
        6.09375,
        0.8691666666666666,
        0.1,
        2.097916666666667,
        4.095833333333333,
        0.004166666666666667,
        0.0
    ],
    "object_VehicleC.AbstractDynamicObject$v2_min": [
        0.004166666666666667,
        0.1,
        0.004166666666666667,
        0.004166666666666667,
        0.1,
        2.097916666666667,
        4.095833333333333,
        6.09375,
        0.8691666666666666,
        0.1,
        0.0,
        0.0,
        0.0,
        0.0
    ],
    "object_VehicleC.AbstractDynamicObject$v_max": [
        0.004166666666666667,
        0.09791666666666667,
        0.1,
        6.937916666666666,
        0.004166666666666667,
        0.1,
        2.097916666666667,
        4.095833333333333,
        6.09375,
        0.8691666666666666,
        6.937916666666666,
        2.097916666666667,
        6.937916666666666,
        0.0
    ],
    "object_VehicleC.AbstractDynamicObject$v_min": [
        0.004166666666666667,
        0.004166666666666667,
        0.1,
        0.004166666666666667,
        0.004166666666666667,
        0.1,
        2.097916666666667,
        4.095833333333333,
        6.09375,
        0.8691666666666666,
        0.1,
        2.097916666666667,
        4.095833333333333,
        0.0
    ],
    "object_VehicleC.AbstractDynamicObject$width_max": [
        0.0,
        0.0,
        0.0,
        0.0,
        0.0,
        0.0,
        0.0,
        0.0,
        0.0,
        0.0,
        0.0,
        0.0,
        0.0,
        0.0
    ],
    "object_VehicleC.AbstractDynamicObject$width_min": [
        1.5,
        1.5,
        1.5,
        1.5,
        1.5,
        1.5,
        1.5,
        1.5,
        1.5,
        1.5,
        1.5,
        1.5,
        1.5,
        0.0
    ],
    "object_VehicleC.AbstractDynamicObject$x": [
        -1.7979166666666666,
        -1.7979166666666666,
        -1.7979166666666666,
        -1.7979166666666666,
        -1.7979166666666666,
        -1.7979166666666666,
        -1.7979166666666666,
        -1.7979166666666666,
        -1.7979166666666666,
        -1.7979166666666666,
        -1.7979166666666666,
        -1.7979166666666666,
        -1.7979166666666666,
        -1.7979166666666666
    ],
    "object_VehicleC.AbstractDynamicObject$x2": [
        -1.7979166666666666,
        -1.7979166666666666,
        -1.7979166666666666,
        -1.7979166666666666,
        -1.7979166666666666,
        -1.7979166666666666,
        -1.7979166666666666,
        -1.7979166666666666,
        -1.7979166666666666,
        -1.7979166666666666,
        -1.7979166666666666,
        -1.7979166666666666,
        -1.7979166666666666,
        -1.7979166666666666
    ],
    "object_VehicleC.AbstractDynamicObject$y": [
        9.564583333333333,
        9.560416666666667,
        9.508333333333333,
        9.45625,
        9.452083333333333,
        9.4,
        8.301041666666666,
        5.204166666666667,
        0.109375,
        -3.3720833333333333,
        -3.8566666666666665,
        -4.955625,
        -8.0525,
        -10.1025
    ],
    "object_VehicleC.AbstractDynamicObject$y2": [
        9.5625,
        9.558333333333334,
        9.458333333333334,
        9.454166666666667,
        9.45,
        9.35,
        7.252083333333333,
        3.15625,
        -2.9375,
        -3.8066666666666666,
        -3.9066666666666667,
        -6.004583333333334,
        -10.100416666666666,
        -10.104583333333334
    ]
}