{
    "time": [
        0,
        1.0,
        2.0,
        3.0,
        4.0,
        5.0,
        6.0,
        7.0,
        8.0,
        9.0,
        10.0,
        11.0,
        12.0,
        13.0,
        14.0
    ],
    "object_EEELane.AbstractStaticDirectionalObject$direction": [
        0.0
    ],
    "object_EEELane.AbstractStaticHeadingObject$heading": [
        0.0
    ],
    "object_EEELane.AbstractStaticObject$length": [
        66.35416666666667
    ],
    "object_EEELane.AbstractStaticObject$width": [
        2.55
    ],
    "object_EEELane.AbstractStaticObject$x": [
        2.55
    ],
    "object_EEELane.AbstractStaticObject$y": [
        -1.275
    ],
    "object_ERoad.AbstractStaticHeadingObject$heading": [
        0.0
    ],
    "object_ERoad.AbstractStaticObject$length": [
        66.35416666666667
    ],
    "object_ERoad.AbstractStaticObject$width": [
        5.1
    ],
    "object_ERoad.AbstractStaticObject$x": [
        2.55
    ],
    "object_ERoad.AbstractStaticObject$y": [
        0.0
    ],
    "object_EWWLane.AbstractStaticDirectionalObject$direction": [
        3.1415926535
    ],
    "object_EWWLane.AbstractStaticHeadingObject$heading": [
        3.1415926535
    ],
    "object_EWWLane.AbstractStaticObject$length": [
        66.35416666666667
    ],
    "object_EWWLane.AbstractStaticObject$width": [
        2.55
    ],
    "object_EWWLane.AbstractStaticObject$x": [
        68.90416666666667
    ],
    "object_EWWLane.AbstractStaticObject$y": [
        1.275
    ],
    "object_Junction.AbstractStaticObject$length": [
        5.1
    ],
    "object_Junction.AbstractStaticObject$width": [
        5.1
    ],
    "object_Junction.AbstractStaticObject$x": [
        0.0
    ],
    "object_Junction.AbstractStaticObject$y": [
        0.0
    ],
    "object_NNNLane.AbstractStaticDirectionalObject$direction": [
        1.5707963267
    ],
    "object_NNNLane.AbstractStaticHeadingObject$heading": [
        1.5707963267
    ],
    "object_NNNLane.AbstractStaticObject$length": [
        8.190833333333334
    ],
    "object_NNNLane.AbstractStaticObject$width": [
        2.55
    ],
    "object_NNNLane.AbstractStaticObject$x": [
        1.275
    ],
    "object_NNNLane.AbstractStaticObject$y": [
        2.55
    ],
    "object_NRoad.AbstractStaticHeadingObject$heading": [
        1.5707963267
    ],
    "object_NRoad.AbstractStaticObject$length": [
        8.190833333333334
    ],
    "object_NRoad.AbstractStaticObject$width": [
        5.1
    ],
    "object_NRoad.AbstractStaticObject$x": [
        0.0
    ],
    "object_NRoad.AbstractStaticObject$y": [
        2.55
    ],
    "object_NSSLane.AbstractStaticDirectionalObject$direction": [
        4.7123889803
    ],
    "object_NSSLane.AbstractStaticHeadingObject$heading": [
        4.7123889803
    ],
    "object_NSSLane.AbstractStaticObject$length": [
        8.190833333333334
    ],
    "object_NSSLane.AbstractStaticObject$width": [
        2.55
    ],
    "object_NSSLane.AbstractStaticObject$x": [
        -1.275
    ],
    "object_NSSLane.AbstractStaticObject$y": [
        10.740833333333333
    ],
    "object_SNNLane.AbstractStaticDirectionalObject$direction": [
        1.5707963267
    ],
    "object_SNNLane.AbstractStaticHeadingObject$heading": [
        1.5707963267
    ],
    "object_SNNLane.AbstractStaticObject$length": [
        23.645833333333332
    ],
    "object_SNNLane.AbstractStaticObject$width": [
        2.55
    ],
    "object_SNNLane.AbstractStaticObject$x": [
        1.275
    ],
    "object_SNNLane.AbstractStaticObject$y": [
        -26.195833333333333
    ],
    "object_SRoad.AbstractStaticHeadingObject$heading": [
        4.7123889803
    ],
    "object_SRoad.AbstractStaticObject$length": [
        23.645833333333332
    ],
    "object_SRoad.AbstractStaticObject$width": [
        5.1
    ],
    "object_SRoad.AbstractStaticObject$x": [
        0.0
    ],
    "object_SRoad.AbstractStaticObject$y": [
        -2.55
    ],
    "object_SSSLane.AbstractStaticDirectionalObject$direction": [
        4.7123889803
    ],
    "object_SSSLane.AbstractStaticHeadingObject$heading": [
        4.7123889803
    ],
    "object_SSSLane.AbstractStaticObject$length": [
        23.645833333333332
    ],
    "object_SSSLane.AbstractStaticObject$width": [
        2.55
    ],
    "object_SSSLane.AbstractStaticObject$x": [
        -1.275
    ],
    "object_SSSLane.AbstractStaticObject$y": [
        -2.55
    ],
    "object_WEELane.AbstractStaticDirectionalObject$direction": [
        0.0
    ],
    "object_WEELane.AbstractStaticHeadingObject$heading": [
        0.0
    ],
    "object_WEELane.AbstractStaticObject$length": [
        94.25
    ],
    "object_WEELane.AbstractStaticObject$width": [
        2.55
    ],
    "object_WEELane.AbstractStaticObject$x": [
        -96.8
    ],
    "object_WEELane.AbstractStaticObject$y": [
        -1.275
    ],
    "object_WRoad.AbstractStaticHeadingObject$heading": [
        3.1415926535
    ],
    "object_WRoad.AbstractStaticObject$length": [
        94.25
    ],
    "object_WRoad.AbstractStaticObject$width": [
        5.1
    ],
    "object_WRoad.AbstractStaticObject$x": [
        -2.55
    ],
    "object_WRoad.AbstractStaticObject$y": [
        0.0
    ],
    "object_WWWLane.AbstractStaticDirectionalObject$direction": [
        3.1415926535
    ],
    "object_WWWLane.AbstractStaticHeadingObject$heading": [
        3.1415926535
    ],
    "object_WWWLane.AbstractStaticObject$length": [
        94.25
    ],
    "object_WWWLane.AbstractStaticObject$width": [
        2.55
    ],
    "object_WWWLane.AbstractStaticObject$x": [
        -2.55
    ],
    "object_WWWLane.AbstractStaticObject$y": [
        1.275
    ],
    "object_World.World$occlusion_distance": [
        0.004166666666666667
    ],
    "object_World.World$occlusion_epsilon": [
        0.0
    ],
    "object_VehicleA.AbstractDynamicObject$a_max": [
        0.0,
        0.0,
        0.0,
        0.0,
        0.0,
        0.0,
        0.0,
        0.0,
        0.0,
        0.0,
        0.0,
        0.0,
        0.0,
        0.0
    ],
    "object_VehicleA.AbstractDynamicObject$a_min": [
        0.0,
        0.0,
        0.0,
        0.0,
        0.0,
        0.0,
        0.0,
        0.0,
        0.0,
        0.0,
        0.0,
        0.0,
        0.0,
        0.0
    ],
    "object_VehicleA.AbstractDynamicObject$bb_max_x_max": [
        0.8,
        66.84583333333333,
        54.35,
        41.84583333333333,
        29.345833333333335,
        0.8,
        0.8,
        0.8,
        0.8,
        0.8,
        0.8,
        13.3,
        0.8,
        0.0
    ],
    "object_VehicleA.AbstractDynamicObject$bb_max_x_min": [
        0.0,
        0.0,
        0.0,
        0.0,
        0.8,
        0.8,
        0.8,
        0.8,
        0.8,
        0.8,
        0.8,
        0.0,
        0.0,
        0.0
    ],
    "object_VehicleA.AbstractDynamicObject$bb_max_y_max": [
        1.1,
        1.1,
        1.1083333333333334,
        1.1,
        1.1,
        1.1083333333333334,
        1.1083333333333334,
        1.1,
        1.1,
        1.1,
        1.1,
        1.1,
        1.1,
        0.0
    ],
    "object_VehicleA.AbstractDynamicObject$bb_max_y_min": [
        0.004166666666666667,
        0.0,
        0.0,
        0.0,
        1.1,
        -1.0958333333333334,
        1.1,
        1.1,
        -1.0958333333333334,
        -1.0958333333333334,
        1.1,
        0.004166666666666667,
        0.004166666666666667,
        0.0
    ],
    "object_VehicleA.AbstractDynamicObject$bb_min_x_max": [
        -0.004166666666666667,
        -0.004166666666666667,
        -0.004166666666666667,
        -0.004166666666666667,
        0.7958333333333333,
        0.7958333333333333,
        0.7958333333333333,
        0.7958333333333333,
        0.7958333333333333,
        -2.4,
        0.7958333333333333,
        -0.004166666666666667,
        -0.004166666666666667,
        0.0
    ],
    "object_VehicleA.AbstractDynamicObject$bb_min_x_min": [
        -2.4,
        -14.9,
        -39.90833333333333,
        -2.4,
        -2.4,
        -2.4,
        -77.4,
        -2.4,
        -15.558333333333334,
        -15.55,
        -2.4,
        -2.4,
        -53.05,
        0.0
    ],
    "object_VehicleA.AbstractDynamicObject$bb_min_y_max": [
        0.0,
        -0.004166666666666667,
        -0.004166666666666667,
        -0.004166666666666667,
        1.0958333333333334,
        -1.1,
        1.0958333333333334,
        1.0958333333333334,
        -1.1,
        -1.1,
        1.0958333333333334,
        0.0,
        0.0,
        0.0
    ],
    "object_VehicleA.AbstractDynamicObject$bb_min_y_min": [
        -1.1,
        -1.4416666666666667,
        -1.45,
        -1.4416666666666667,
        -1.4416666666666667,
        -1.4416666666666667,
        -1.4416666666666667,
        -1.4416666666666667,
        -1.4416666666666667,
        -1.4416666666666667,
        -1.4416666666666667,
        -1.1,
        -1.1,
        0.0
    ],
    "object_VehicleA.AbstractDynamicObject$length_max": [
        0.0,
        0.0,
        0.0,
        0.0,
        0.0,
        0.0,
        0.0,
        0.0,
        0.0,
        0.0,
        0.0,
        0.0,
        0.0,
        0.0
    ],
    "object_VehicleA.AbstractDynamicObject$length_min": [
        4.8,
        4.8,
        4.8,
        4.8,
        4.8,
        4.8,
        4.8,
        4.8,
        4.8,
        4.8,
        4.8,
        4.8,
        4.8,
        0.0
    ],
    "object_VehicleA.AbstractDynamicObject$v2_max": [
        12.5,
        12.5,
        12.5,
        12.5,
        12.5,
        12.5,
        12.5,
        12.5,
        12.5,
        12.5,
        12.5,
        12.5,
        12.5,
        0.0
    ],
    "object_VehicleA.AbstractDynamicObject$v2_min": [
        12.5,
        12.5,
        12.5,
        12.5,
        12.5,
        12.5,
        12.5,
        12.5,
        12.5,
        12.5,
        12.5,
        12.5,
        12.5,
        0.0
    ],
    "object_VehicleA.AbstractDynamicObject$v_max": [
        12.5,
        12.5,
        12.5,
        12.5,
        12.5,
        12.5,
        12.5,
        12.5,
        12.5,
        12.5,
        12.5,
        12.5,
        12.5,
        0.0
    ],
    "object_VehicleA.AbstractDynamicObject$v_min": [
        12.5,
        12.5,
        12.5,
        12.5,
        12.5,
        12.5,
        12.5,
        12.5,
        12.5,
        12.5,
        12.5,
        12.5,
        12.5,
        0.0
    ],
    "object_VehicleA.AbstractDynamicObject$width_max": [
        0.0,
        0.0,
        0.0,
        0.0,
        0.0,
        0.0,
        0.0,
        0.0,
        0.0,
        0.0,
        0.0,
        0.0,
        0.0,
        0.0
    ],
    "object_VehicleA.AbstractDynamicObject$width_min": [
        2.2,
        2.2,
        2.2,
        2.2,
        2.2,
        2.2,
        2.2,
        2.2,
        2.2,
        2.2,
        2.2,
        2.2,
        2.2,
        0.0
    ],
    "object_VehicleA.AbstractDynamicObject$x": [
        -94.39583333333333,
        -81.89583333333333,
        -69.39583333333333,
        -56.895833333333336,
        -44.395833333333336,
        -31.895833333333332,
        -19.395833333333332,
        -6.895833333333333,
        5.604166666666667,
        18.104166666666668,
        30.604166666666668,
        43.104166666666664,
        55.604166666666664,
        68.10416666666667
    ],
    "object_VehicleA.AbstractDynamicObject$x2": [
        -88.14583333333333,
        -75.64583333333333,
        -63.145833333333336,
        -50.645833333333336,
        -38.145833333333336,
        -25.645833333333332,
        -13.145833333333334,
        -0.6458333333333334,
        11.854166666666666,
        24.354166666666668,
        36.854166666666664,
        49.354166666666664,
        61.854166666666664,
        74.35416666666667
    ],
    "object_VehicleA.AbstractDynamicObject$y": [
        -1.1041666666666667,
        -1.1041666666666667,
        -1.1041666666666667,
        -1.1041666666666667,
        -1.1041666666666667,
        -1.1041666666666667,
        -1.1041666666666667,
        -1.1041666666666667,
        -1.1041666666666667,
        -1.1041666666666667,
        -1.1041666666666667,
        -1.1041666666666667,
        -1.1041666666666667,
        -1.1041666666666667
    ],
    "object_VehicleA.AbstractDynamicObject$y2": [
        -1.1041666666666667,
        -1.1041666666666667,
        -1.1041666666666667,
        -1.1041666666666667,
        -1.1041666666666667,
        -1.1041666666666667,
        -1.1041666666666667,
        -1.1041666666666667,
        -1.1041666666666667,
        -1.1041666666666667,
        -1.1041666666666667,
        -1.1041666666666667,
        -1.1041666666666667,
        -1.1041666666666667
    ],
    "object_VehicleB.AbstractDynamicObject$a_max": [
        0.0,
        0.0,
        0.0,
        0.0875,
        -0.0875,
        8.279166666666667,
        -8.279166666666667,
        0.0,
        0.0,
        0.0,
        13.880555555555556,
        -13.880555555555556,
        0.0,
        0.0
    ],
    "object_VehicleB.AbstractDynamicObject$a_min": [
        0.0,
        0.0,
        0.0,
        0.0875,
        -0.0875,
        8.279166666666667,
        -8.279166666666667,
        0.0,
        0.0,
        0.0,
        13.880555555555556,
        -13.880555555555556,
        0.0,
        0.0
    ],
    "object_VehicleB.AbstractDynamicObject$bb_max_x_max": [
        2.4,
        65.42916666666666,
        65.45416666666667,
        65.44583333333334,
        2.4,
        2.4,
        2.4,
        2.4,
        2.4,
        2.4,
        2.4,
        2.4,
        16.31388888888889,
        0.0
    ],
    "object_VehicleB.AbstractDynamicObject$bb_max_x_min": [
        0.0,
        0.004166666666666667,
        0.004166666666666667,
        0.004166666666666667,
        2.4,
        2.4,
        2.4,
        2.4,
        2.4,
        2.4,
        2.4,
        0.004166666666666667,
        0.0,
        0.0
    ],
    "object_VehicleB.AbstractDynamicObject$bb_max_y_max": [
        1.1,
        1.1,
        1.1083333333333334,
        1.1,
        1.1,
        1.1,
        1.1,
        1.1,
        1.1,
        1.1,
        1.1,
        1.1,
        1.1,
        0.0
    ],
    "object_VehicleB.AbstractDynamicObject$bb_max_y_min": [
        0.004166666666666667,
        0.0,
        0.0,
        0.004166666666666667,
        1.1,
        1.1,
        1.1,
        1.1,
        1.1,
        1.1,
        1.1,
        0.004166666666666667,
        0.0,
        0.0
    ],
    "object_VehicleB.AbstractDynamicObject$bb_min_x_max": [
        -0.004166666666666667,
        0.0,
        0.0,
        0.0,
        -0.8,
        -0.8,
        -0.8,
        -0.8,
        -0.8,
        -0.8,
        -0.8,
        0.0,
        -0.004166666666666667,
        0.0
    ],
    "object_VehicleB.AbstractDynamicObject$bb_min_x_min": [
        -0.9208333333333333,
        -0.9125,
        -0.9083333333333333,
        -0.8520833333333333,
        -0.8,
        -0.8,
        -0.8,
        -0.8,
        -91.84166666666667,
        -0.8,
        -0.8,
        -77.93194444444444,
        -77.92361111111111,
        0.0
    ],
    "object_VehicleB.AbstractDynamicObject$bb_min_y_max": [
        0.0,
        -0.004166666666666667,
        0.0,
        0.0,
        1.0958333333333334,
        30.004166666666666,
        -1.1,
        -1.1,
        1.0958333333333334,
        -1.1,
        -1.1,
        0.0,
        -0.004166666666666667,
        0.0
    ],
    "object_VehicleB.AbstractDynamicObject$bb_min_y_min": [
        -1.4416666666666667,
        -1.4416666666666667,
        -1.1,
        -1.4416666666666667,
        -1.4416666666666667,
        -1.1,
        -1.1,
        -1.1,
        -1.45,
        -1.1,
        -1.4458333333333333,
        -1.4416666666666667,
        -1.4416666666666667,
        0.0
    ],
    "object_VehicleB.AbstractDynamicObject$length_max": [
        0.0,
        0.0,
        0.0,
        0.0,
        0.0,
        0.0,
        0.0,
        0.0,
        0.0,
        0.0,
        0.0,
        0.0,
        0.0,
        0.0
    ],
    "object_VehicleB.AbstractDynamicObject$length_min": [
        4.8,
        4.8,
        4.8,
        4.8,
        4.8,
        4.8,
        4.8,
        4.8,
        4.8,
        4.8,
        4.8,
        4.8,
        4.8,
        0.0
    ],
    "object_VehicleB.AbstractDynamicObject$v2_max": [
        0.1,
        0.1,
        13.88888888888889,
        0.1,
        0.008333333333333333,
        8.2875,
        0.008333333333333333,
        0.008333333333333333,
        0.008333333333333333,
        0.008333333333333333,
        13.88888888888889,
        0.008333333333333333,
        0.008333333333333333,
        0.0
    ],
    "object_VehicleB.AbstractDynamicObject$v2_min": [
        0.008333333333333333,
        0.008333333333333333,
        0.008333333333333333,
        0.0,
        0.0,
        0.0,
        0.0,
        0.0,
        0.0,
        0.0,
        0.0,
        0.0,
        0.0,
        0.0
    ],
    "object_VehicleB.AbstractDynamicObject$v_max": [
        0.008333333333333333,
        0.008333333333333333,
        0.008333333333333333,
        0.09583333333333334,
        0.09583333333333334,
        13.88888888888889,
        8.2875,
        0.008333333333333333,
        0.008333333333333333,
        0.09583333333333334,
        0.008333333333333333,
        13.88888888888889,
        0.008333333333333333,
        0.0
    ],
    "object_VehicleB.AbstractDynamicObject$v_min": [
        0.008333333333333333,
        0.008333333333333333,
        0.008333333333333333,
        0.008333333333333333,
        0.09583333333333334,
        0.008333333333333333,
        8.2875,
        0.008333333333333333,
        0.008333333333333333,
        0.008333333333333333,
        0.008333333333333333,
        13.88888888888889,
        0.008333333333333333,
        0.0
    ],
    "object_VehicleB.AbstractDynamicObject$width_max": [
        0.0,
        0.0,
        0.0,
        0.0,
        0.0,
        0.0,
        0.0,
        0.0,
        0.0,
        0.0,
        0.0,
        0.0,
        0.0,
        0.0
    ],
    "object_VehicleB.AbstractDynamicObject$width_min": [
        2.2,
        2.2,
        2.2,
        2.2,
        2.2,
        2.2,
        2.2,
        2.2,
        2.2,
        2.2,
        2.2,
        2.2,
        2.2,
        0.0
    ],
    "object_VehicleB.AbstractDynamicObject$x": [
        3.4791666666666665,
        3.470833333333333,
        3.4625,
        3.4541666666666666,
        3.402083333333333,
        3.35,
        -0.7979166666666667,
        -4.945833333333334,
        -4.954166666666667,
        -4.9625,
        -4.970833333333333,
        -11.919444444444444,
        -18.868055555555557,
        -18.87638888888889
    ],
    "object_VehicleB.AbstractDynamicObject$x2": [
        3.475,
        3.466666666666667,
        3.4583333333333335,
        3.45,
        3.3541666666666665,
        3.345833333333333,
        -4.941666666666666,
        -4.95,
        -4.958333333333333,
        -4.966666666666667,
        -4.975,
        -18.863888888888887,
        -18.872222222222224,
        -18.880555555555556
    ],
    "object_VehicleB.AbstractDynamicObject$y": [
        1.4458333333333333,
        1.4458333333333333,
        1.4458333333333333,
        1.4458333333333333,
        1.4458333333333333,
        1.4458333333333333,
        1.4458333333333333,
        1.4458333333333333,
        1.4458333333333333,
        1.4458333333333333,
        1.4458333333333333,
        1.4458333333333333,
        1.4458333333333333,
        1.4458333333333333
    ],
    "object_VehicleB.AbstractDynamicObject$y2": [
        1.4458333333333333,
        1.4458333333333333,
        1.4458333333333333,
        1.4458333333333333,
        1.4458333333333333,
        1.4458333333333333,
        1.4458333333333333,
        1.4458333333333333,
        1.4458333333333333,
        1.4458333333333333,
        1.4458333333333333,
        1.4458333333333333,
        1.4458333333333333,
        1.4458333333333333
    ],
    "object_VehicleC.AbstractDynamicObject$a_max": [
        0.0,
        0.0,
        1.9958333333333333,
        1.9958333333333333,
        1.9958333333333333,
        1.9958333333333333,
        1.9958333333333333,
        1.9958333333333333,
        1.9958333333333333,
        1.9958333333333333,
        1.9958333333333333,
        1.9958333333333333,
        1.9958333333333333,
        0.0
    ],
    "object_VehicleC.AbstractDynamicObject$a_min": [
        0.0,
        0.0,
        0.0,
        0.0875,
        0.004166666666666667,
        1.9958333333333333,
        1.9958333333333333,
        0.8483333333333334,
        1.9958333333333333,
        -3.9916666666666667,
        1.9958333333333333,
        1.9958333333333333,
        -6.9275,
        0.0
    ],
    "object_VehicleC.AbstractDynamicObject$bb_max_x_max": [
        1.7875,
        1.7875,
        0.75,
        1.7875,
        1.7875,
        1.7875,
        1.7875,
        1.7875,
        1.7875,
        1.7875,
        1.7875,
        1.7875,
        1.7875,
        0.0
    ],
    "object_VehicleC.AbstractDynamicObject$bb_max_x_min": [
        0.0,
        0.0,
        0.0,
        0.004166666666666667,
        -0.7458333333333333,
        0.75,
        -0.7458333333333333,
        -0.7458333333333333,
        -0.7458333333333333,
        0.0,
        -0.7458333333333333,
        0.004166666666666667,
        0.0,
        0.0
    ],
    "object_VehicleC.AbstractDynamicObject$bb_max_y_max": [
        0.82,
        0.8283333333333334,
        0.8533333333333334,
        0.845,
        0.82,
        0.82,
        0.82,
        0.82,
        2.3579166666666667,
        2.3495833333333334,
        7.289583333333334,
        11.231666666666667,
        17.169583333333332,
        0.0
    ],
    "object_VehicleC.AbstractDynamicObject$bb_max_y_min": [
        0.004166666666666667,
        0.004166666666666667,
        0.004166666666666667,
        0.004166666666666667,
        -2.995833333333333,
        -2.995833333333333,
        -2.995833333333333,
        0.0,
        0.82,
        0.82,
        -2.995833333333333,
        0.004166666666666667,
        0.004166666666666667,
        0.0
    ],
    "object_VehicleC.AbstractDynamicObject$bb_min_x_max": [
        -0.004166666666666667,
        -0.004166666666666667,
        -0.004166666666666667,
        0.0,
        -0.75,
        -0.75,
        -0.75,
        -0.75,
        -0.75,
        -0.75,
        -0.75,
        0.0,
        -0.004166666666666667,
        0.0
    ],
    "object_VehicleC.AbstractDynamicObject$bb_min_x_min": [
        -0.75,
        -0.7541666666666667,
        -0.7625,
        -0.7541666666666667,
        -0.75,
        -0.75,
        -0.75,
        -0.75,
        -0.75,
        -0.75,
        -0.75,
        -0.7541666666666667,
        -0.7541666666666667,
        0.0
    ],
    "object_VehicleC.AbstractDynamicObject$bb_min_y_max": [
        0.0,
        0.0,
        0.0,
        0.0,
        -3.0,
        -3.0,
        -3.0,
        -3.0,
        -3.0,
        -3.0,
        -3.0,
        0.0,
        0.0,
        0.0
    ],
    "object_VehicleC.AbstractDynamicObject$bb_min_y_min": [
        -7.358333333333333,
        -7.35,
        -7.345833333333333,
        -7.289583333333334,
        -7.191666666666666,
        -3.0,
        -31.75,
        -3.0,
        -3.0,
        -3.0,
        -3.0,
        -3.0,
        -3.0,
        0.0
    ],
    "object_VehicleC.AbstractDynamicObject$length_max": [
        0.0,
        0.0,
        0.0,
        0.0,
        0.0,
        0.0,
        0.0,
        0.0,
        0.0,
        0.0,
        0.0,
        0.0,
        0.0,
        0.0
    ],
    "object_VehicleC.AbstractDynamicObject$length_min": [
        1.65,
        1.65,
        1.65,
        1.65,
        1.65,
        1.65,
        1.65,
        1.65,
        1.65,
        1.65,
        1.65,
        1.65,
        1.65,
        0.0
    ],
    "object_VehicleC.AbstractDynamicObject$v2_max": [
        0.008333333333333333,
        0.008333333333333333,
        0.10416666666666667,
        0.1,
        0.1,
        2.095833333333333,
        4.091666666666667,
        4.94,
        6.935833333333333,
        2.944166666666667,
        4.94,
        6.935833333333333,
        0.008333333333333333,
        0.0
    ],
    "object_VehicleC.AbstractDynamicObject$v2_min": [
        0.008333333333333333,
        0.008333333333333333,
        0.008333333333333333,
        0.09583333333333334,
        0.1,
        2.095833333333333,
        4.091666666666667,
        4.94,
        6.935833333333333,
        2.944166666666667,
        0.0,
        0.0,
        0.0,
        0.0
    ],
    "object_VehicleC.AbstractDynamicObject$v_max": [
        0.008333333333333333,
        0.09583333333333334,
        0.008333333333333333,
        0.09583333333333334,
        0.09583333333333334,
        0.1,
        2.095833333333333,
        4.091666666666667,
        6.935833333333333,
        6.935833333333333,
        6.935833333333333,
        6.935833333333333,
        6.935833333333333,
        0.0
    ],
    "object_VehicleC.AbstractDynamicObject$v_min": [
        0.008333333333333333,
        0.008333333333333333,
        0.008333333333333333,
        0.008333333333333333,
        0.09583333333333334,
        0.1,
        2.095833333333333,
        4.091666666666667,
        4.94,
        6.935833333333333,
        2.944166666666667,
        4.94,
        6.935833333333333,
        0.0
    ],
    "object_VehicleC.AbstractDynamicObject$width_max": [
        0.0,
        0.0,
        0.0,
        0.0,
        0.0,
        0.0,
        0.0,
        0.0,
        0.0,
        0.0,
        0.0,
        0.0,
        0.0,
        0.0
    ],
    "object_VehicleC.AbstractDynamicObject$width_min": [
        1.5,
        1.5,
        1.5,
        1.5,
        1.5,
        1.5,
        1.5,
        1.5,
        1.5,
        1.5,
        1.5,
        1.5,
        1.5,
        0.0
    ],
    "object_VehicleC.AbstractDynamicObject$x": [
        -1.7916666666666667,
        -1.7916666666666667,
        -1.7916666666666667,
        -1.7916666666666667,
        -1.7916666666666667,
        -1.7916666666666667,
        -1.7916666666666667,
        -1.7916666666666667,
        -1.7916666666666667,
        -1.7916666666666667,
        -1.7916666666666667,
        -1.7916666666666667,
        -1.7916666666666667,
        -1.7916666666666667
    ],
    "object_VehicleC.AbstractDynamicObject$x2": [
        -1.7916666666666667,
        -1.7916666666666667,
        -1.7916666666666667,
        -1.7916666666666667,
        -1.7916666666666667,
        -1.7916666666666667,
        -1.7916666666666667,
        -1.7916666666666667,
        -1.7916666666666667,
        -1.7916666666666667,
        -1.7916666666666667,
        -1.7916666666666667,
        -1.7916666666666667,
        -1.7916666666666667
    ],
    "object_VehicleC.AbstractDynamicObject$y": [
        9.916666666666666,
        9.908333333333333,
        9.9,
        9.891666666666667,
        9.839583333333334,
        9.741666666666667,
        8.64375,
        5.55,
        1.0341666666666667,
        -4.90375,
        -9.84375,
        -13.785833333333333,
        -19.72375,
        -23.195833333333333
    ],
    "object_VehicleC.AbstractDynamicObject$y2": [
        9.9125,
        9.904166666666667,
        9.895833333333334,
        9.8875,
        9.791666666666666,
        9.691666666666666,
        7.595833333333333,
        3.504166666666667,
        -1.4358333333333333,
        -8.371666666666666,
        -11.315833333333334,
        -16.25583333333333,
        -23.191666666666666,
        -23.2
    ]
}