{
    "time": [
        0,
        1.0,
        2.0,
        3.0,
        4.0,
        5.0,
        6.0,
        7.0,
        8.0,
        9.0,
        10.0,
        11.0,
        12.0,
        13.0,
        14.0
    ],
    "object_EEELane.AbstractStaticDirectionalObject$direction": [
        0.0
    ],
    "object_EEELane.AbstractStaticHeadingObject$heading": [
        0.0
    ],
    "object_EEELane.AbstractStaticObject$length": [
        67.72272727272727
    ],
    "object_EEELane.AbstractStaticObject$width": [
        2.55
    ],
    "object_EEELane.AbstractStaticObject$x": [
        2.55
    ],
    "object_EEELane.AbstractStaticObject$y": [
        -1.275
    ],
    "object_ERoad.AbstractStaticHeadingObject$heading": [
        0.0
    ],
    "object_ERoad.AbstractStaticObject$length": [
        67.72272727272727
    ],
    "object_ERoad.AbstractStaticObject$width": [
        5.1
    ],
    "object_ERoad.AbstractStaticObject$x": [
        2.55
    ],
    "object_ERoad.AbstractStaticObject$y": [
        0.0
    ],
    "object_EWWLane.AbstractStaticDirectionalObject$direction": [
        3.1415926535
    ],
    "object_EWWLane.AbstractStaticHeadingObject$heading": [
        3.1415926535
    ],
    "object_EWWLane.AbstractStaticObject$length": [
        67.72272727272727
    ],
    "object_EWWLane.AbstractStaticObject$width": [
        2.55
    ],
    "object_EWWLane.AbstractStaticObject$x": [
        70.27272727272727
    ],
    "object_EWWLane.AbstractStaticObject$y": [
        1.275
    ],
    "object_Junction.AbstractStaticObject$length": [
        5.1
    ],
    "object_Junction.AbstractStaticObject$width": [
        5.1
    ],
    "object_Junction.AbstractStaticObject$x": [
        0.0
    ],
    "object_Junction.AbstractStaticObject$y": [
        0.0
    ],
    "object_NNNLane.AbstractStaticDirectionalObject$direction": [
        1.5707963267
    ],
    "object_NNNLane.AbstractStaticHeadingObject$heading": [
        1.5707963267
    ],
    "object_NNNLane.AbstractStaticObject$length": [
        3.976818181818182
    ],
    "object_NNNLane.AbstractStaticObject$width": [
        2.55
    ],
    "object_NNNLane.AbstractStaticObject$x": [
        1.275
    ],
    "object_NNNLane.AbstractStaticObject$y": [
        2.55
    ],
    "object_NRoad.AbstractStaticHeadingObject$heading": [
        1.5707963267
    ],
    "object_NRoad.AbstractStaticObject$length": [
        3.976818181818182
    ],
    "object_NRoad.AbstractStaticObject$width": [
        5.1
    ],
    "object_NRoad.AbstractStaticObject$x": [
        0.0
    ],
    "object_NRoad.AbstractStaticObject$y": [
        2.55
    ],
    "object_NSSLane.AbstractStaticDirectionalObject$direction": [
        4.7123889803
    ],
    "object_NSSLane.AbstractStaticHeadingObject$heading": [
        4.7123889803
    ],
    "object_NSSLane.AbstractStaticObject$length": [
        3.976818181818182
    ],
    "object_NSSLane.AbstractStaticObject$width": [
        2.55
    ],
    "object_NSSLane.AbstractStaticObject$x": [
        -1.275
    ],
    "object_NSSLane.AbstractStaticObject$y": [
        6.526818181818181
    ],
    "object_SNNLane.AbstractStaticDirectionalObject$direction": [
        1.5707963267
    ],
    "object_SNNLane.AbstractStaticHeadingObject$heading": [
        1.5707963267
    ],
    "object_SNNLane.AbstractStaticObject$length": [
        14.542272727272728
    ],
    "object_SNNLane.AbstractStaticObject$width": [
        2.55
    ],
    "object_SNNLane.AbstractStaticObject$x": [
        1.275
    ],
    "object_SNNLane.AbstractStaticObject$y": [
        -17.09227272727273
    ],
    "object_SRoad.AbstractStaticHeadingObject$heading": [
        4.7123889803
    ],
    "object_SRoad.AbstractStaticObject$length": [
        14.542272727272728
    ],
    "object_SRoad.AbstractStaticObject$width": [
        5.1
    ],
    "object_SRoad.AbstractStaticObject$x": [
        0.0
    ],
    "object_SRoad.AbstractStaticObject$y": [
        -2.55
    ],
    "object_SSSLane.AbstractStaticDirectionalObject$direction": [
        4.7123889803
    ],
    "object_SSSLane.AbstractStaticHeadingObject$heading": [
        4.7123889803
    ],
    "object_SSSLane.AbstractStaticObject$length": [
        14.542272727272728
    ],
    "object_SSSLane.AbstractStaticObject$width": [
        2.55
    ],
    "object_SSSLane.AbstractStaticObject$x": [
        -1.275
    ],
    "object_SSSLane.AbstractStaticObject$y": [
        -2.55
    ],
    "object_WEELane.AbstractStaticDirectionalObject$direction": [
        0.0
    ],
    "object_WEELane.AbstractStaticHeadingObject$heading": [
        0.0
    ],
    "object_WEELane.AbstractStaticObject$length": [
        92.88409090909092
    ],
    "object_WEELane.AbstractStaticObject$width": [
        2.55
    ],
    "object_WEELane.AbstractStaticObject$x": [
        -95.43409090909091
    ],
    "object_WEELane.AbstractStaticObject$y": [
        -1.275
    ],
    "object_WRoad.AbstractStaticHeadingObject$heading": [
        3.1415926535
    ],
    "object_WRoad.AbstractStaticObject$length": [
        92.88409090909092
    ],
    "object_WRoad.AbstractStaticObject$width": [
        5.1
    ],
    "object_WRoad.AbstractStaticObject$x": [
        -2.55
    ],
    "object_WRoad.AbstractStaticObject$y": [
        0.0
    ],
    "object_WWWLane.AbstractStaticDirectionalObject$direction": [
        3.1415926535
    ],
    "object_WWWLane.AbstractStaticHeadingObject$heading": [
        3.1415926535
    ],
    "object_WWWLane.AbstractStaticObject$length": [
        92.88409090909092
    ],
    "object_WWWLane.AbstractStaticObject$width": [
        2.55
    ],
    "object_WWWLane.AbstractStaticObject$x": [
        -2.55
    ],
    "object_WWWLane.AbstractStaticObject$y": [
        1.275
    ],
    "object_World.World$occlusion_distance": [
        0.006818181818181818
    ],
    "object_World.World$occlusion_epsilon": [
        0.0
    ],
    "object_VehicleA.AbstractDynamicObject$a_max": [
        0.0,
        0.0,
        0.0,
        0.0,
        0.0,
        0.0,
        0.0,
        0.0,
        0.0,
        0.0,
        0.0,
        0.0,
        0.0,
        0.0
    ],
    "object_VehicleA.AbstractDynamicObject$a_min": [
        0.0,
        0.0,
        0.0,
        0.0,
        0.0,
        0.0,
        0.0,
        0.0,
        0.0,
        0.0,
        0.0,
        0.0,
        0.0,
        0.0
    ],
    "object_VehicleA.AbstractDynamicObject$bb_max_x_max": [
        0.8,
        0.8,
        0.8,
        0.8,
        27.98409090909091,
        0.8,
        0.8,
        0.8,
        0.8,
        0.8,
        0.8,
        0.8,
        0.8,
        0.0
    ],
    "object_VehicleA.AbstractDynamicObject$bb_max_x_min": [
        0.0,
        0.0,
        0.0,
        0.0,
        0.8,
        0.8,
        0.8,
        0.8,
        0.8,
        0.8,
        0.8,
        0.0,
        0.0,
        0.0
    ],
    "object_VehicleA.AbstractDynamicObject$bb_max_y_max": [
        1.1,
        1.1,
        1.1,
        1.1,
        1.1,
        1.1136363636363635,
        1.1,
        1.1,
        1.1,
        1.1,
        1.1,
        1.1,
        1.1,
        0.0
    ],
    "object_VehicleA.AbstractDynamicObject$bb_max_y_min": [
        0.006818181818181818,
        0.0,
        0.0,
        0.0,
        1.1,
        1.1,
        1.1,
        1.1,
        1.1,
        1.1,
        1.1,
        0.006818181818181818,
        0.006818181818181818,
        0.0
    ],
    "object_VehicleA.AbstractDynamicObject$bb_min_x_max": [
        -0.006818181818181818,
        -0.006818181818181818,
        -0.006818181818181818,
        -0.006818181818181818,
        0.7931818181818182,
        0.7931818181818182,
        0.7931818181818182,
        0.7931818181818182,
        0.7931818181818182,
        -2.4,
        0.7931818181818182,
        -0.006818181818181818,
        -0.006818181818181818,
        0.0
    ],
    "object_VehicleA.AbstractDynamicObject$bb_min_x_min": [
        -2.4,
        -14.9,
        -2.4,
        -2.4,
        -2.4,
        -2.4,
        -2.4,
        -2.4,
        -16.929545454545455,
        -2.4,
        -29.422727272727272,
        -2.4,
        -54.41590909090909,
        0.0
    ],
    "object_VehicleA.AbstractDynamicObject$bb_min_y_max": [
        0.0,
        -0.006818181818181818,
        -0.006818181818181818,
        -0.006818181818181818,
        1.0931818181818183,
        1.0931818181818183,
        1.0931818181818183,
        1.0931818181818183,
        1.0931818181818183,
        1.0931818181818183,
        1.0931818181818183,
        0.0,
        0.0,
        0.0
    ],
    "object_VehicleA.AbstractDynamicObject$bb_min_y_min": [
        -1.1,
        -1.4363636363636363,
        -1.1,
        -1.1,
        -1.1,
        -1.4363636363636363,
        -1.4363636363636363,
        -1.4363636363636363,
        -1.4363636363636363,
        -1.4363636363636363,
        -1.1,
        -1.1,
        -1.1,
        0.0
    ],
    "object_VehicleA.AbstractDynamicObject$length_max": [
        0.0,
        0.0,
        0.0,
        0.0,
        0.0,
        0.0,
        0.0,
        0.0,
        0.0,
        0.0,
        0.0,
        0.0,
        0.0,
        0.0
    ],
    "object_VehicleA.AbstractDynamicObject$length_min": [
        4.8,
        4.8,
        4.8,
        4.8,
        4.8,
        4.8,
        4.8,
        4.8,
        4.8,
        4.8,
        4.8,
        4.8,
        4.8,
        0.0
    ],
    "object_VehicleA.AbstractDynamicObject$v2_max": [
        12.5,
        12.5,
        12.5,
        12.5,
        12.5,
        12.5,
        12.5,
        12.5,
        12.5,
        12.5,
        12.5,
        12.5,
        12.5,
        0.0
    ],
    "object_VehicleA.AbstractDynamicObject$v2_min": [
        12.5,
        12.5,
        12.5,
        12.5,
        12.5,
        12.5,
        12.5,
        12.5,
        12.5,
        12.5,
        12.5,
        12.5,
        12.5,
        0.0
    ],
    "object_VehicleA.AbstractDynamicObject$v_max": [
        12.5,
        12.5,
        12.5,
        12.5,
        12.5,
        12.5,
        12.5,
        12.5,
        12.5,
        12.5,
        12.5,
        12.5,
        12.5,
        0.0
    ],
    "object_VehicleA.AbstractDynamicObject$v_min": [
        12.5,
        12.5,
        12.5,
        12.5,
        12.5,
        12.5,
        12.5,
        12.5,
        12.5,
        12.5,
        12.5,
        12.5,
        12.5,
        0.0
    ],
    "object_VehicleA.AbstractDynamicObject$width_max": [
        0.0,
        0.0,
        0.0,
        0.0,
        0.0,
        0.0,
        0.0,
        0.0,
        0.0,
        0.0,
        0.0,
        0.0,
        0.0,
        0.0
    ],
    "object_VehicleA.AbstractDynamicObject$width_min": [
        2.2,
        2.2,
        2.2,
        2.2,
        2.2,
        2.2,
        2.2,
        2.2,
        2.2,
        2.2,
        2.2,
        2.2,
        2.2,
        0.0
    ],
    "object_VehicleA.AbstractDynamicObject$x": [
        -93.02727272727273,
        -80.52727272727273,
        -68.02727272727273,
        -55.527272727272724,
        -43.027272727272724,
        -30.527272727272727,
        -18.027272727272727,
        -5.527272727272727,
        6.972727272727273,
        19.472727272727273,
        31.972727272727273,
        44.472727272727276,
        56.972727272727276,
        69.47272727272727
    ],
    "object_VehicleA.AbstractDynamicObject$x2": [
        -86.77727272727273,
        -74.27727272727273,
        -61.777272727272724,
        -49.277272727272724,
        -36.777272727272724,
        -24.277272727272727,
        -11.777272727272727,
        0.7227272727272728,
        13.222727272727273,
        25.722727272727273,
        38.222727272727276,
        50.722727272727276,
        63.222727272727276,
        75.72272727272727
    ],
    "object_VehicleA.AbstractDynamicObject$y": [
        -1.106818181818182,
        -1.106818181818182,
        -1.106818181818182,
        -1.106818181818182,
        -1.106818181818182,
        -1.106818181818182,
        -1.106818181818182,
        -1.106818181818182,
        -1.106818181818182,
        -1.106818181818182,
        -1.106818181818182,
        -1.106818181818182,
        -1.106818181818182,
        -1.106818181818182
    ],
    "object_VehicleA.AbstractDynamicObject$y2": [
        -1.106818181818182,
        -1.106818181818182,
        -1.106818181818182,
        -1.106818181818182,
        -1.106818181818182,
        -1.106818181818182,
        -1.106818181818182,
        -1.106818181818182,
        -1.106818181818182,
        -1.106818181818182,
        -1.106818181818182,
        -1.106818181818182,
        -1.106818181818182,
        -1.106818181818182
    ],
    "object_VehicleB.AbstractDynamicObject$a_max": [
        0.0,
        0.08636363636363636,
        7.0659090909090905,
        -7.152272727272727,
        0.0,
        0.0,
        0.0,
        0.0,
        0.0,
        0.0,
        13.875252525252526,
        0.0,
        -13.875252525252526,
        0.0
    ],
    "object_VehicleB.AbstractDynamicObject$a_min": [
        0.0,
        0.08636363636363636,
        7.0659090909090905,
        -7.152272727272727,
        0.0,
        0.0,
        0.0,
        0.0,
        0.0,
        0.0,
        13.875252525252526,
        0.0,
        -13.875252525252526,
        0.0
    ],
    "object_VehicleB.AbstractDynamicObject$bb_max_x_max": [
        2.4,
        2.4,
        2.4,
        2.4,
        2.4,
        2.4,
        2.4,
        2.4,
        2.4,
        2.4,
        2.4,
        8.348989898989899,
        22.23787878787879,
        0.0
    ],
    "object_VehicleB.AbstractDynamicObject$bb_max_x_min": [
        0.0,
        0.006818181818181818,
        0.006818181818181818,
        0.006818181818181818,
        2.4,
        2.4,
        2.4,
        2.4,
        2.4,
        2.4,
        2.4,
        0.006818181818181818,
        0.0,
        0.0
    ],
    "object_VehicleB.AbstractDynamicObject$bb_max_y_max": [
        1.1,
        1.4363636363636363,
        1.1,
        1.1,
        1.1,
        1.1,
        1.1,
        1.1,
        1.1,
        1.1,
        1.1,
        1.4363636363636363,
        1.4363636363636363,
        0.0
    ],
    "object_VehicleB.AbstractDynamicObject$bb_max_y_min": [
        0.006818181818181818,
        0.0,
        0.0,
        0.006818181818181818,
        1.1,
        1.1,
        1.1,
        1.1,
        1.1,
        1.1,
        1.1,
        0.006818181818181818,
        0.0,
        0.0
    ],
    "object_VehicleB.AbstractDynamicObject$bb_min_x_max": [
        -0.006818181818181818,
        0.0,
        0.0,
        0.0,
        -0.8,
        -0.8,
        -0.8,
        -0.8,
        -0.8,
        -0.8,
        -0.8,
        0.0,
        -0.006818181818181818,
        0.0
    ],
    "object_VehicleB.AbstractDynamicObject$bb_min_x_min": [
        -0.8568181818181818,
        -0.8,
        -0.8,
        -0.8,
        -0.8,
        -91.5409090909091,
        -0.8,
        -0.8,
        -0.8,
        -0.8,
        -0.8,
        -70.63939393939394,
        -63.688131313131315,
        0.0
    ],
    "object_VehicleB.AbstractDynamicObject$bb_min_y_max": [
        0.0,
        -0.006818181818181818,
        0.0,
        0.0,
        -1.1,
        -1.1,
        -1.1,
        -1.1,
        -1.1,
        -1.1,
        -1.1,
        0.0,
        -0.006818181818181818,
        0.0
    ],
    "object_VehicleB.AbstractDynamicObject$bb_min_y_min": [
        -1.1,
        -1.1,
        -1.1,
        -1.1,
        -1.1,
        -1.1,
        -1.1136363636363635,
        -1.1,
        -1.1,
        -1.1,
        -1.1,
        -1.1,
        -1.1,
        0.0
    ],
    "object_VehicleB.AbstractDynamicObject$length_max": [
        0.0,
        0.0,
        0.0,
        0.0,
        0.0,
        0.0,
        0.0,
        0.0,
        0.0,
        0.0,
        0.0,
        0.0,
        0.0,
        0.0
    ],
    "object_VehicleB.AbstractDynamicObject$length_min": [
        4.8,
        4.8,
        4.8,
        4.8,
        4.8,
        4.8,
        4.8,
        4.8,
        4.8,
        4.8,
        4.8,
        4.8,
        4.8,
        0.0
    ],
    "object_VehicleB.AbstractDynamicObject$v2_max": [
        0.1,
        0.1,
        7.165909090909091,
        0.013636363636363636,
        0.013636363636363636,
        0.013636363636363636,
        0.013636363636363636,
        0.1,
        0.013636363636363636,
        0.013636363636363636,
        13.88888888888889,
        13.88888888888889,
        0.013636363636363636,
        0.0
    ],
    "object_VehicleB.AbstractDynamicObject$v2_min": [
        0.013636363636363636,
        0.1,
        7.165909090909091,
        0.0,
        0.0,
        0.0,
        0.0,
        0.0,
        0.0,
        0.0,
        0.0,
        0.0,
        0.0,
        0.0
    ],
    "object_VehicleB.AbstractDynamicObject$v_max": [
        0.013636363636363636,
        0.013636363636363636,
        0.1,
        13.88888888888889,
        0.013636363636363636,
        13.88888888888889,
        13.88888888888889,
        0.013636363636363636,
        0.013636363636363636,
        0.013636363636363636,
        13.88888888888889,
        13.88888888888889,
        13.88888888888889,
        0.0
    ],
    "object_VehicleB.AbstractDynamicObject$v_min": [
        0.013636363636363636,
        0.013636363636363636,
        0.1,
        7.165909090909091,
        0.013636363636363636,
        0.013636363636363636,
        0.013636363636363636,
        0.013636363636363636,
        0.013636363636363636,
        0.013636363636363636,
        0.013636363636363636,
        13.88888888888889,
        0.0,
        0.0
    ],
    "object_VehicleB.AbstractDynamicObject$width_max": [
        0.0,
        0.0,
        0.0,
        0.0,
        0.0,
        0.0,
        0.0,
        0.0,
        0.0,
        0.0,
        0.0,
        0.0,
        0.0,
        0.0
    ],
    "object_VehicleB.AbstractDynamicObject$width_min": [
        2.2,
        2.2,
        2.2,
        2.2,
        2.2,
        2.2,
        2.2,
        2.2,
        2.2,
        2.2,
        2.2,
        2.2,
        2.2,
        0.0
    ],
    "object_VehicleB.AbstractDynamicObject$x": [
        3.4204545454545454,
        3.4068181818181817,
        3.35,
        -0.28295454545454546,
        -3.8727272727272726,
        -3.8863636363636362,
        -3.9,
        -3.9136363636363636,
        -3.9272727272727272,
        -3.940909090909091,
        -3.9545454545454546,
        -10.90580808080808,
        -24.794696969696968,
        -31.745959595959597
    ],
    "object_VehicleB.AbstractDynamicObject$x2": [
        3.4136363636363636,
        3.4,
        3.3,
        -3.8659090909090907,
        -3.8795454545454544,
        -3.893181818181818,
        -3.9068181818181817,
        -3.9204545454545454,
        -3.934090909090909,
        -3.9477272727272728,
        -3.9613636363636364,
        -17.850252525252525,
        -31.739141414141415,
        -31.752777777777776
    ],
    "object_VehicleB.AbstractDynamicObject$y": [
        1.106818181818182,
        1.106818181818182,
        1.106818181818182,
        1.106818181818182,
        1.106818181818182,
        1.106818181818182,
        1.106818181818182,
        1.106818181818182,
        1.106818181818182,
        1.106818181818182,
        1.106818181818182,
        1.106818181818182,
        1.106818181818182,
        1.106818181818182
    ],
    "object_VehicleB.AbstractDynamicObject$y2": [
        1.106818181818182,
        1.106818181818182,
        1.106818181818182,
        1.106818181818182,
        1.106818181818182,
        1.106818181818182,
        1.106818181818182,
        1.106818181818182,
        1.106818181818182,
        1.106818181818182,
        1.106818181818182,
        1.106818181818182,
        1.106818181818182,
        1.106818181818182
    ],
    "object_VehicleC.AbstractDynamicObject$a_max": [
        0.07954545454545454,
        0.006818181818181818,
        1.9931818181818182,
        1.9931818181818182,
        0.0,
        0.0,
        1.9931818181818182,
        1.9931818181818182,
        1.9931818181818182,
        1.9931818181818182,
        1.9931818181818182,
        0.8536363636363636,
        -6.919545454545455,
        0.0
    ],
    "object_VehicleC.AbstractDynamicObject$a_min": [
        0.07954545454545454,
        0.006818181818181818,
        0.13863636363636364,
        -0.225,
        0.0,
        0.0,
        0.0,
        0.08636363636363636,
        1.9931818181818182,
        1.9931818181818182,
        1.9931818181818182,
        0.8536363636363636,
        -6.919545454545455,
        0.0
    ],
    "object_VehicleC.AbstractDynamicObject$bb_max_x_max": [
        0.75,
        0.75,
        0.75,
        0.75,
        0.7568181818181818,
        0.75,
        0.75,
        0.75,
        0.75,
        0.7636363636363637,
        0.75,
        0.75,
        0.75,
        0.0
    ],
    "object_VehicleC.AbstractDynamicObject$bb_max_x_min": [
        0.0,
        0.0,
        0.0,
        0.006818181818181818,
        -0.7431818181818182,
        0.0,
        -0.7431818181818182,
        -0.7431818181818182,
        -0.7431818181818182,
        0.0,
        -0.7431818181818182,
        0.006818181818181818,
        0.0,
        0.0
    ],
    "object_VehicleC.AbstractDynamicObject$bb_max_y_max": [
        0.82,
        0.8734090909090909,
        0.82,
        0.82,
        0.82,
        0.82,
        0.82,
        0.82,
        0.82,
        0.82,
        0.82,
        0.82,
        8.062045454545455,
        0.0
    ],
    "object_VehicleC.AbstractDynamicObject$bb_max_y_min": [
        0.006818181818181818,
        0.006818181818181818,
        0.006818181818181818,
        0.006818181818181818,
        -2.993181818181818,
        -2.993181818181818,
        -2.993181818181818,
        0.0,
        0.82,
        0.82,
        -2.993181818181818,
        0.006818181818181818,
        0.006818181818181818,
        0.0
    ],
    "object_VehicleC.AbstractDynamicObject$bb_min_x_max": [
        -0.006818181818181818,
        -0.006818181818181818,
        -0.006818181818181818,
        0.0,
        -0.75,
        -0.75,
        -0.75,
        -0.75,
        -0.75,
        -0.75,
        -0.75,
        0.0,
        -0.006818181818181818,
        0.0
    ],
    "object_VehicleC.AbstractDynamicObject$bb_min_x_min": [
        -0.75,
        -1.7863636363636364,
        -0.75,
        -0.75,
        -0.75,
        -0.75,
        -1.7863636363636364,
        -0.75,
        -0.75,
        -0.75,
        -0.75,
        -1.8,
        -1.7863636363636364,
        0.0
    ],
    "object_VehicleC.AbstractDynamicObject$bb_min_y_max": [
        0.0,
        0.0,
        0.0,
        0.0,
        -3.0,
        -3.0,
        -3.0,
        -3.0,
        -3.0,
        -3.0,
        -3.0,
        0.0,
        0.0,
        0.0
    ],
    "object_VehicleC.AbstractDynamicObject$bb_min_y_min": [
        -3.096590909090909,
        -3.0,
        -3.0,
        -3.0,
        -3.0,
        -3.0,
        -3.0,
        -3.0,
        -3.0,
        -3.0,
        -3.0,
        -3.0,
        -3.0,
        0.0
    ],
    "object_VehicleC.AbstractDynamicObject$length_max": [
        0.0,
        0.0,
        0.0,
        0.0,
        0.0,
        0.0,
        0.0,
        0.0,
        0.0,
        0.0,
        0.0,
        0.0,
        0.0,
        0.0
    ],
    "object_VehicleC.AbstractDynamicObject$length_min": [
        1.65,
        1.65,
        1.65,
        1.65,
        1.65,
        1.65,
        1.65,
        1.65,
        1.65,
        1.65,
        1.65,
        1.65,
        1.65,
        0.0
    ],
    "object_VehicleC.AbstractDynamicObject$v2_max": [
        0.09318181818181819,
        0.1,
        0.23863636363636365,
        0.013636363636363636,
        0.10681818181818181,
        0.013636363636363636,
        0.013636363636363636,
        0.1,
        2.0931818181818183,
        4.086363636363636,
        6.079545454545454,
        6.933181818181819,
        0.013636363636363636,
        0.0
    ],
    "object_VehicleC.AbstractDynamicObject$v2_min": [
        0.09318181818181819,
        0.1,
        0.23863636363636365,
        0.013636363636363636,
        0.013636363636363636,
        0.013636363636363636,
        0.013636363636363636,
        0.1,
        2.0931818181818183,
        4.086363636363636,
        0.0,
        0.0,
        0.0,
        0.0
    ],
    "object_VehicleC.AbstractDynamicObject$v_max": [
        0.013636363636363636,
        0.09318181818181819,
        0.1,
        6.933181818181819,
        0.013636363636363636,
        0.013636363636363636,
        0.013636363636363636,
        0.013636363636363636,
        0.1,
        6.933181818181819,
        6.933181818181819,
        6.079545454545454,
        6.933181818181819,
        0.0
    ],
    "object_VehicleC.AbstractDynamicObject$v_min": [
        0.013636363636363636,
        0.09318181818181819,
        0.1,
        0.23863636363636365,
        0.013636363636363636,
        0.013636363636363636,
        0.013636363636363636,
        0.013636363636363636,
        0.1,
        2.0931818181818183,
        4.086363636363636,
        6.079545454545454,
        6.933181818181819,
        0.0
    ],
    "object_VehicleC.AbstractDynamicObject$width_max": [
        0.0,
        0.0,
        0.0,
        0.0,
        0.0,
        0.0,
        0.0,
        0.0,
        0.0,
        0.0,
        0.0,
        0.0,
        0.0,
        0.0
    ],
    "object_VehicleC.AbstractDynamicObject$width_min": [
        1.5,
        1.5,
        1.5,
        1.5,
        1.5,
        1.5,
        1.5,
        1.5,
        1.5,
        1.5,
        1.5,
        1.5,
        1.5,
        0.0
    ],
    "object_VehicleC.AbstractDynamicObject$x": [
        -0.7568181818181818,
        -0.7568181818181818,
        -0.7568181818181818,
        -0.7568181818181818,
        -0.7568181818181818,
        -0.7568181818181818,
        -0.7568181818181818,
        -0.7568181818181818,
        -0.7568181818181818,
        -0.7568181818181818,
        -0.7568181818181818,
        -0.7568181818181818,
        -0.7568181818181818,
        -0.7568181818181818
    ],
    "object_VehicleC.AbstractDynamicObject$x2": [
        -0.7568181818181818,
        -0.7568181818181818,
        -0.7568181818181818,
        -0.7568181818181818,
        -0.7568181818181818,
        -0.7568181818181818,
        -0.7568181818181818,
        -0.7568181818181818,
        -0.7568181818181818,
        -0.7568181818181818,
        -0.7568181818181818,
        -0.7568181818181818,
        -0.7568181818181818,
        -0.7568181818181818
    ],
    "object_VehicleC.AbstractDynamicObject$y": [
        5.7,
        5.646590909090909,
        5.55,
        5.380681818181818,
        5.254545454545455,
        5.240909090909091,
        5.2272727272727275,
        5.213636363636364,
        5.156818181818182,
        4.060227272727273,
        0.9704545454545455,
        -4.1125,
        -10.618863636363637,
        -14.092272727272727
    ],
    "object_VehicleC.AbstractDynamicObject$y2": [
        5.693181818181818,
        5.6,
        5.5,
        5.261363636363637,
        5.247727272727273,
        5.234090909090909,
        5.220454545454546,
        5.206818181818182,
        5.1068181818181815,
        3.0136363636363637,
        -1.0727272727272728,
        -7.152272727272727,
        -14.085454545454546,
        -14.09909090909091
    ]
}