{
    "time": [
        0,
        1.0,
        2.0,
        3.0,
        4.0,
        5.0,
        6.0,
        7.0,
        8.0,
        9.0,
        10.0,
        11.0,
        12.0,
        13.0,
        14.0
    ],
    "object_EEELane.AbstractStaticDirectionalObject$direction": [
        0.0
    ],
    "object_EEELane.AbstractStaticHeadingObject$heading": [
        0.0
    ],
    "object_EEELane.AbstractStaticObject$length": [
        75.00916666666667
    ],
    "object_EEELane.AbstractStaticObject$width": [
        2.55
    ],
    "object_EEELane.AbstractStaticObject$x": [
        2.55
    ],
    "object_EEELane.AbstractStaticObject$y": [
        -1.275
    ],
    "object_ERoad.AbstractStaticHeadingObject$heading": [
        0.0
    ],
    "object_ERoad.AbstractStaticObject$length": [
        75.00916666666667
    ],
    "object_ERoad.AbstractStaticObject$width": [
        5.1
    ],
    "object_ERoad.AbstractStaticObject$x": [
        2.55
    ],
    "object_ERoad.AbstractStaticObject$y": [
        0.0
    ],
    "object_EWWLane.AbstractStaticDirectionalObject$direction": [
        3.1415926535
    ],
    "object_EWWLane.AbstractStaticHeadingObject$heading": [
        3.1415926535
    ],
    "object_EWWLane.AbstractStaticObject$length": [
        75.00916666666667
    ],
    "object_EWWLane.AbstractStaticObject$width": [
        2.55
    ],
    "object_EWWLane.AbstractStaticObject$x": [
        77.55916666666667
    ],
    "object_EWWLane.AbstractStaticObject$y": [
        1.275
    ],
    "object_Junction.AbstractStaticObject$length": [
        5.1
    ],
    "object_Junction.AbstractStaticObject$width": [
        5.1
    ],
    "object_Junction.AbstractStaticObject$x": [
        0.0
    ],
    "object_Junction.AbstractStaticObject$y": [
        0.0
    ],
    "object_NNNLane.AbstractStaticDirectionalObject$direction": [
        1.5707963267
    ],
    "object_NNNLane.AbstractStaticHeadingObject$heading": [
        1.5707963267
    ],
    "object_NNNLane.AbstractStaticObject$length": [
        11.6275
    ],
    "object_NNNLane.AbstractStaticObject$width": [
        2.55
    ],
    "object_NNNLane.AbstractStaticObject$x": [
        1.275
    ],
    "object_NNNLane.AbstractStaticObject$y": [
        2.55
    ],
    "object_NRoad.AbstractStaticHeadingObject$heading": [
        1.5707963267
    ],
    "object_NRoad.AbstractStaticObject$length": [
        11.6275
    ],
    "object_NRoad.AbstractStaticObject$width": [
        5.1
    ],
    "object_NRoad.AbstractStaticObject$x": [
        0.0
    ],
    "object_NRoad.AbstractStaticObject$y": [
        2.55
    ],
    "object_NSSLane.AbstractStaticDirectionalObject$direction": [
        4.7123889803
    ],
    "object_NSSLane.AbstractStaticHeadingObject$heading": [
        4.7123889803
    ],
    "object_NSSLane.AbstractStaticObject$length": [
        11.6275
    ],
    "object_NSSLane.AbstractStaticObject$width": [
        2.55
    ],
    "object_NSSLane.AbstractStaticObject$x": [
        -1.275
    ],
    "object_NSSLane.AbstractStaticObject$y": [
        14.1775
    ],
    "object_SNNLane.AbstractStaticDirectionalObject$direction": [
        1.5707963267
    ],
    "object_SNNLane.AbstractStaticHeadingObject$heading": [
        1.5707963267
    ],
    "object_SNNLane.AbstractStaticObject$length": [
        29.0575
    ],
    "object_SNNLane.AbstractStaticObject$width": [
        2.55
    ],
    "object_SNNLane.AbstractStaticObject$x": [
        1.275
    ],
    "object_SNNLane.AbstractStaticObject$y": [
        -31.6075
    ],
    "object_SRoad.AbstractStaticHeadingObject$heading": [
        4.7123889803
    ],
    "object_SRoad.AbstractStaticObject$length": [
        29.0575
    ],
    "object_SRoad.AbstractStaticObject$width": [
        5.1
    ],
    "object_SRoad.AbstractStaticObject$x": [
        0.0
    ],
    "object_SRoad.AbstractStaticObject$y": [
        -2.55
    ],
    "object_SSSLane.AbstractStaticDirectionalObject$direction": [
        4.7123889803
    ],
    "object_SSSLane.AbstractStaticHeadingObject$heading": [
        4.7123889803
    ],
    "object_SSSLane.AbstractStaticObject$length": [
        29.0575
    ],
    "object_SSSLane.AbstractStaticObject$width": [
        2.55
    ],
    "object_SSSLane.AbstractStaticObject$x": [
        -1.275
    ],
    "object_SSSLane.AbstractStaticObject$y": [
        -2.55
    ],
    "object_WEELane.AbstractStaticDirectionalObject$direction": [
        0.0
    ],
    "object_WEELane.AbstractStaticHeadingObject$heading": [
        0.0
    ],
    "object_WEELane.AbstractStaticObject$length": [
        85.59916666666666
    ],
    "object_WEELane.AbstractStaticObject$width": [
        2.55
    ],
    "object_WEELane.AbstractStaticObject$x": [
        -88.14916666666667
    ],
    "object_WEELane.AbstractStaticObject$y": [
        -1.275
    ],
    "object_WRoad.AbstractStaticHeadingObject$heading": [
        3.1415926535
    ],
    "object_WRoad.AbstractStaticObject$length": [
        85.59916666666666
    ],
    "object_WRoad.AbstractStaticObject$width": [
        5.1
    ],
    "object_WRoad.AbstractStaticObject$x": [
        -2.55
    ],
    "object_WRoad.AbstractStaticObject$y": [
        0.0
    ],
    "object_WWWLane.AbstractStaticDirectionalObject$direction": [
        3.1415926535
    ],
    "object_WWWLane.AbstractStaticHeadingObject$heading": [
        3.1415926535
    ],
    "object_WWWLane.AbstractStaticObject$length": [
        85.59916666666666
    ],
    "object_WWWLane.AbstractStaticObject$width": [
        2.55
    ],
    "object_WWWLane.AbstractStaticObject$x": [
        -2.55
    ],
    "object_WWWLane.AbstractStaticObject$y": [
        1.275
    ],
    "object_World.World$occlusion_distance": [
        0.008333333333333333
    ],
    "object_World.World$occlusion_epsilon": [
        0.0
    ],
    "object_VehicleA.AbstractDynamicObject$a_max": [
        0.0,
        0.0,
        0.0,
        0.0,
        0.0,
        0.0,
        0.0,
        0.0,
        0.0,
        0.0,
        0.0,
        0.0,
        0.0,
        0.0
    ],
    "object_VehicleA.AbstractDynamicObject$a_min": [
        0.0,
        0.0,
        0.0,
        0.0,
        0.0,
        0.0,
        0.0,
        0.0,
        0.0,
        0.0,
        0.0,
        0.0,
        0.0,
        0.0
    ],
    "object_VehicleA.AbstractDynamicObject$bb_max_x_max": [
        0.8,
        58.19916666666666,
        45.69083333333333,
        33.19083333333333,
        0.8,
        0.8,
        0.8,
        0.8,
        0.8,
        0.8,
        0.8,
        0.8,
        0.8,
        0.0
    ],
    "object_VehicleA.AbstractDynamicObject$bb_max_x_min": [
        0.0,
        0.0,
        0.0,
        0.0,
        0.8,
        0.8,
        0.8,
        0.8,
        0.8,
        0.8,
        0.8,
        0.0,
        0.0,
        0.0
    ],
    "object_VehicleA.AbstractDynamicObject$bb_max_y_max": [
        1.1,
        1.45,
        1.4333333333333333,
        1.4333333333333333,
        1.4333333333333333,
        1.1,
        1.1,
        1.1,
        1.1,
        1.1,
        1.1,
        1.4333333333333333,
        1.4333333333333333,
        0.0
    ],
    "object_VehicleA.AbstractDynamicObject$bb_max_y_min": [
        0.008333333333333333,
        0.0,
        -1.0916666666666666,
        0.0,
        1.1,
        -1.0916666666666666,
        1.1,
        -1.0916666666666666,
        -1.0916666666666666,
        1.1,
        1.1,
        0.008333333333333333,
        0.008333333333333333,
        0.0
    ],
    "object_VehicleA.AbstractDynamicObject$bb_min_x_max": [
        -0.008333333333333333,
        -0.008333333333333333,
        -0.008333333333333333,
        -0.008333333333333333,
        0.7916666666666666,
        0.7916666666666666,
        0.7916666666666666,
        0.7916666666666666,
        0.7916666666666666,
        0.7916666666666666,
        0.7916666666666666,
        -0.008333333333333333,
        -0.008333333333333333,
        0.0
    ],
    "object_VehicleA.AbstractDynamicObject$bb_min_x_min": [
        -2.4,
        -27.416666666666668,
        -27.4,
        -2.4,
        -52.4,
        -2.4,
        -2.4,
        -2.4,
        -11.700833333333334,
        -2.4,
        -2.4,
        -2.4,
        -61.700833333333335,
        0.0
    ],
    "object_VehicleA.AbstractDynamicObject$bb_min_y_max": [
        0.0,
        -0.008333333333333333,
        -1.1,
        -0.008333333333333333,
        1.0916666666666666,
        -1.1,
        1.0916666666666666,
        -1.1,
        -1.1,
        1.0916666666666666,
        1.0916666666666666,
        0.0,
        0.0,
        0.0
    ],
    "object_VehicleA.AbstractDynamicObject$bb_min_y_min": [
        -1.1,
        -1.1166666666666667,
        -1.1,
        -1.1,
        -1.1,
        -1.1,
        -1.1166666666666667,
        -1.1,
        -1.1,
        -1.1,
        -1.1,
        -1.1,
        -1.1,
        0.0
    ],
    "object_VehicleA.AbstractDynamicObject$length_max": [
        0.0,
        0.0,
        0.0,
        0.0,
        0.0,
        0.0,
        0.0,
        0.0,
        0.0,
        0.0,
        0.0,
        0.0,
        0.0,
        0.0
    ],
    "object_VehicleA.AbstractDynamicObject$length_min": [
        4.8,
        4.8,
        4.8,
        4.8,
        4.8,
        4.8,
        4.8,
        4.8,
        4.8,
        4.8,
        4.8,
        4.8,
        4.8,
        0.0
    ],
    "object_VehicleA.AbstractDynamicObject$v2_max": [
        12.5,
        12.5,
        12.5,
        12.5,
        12.5,
        12.5,
        12.5,
        12.5,
        12.5,
        12.5,
        12.5,
        12.5,
        12.5,
        0.0
    ],
    "object_VehicleA.AbstractDynamicObject$v2_min": [
        12.5,
        12.5,
        12.5,
        12.5,
        12.5,
        12.5,
        12.5,
        12.5,
        12.5,
        12.5,
        12.5,
        12.5,
        12.5,
        0.0
    ],
    "object_VehicleA.AbstractDynamicObject$v_max": [
        12.5,
        12.5,
        12.5,
        12.5,
        12.5,
        12.5,
        12.5,
        12.5,
        12.5,
        12.5,
        12.5,
        12.5,
        12.5,
        0.0
    ],
    "object_VehicleA.AbstractDynamicObject$v_min": [
        12.5,
        12.5,
        12.5,
        12.5,
        12.5,
        12.5,
        12.5,
        12.5,
        12.5,
        12.5,
        12.5,
        12.5,
        12.5,
        0.0
    ],
    "object_VehicleA.AbstractDynamicObject$width_max": [
        0.0,
        0.0,
        0.0,
        0.0,
        0.0,
        0.0,
        0.0,
        0.0,
        0.0,
        0.0,
        0.0,
        0.0,
        0.0,
        0.0
    ],
    "object_VehicleA.AbstractDynamicObject$width_min": [
        2.2,
        2.2,
        2.2,
        2.2,
        2.2,
        2.2,
        2.2,
        2.2,
        2.2,
        2.2,
        2.2,
        2.2,
        2.2,
        0.0
    ],
    "object_VehicleA.AbstractDynamicObject$x": [
        -85.74083333333333,
        -73.24083333333333,
        -60.740833333333335,
        -48.240833333333335,
        -35.740833333333335,
        -23.240833333333335,
        -10.740833333333333,
        1.7591666666666668,
        14.259166666666667,
        26.759166666666665,
        39.259166666666665,
        51.759166666666665,
        64.25916666666667,
        76.75916666666667
    ],
    "object_VehicleA.AbstractDynamicObject$x2": [
        -79.49083333333333,
        -66.99083333333333,
        -54.490833333333335,
        -41.990833333333335,
        -29.490833333333335,
        -16.990833333333335,
        -4.490833333333334,
        8.009166666666667,
        20.509166666666665,
        33.009166666666665,
        45.509166666666665,
        58.009166666666665,
        70.50916666666667,
        83.00916666666667
    ],
    "object_VehicleA.AbstractDynamicObject$y": [
        -1.4416666666666667,
        -1.4416666666666667,
        -1.4416666666666667,
        -1.4416666666666667,
        -1.4416666666666667,
        -1.4416666666666667,
        -1.4416666666666667,
        -1.4416666666666667,
        -1.4416666666666667,
        -1.4416666666666667,
        -1.4416666666666667,
        -1.4416666666666667,
        -1.4416666666666667,
        -1.4416666666666667
    ],
    "object_VehicleA.AbstractDynamicObject$y2": [
        -1.4416666666666667,
        -1.4416666666666667,
        -1.4416666666666667,
        -1.4416666666666667,
        -1.4416666666666667,
        -1.4416666666666667,
        -1.4416666666666667,
        -1.4416666666666667,
        -1.4416666666666667,
        -1.4416666666666667,
        -1.4416666666666667,
        -1.4416666666666667,
        -1.4416666666666667,
        -1.4416666666666667
    ],
    "object_VehicleB.AbstractDynamicObject$a_max": [
        0.0,
        0.0,
        0.0,
        0.08333333333333333,
        11.649166666666666,
        -11.7325,
        0.0,
        0.0,
        0.0,
        0.0,
        0.0,
        13.872222222222222,
        -13.872222222222222,
        0.0
    ],
    "object_VehicleB.AbstractDynamicObject$a_min": [
        0.0,
        0.0,
        0.0,
        0.08333333333333333,
        11.649166666666666,
        -11.7325,
        0.0,
        0.0,
        0.0,
        0.0,
        0.0,
        13.872222222222222,
        -13.872222222222222,
        0.0
    ],
    "object_VehicleB.AbstractDynamicObject$bb_max_x_max": [
        2.4,
        74.1425,
        74.12583333333333,
        74.1425,
        2.4,
        2.4,
        2.4,
        2.4,
        2.4,
        5.949166666666667,
        5.9991666666666665,
        2.4,
        12.935277777777777,
        0.0
    ],
    "object_VehicleB.AbstractDynamicObject$bb_max_x_min": [
        0.0,
        0.008333333333333333,
        -0.7916666666666666,
        -0.7916666666666666,
        2.4,
        -6.570416666666667,
        2.4,
        2.4,
        2.4,
        2.4,
        2.4,
        0.008333333333333333,
        0.0,
        0.0
    ],
    "object_VehicleB.AbstractDynamicObject$bb_max_y_max": [
        1.1,
        1.1166666666666667,
        1.1,
        1.1,
        1.1,
        1.1083333333333334,
        1.1,
        1.1,
        1.1,
        1.1,
        1.1,
        1.1,
        1.1,
        0.0
    ],
    "object_VehicleB.AbstractDynamicObject$bb_max_y_min": [
        0.008333333333333333,
        0.0,
        1.1,
        0.008333333333333333,
        1.1,
        1.1,
        1.1,
        1.1,
        1.1,
        1.1,
        -1.0916666666666666,
        0.008333333333333333,
        0.0,
        0.0
    ],
    "object_VehicleB.AbstractDynamicObject$bb_min_x_max": [
        -0.008333333333333333,
        0.0,
        -0.8,
        -0.8,
        -0.8,
        -0.8,
        -0.8,
        2.3916666666666666,
        -0.8,
        2.3916666666666666,
        -0.8,
        0.0,
        -0.008333333333333333,
        0.0
    ],
    "object_VehicleB.AbstractDynamicObject$bb_min_x_min": [
        -0.8916666666666667,
        -0.8833333333333333,
        -0.8583333333333333,
        -0.8,
        -0.8,
        -79.7,
        -0.8,
        -0.8,
        -0.8,
        -0.8,
        -0.8,
        -72.65555555555555,
        -65.70277777777778,
        0.0
    ],
    "object_VehicleB.AbstractDynamicObject$bb_min_y_max": [
        0.0,
        -0.008333333333333333,
        1.0916666666666666,
        0.0,
        1.0916666666666666,
        -1.1,
        -1.1,
        1.0916666666666666,
        1.0916666666666666,
        -1.1,
        -1.1,
        0.0,
        -0.008333333333333333,
        0.0
    ],
    "object_VehicleB.AbstractDynamicObject$bb_min_y_min": [
        -1.4333333333333333,
        -1.45,
        -1.4333333333333333,
        -1.4333333333333333,
        -1.4333333333333333,
        -1.1,
        -1.1,
        -1.45,
        -1.1,
        -1.1,
        -1.4333333333333333,
        -1.4333333333333333,
        -1.4333333333333333,
        0.0
    ],
    "object_VehicleB.AbstractDynamicObject$length_max": [
        0.0,
        0.0,
        0.0,
        0.0,
        0.0,
        0.0,
        0.0,
        0.0,
        0.0,
        0.0,
        0.0,
        0.0,
        0.0,
        0.0
    ],
    "object_VehicleB.AbstractDynamicObject$length_min": [
        4.8,
        4.8,
        4.8,
        4.8,
        4.8,
        4.8,
        4.8,
        4.8,
        4.8,
        4.8,
        4.8,
        4.8,
        4.8,
        0.0
    ],
    "object_VehicleB.AbstractDynamicObject$v2_max": [
        0.1,
        0.10833333333333334,
        0.1,
        0.1,
        11.749166666666667,
        0.016666666666666666,
        0.016666666666666666,
        0.016666666666666666,
        0.016666666666666666,
        0.016666666666666666,
        0.016666666666666666,
        13.88888888888889,
        0.016666666666666666,
        0.0
    ],
    "object_VehicleB.AbstractDynamicObject$v2_min": [
        0.016666666666666666,
        0.016666666666666666,
        0.016666666666666666,
        0.0,
        0.0,
        0.0,
        0.0,
        0.0,
        0.0,
        0.0,
        0.0,
        0.0,
        0.0,
        0.0
    ],
    "object_VehicleB.AbstractDynamicObject$v_max": [
        0.016666666666666666,
        0.016666666666666666,
        0.016666666666666666,
        0.016666666666666666,
        0.1,
        11.749166666666667,
        0.016666666666666666,
        0.016666666666666666,
        0.016666666666666666,
        0.016666666666666666,
        0.016666666666666666,
        0.016666666666666666,
        13.88888888888889,
        0.0
    ],
    "object_VehicleB.AbstractDynamicObject$v_min": [
        0.016666666666666666,
        0.016666666666666666,
        0.016666666666666666,
        0.016666666666666666,
        0.1,
        11.749166666666667,
        0.016666666666666666,
        0.016666666666666666,
        0.016666666666666666,
        0.016666666666666666,
        0.016666666666666666,
        0.016666666666666666,
        13.88888888888889,
        0.0
    ],
    "object_VehicleB.AbstractDynamicObject$width_max": [
        0.0,
        0.0,
        0.0,
        0.0,
        0.0,
        0.0,
        0.0,
        0.0,
        0.0,
        0.0,
        0.0,
        0.0,
        0.0,
        0.0
    ],
    "object_VehicleB.AbstractDynamicObject$width_min": [
        2.2,
        2.2,
        2.2,
        2.2,
        2.2,
        2.2,
        2.2,
        2.2,
        2.2,
        2.2,
        2.2,
        2.2,
        2.2,
        0.0
    ],
    "object_VehicleB.AbstractDynamicObject$x": [
        3.4583333333333335,
        3.441666666666667,
        3.425,
        3.408333333333333,
        3.35,
        -2.5745833333333334,
        -8.4575,
        -8.474166666666667,
        -8.490833333333333,
        -8.5075,
        -8.524166666666666,
        -8.540833333333333,
        -15.493611111111111,
        -22.44638888888889
    ],
    "object_VehicleB.AbstractDynamicObject$x2": [
        3.45,
        3.433333333333333,
        3.4166666666666665,
        3.4,
        3.3,
        -8.449166666666667,
        -8.465833333333334,
        -8.4825,
        -8.499166666666667,
        -8.515833333333333,
        -8.5325,
        -8.549166666666666,
        -22.438055555555554,
        -22.454722222222223
    ],
    "object_VehicleB.AbstractDynamicObject$y": [
        1.4416666666666667,
        1.4416666666666667,
        1.4416666666666667,
        1.4416666666666667,
        1.4416666666666667,
        1.4416666666666667,
        1.4416666666666667,
        1.4416666666666667,
        1.4416666666666667,
        1.4416666666666667,
        1.4416666666666667,
        1.4416666666666667,
        1.4416666666666667,
        1.4416666666666667
    ],
    "object_VehicleB.AbstractDynamicObject$y2": [
        1.4416666666666667,
        1.4416666666666667,
        1.4416666666666667,
        1.4416666666666667,
        1.4416666666666667,
        1.4416666666666667,
        1.4416666666666667,
        1.4416666666666667,
        1.4416666666666667,
        1.4416666666666667,
        1.4416666666666667,
        1.4416666666666667,
        1.4416666666666667,
        1.4416666666666667
    ],
    "object_VehicleC.AbstractDynamicObject$a_max": [
        0.0,
        0.0,
        1.9916666666666667,
        1.9916666666666667,
        1.9916666666666667,
        1.9916666666666667,
        1.9916666666666667,
        1.9916666666666667,
        1.9916666666666667,
        1.9916666666666667,
        1.9916666666666667,
        1.9916666666666667,
        1.9916666666666667,
        0.0
    ],
    "object_VehicleC.AbstractDynamicObject$a_min": [
        0.0,
        0.0,
        0.0,
        0.08333333333333333,
        1.9916666666666667,
        1.9916666666666667,
        -1.135,
        1.9916666666666667,
        1.9916666666666667,
        0.0,
        0.0,
        0.0,
        -6.915,
        0.0
    ],
    "object_VehicleC.AbstractDynamicObject$bb_max_x_max": [
        1.7833333333333334,
        1.8,
        1.7833333333333334,
        1.7833333333333334,
        1.7833333333333334,
        1.7833333333333334,
        1.7833333333333334,
        1.7833333333333334,
        1.7833333333333334,
        1.7833333333333334,
        0.75,
        1.7833333333333334,
        1.7833333333333334,
        0.0
    ],
    "object_VehicleC.AbstractDynamicObject$bb_max_x_min": [
        0.0,
        0.0,
        0.75,
        0.75,
        -0.7416666666666667,
        0.75,
        -0.7416666666666667,
        -0.7416666666666667,
        -0.7416666666666667,
        0.0,
        -0.7416666666666667,
        0.008333333333333333,
        0.0,
        0.0
    ],
    "object_VehicleC.AbstractDynamicObject$bb_max_y_max": [
        0.82,
        0.87,
        0.8533333333333334,
        0.87,
        0.9283333333333333,
        0.82,
        0.82,
        0.82,
        0.82,
        1.78,
        0.82,
        0.82,
        22.575,
        0.0
    ],
    "object_VehicleC.AbstractDynamicObject$bb_max_y_min": [
        0.008333333333333333,
        0.008333333333333333,
        0.008333333333333333,
        0.008333333333333333,
        -2.9916666666666667,
        -2.9916666666666667,
        -2.9916666666666667,
        0.0,
        0.82,
        0.82,
        -2.9916666666666667,
        0.008333333333333333,
        0.008333333333333333,
        0.0
    ],
    "object_VehicleC.AbstractDynamicObject$bb_min_x_max": [
        -0.008333333333333333,
        -0.008333333333333333,
        0.7416666666666667,
        0.7416666666666667,
        -0.75,
        -0.75,
        -0.75,
        -0.75,
        -0.75,
        -0.75,
        -0.75,
        0.0,
        -0.008333333333333333,
        0.0
    ],
    "object_VehicleC.AbstractDynamicObject$bb_min_x_min": [
        -0.75,
        -0.7666666666666667,
        -0.75,
        -0.75,
        -0.7583333333333333,
        -0.75,
        -0.75,
        -0.75,
        -0.75,
        -0.75,
        -0.75,
        -0.75,
        -0.75,
        0.0
    ],
    "object_VehicleC.AbstractDynamicObject$bb_min_y_max": [
        0.0,
        0.0,
        0.0,
        0.0,
        -3.0,
        -3.0,
        -3.0,
        -3.0,
        -3.0,
        -3.0,
        -3.0,
        0.0,
        0.0,
        0.0
    ],
    "object_VehicleC.AbstractDynamicObject$bb_min_y_min": [
        -10.7825,
        -10.774166666666666,
        -10.749166666666667,
        -10.690833333333334,
        -3.0,
        -3.0,
        -3.0,
        -3.0,
        -30.735,
        -3.0,
        -3.0,
        -3.0,
        -3.0,
        0.0
    ],
    "object_VehicleC.AbstractDynamicObject$length_max": [
        0.0,
        0.0,
        0.0,
        0.0,
        0.0,
        0.0,
        0.0,
        0.0,
        0.0,
        0.0,
        0.0,
        0.0,
        0.0,
        0.0
    ],
    "object_VehicleC.AbstractDynamicObject$length_min": [
        1.65,
        1.65,
        1.65,
        1.65,
        1.65,
        1.65,
        1.65,
        1.65,
        1.65,
        1.65,
        1.65,
        1.65,
        1.65,
        0.0
    ],
    "object_VehicleC.AbstractDynamicObject$v2_max": [
        0.016666666666666666,
        0.10833333333333334,
        0.1,
        0.1,
        2.091666666666667,
        4.083333333333333,
        2.9483333333333333,
        4.94,
        6.931666666666667,
        6.931666666666667,
        6.931666666666667,
        6.931666666666667,
        0.016666666666666666,
        0.0
    ],
    "object_VehicleC.AbstractDynamicObject$v2_min": [
        0.016666666666666666,
        0.016666666666666666,
        0.016666666666666666,
        0.1,
        2.091666666666667,
        4.083333333333333,
        2.9483333333333333,
        4.94,
        6.931666666666667,
        6.931666666666667,
        0.0,
        0.0,
        0.0,
        0.0
    ],
    "object_VehicleC.AbstractDynamicObject$v_max": [
        0.016666666666666666,
        0.09166666666666666,
        0.016666666666666666,
        0.016666666666666666,
        0.1,
        2.091666666666667,
        6.931666666666667,
        2.9483333333333333,
        4.94,
        6.931666666666667,
        6.931666666666667,
        6.931666666666667,
        6.931666666666667,
        0.0
    ],
    "object_VehicleC.AbstractDynamicObject$v_min": [
        0.016666666666666666,
        0.016666666666666666,
        0.016666666666666666,
        0.016666666666666666,
        0.1,
        2.091666666666667,
        4.083333333333333,
        2.9483333333333333,
        4.94,
        6.931666666666667,
        6.931666666666667,
        6.931666666666667,
        6.931666666666667,
        0.0
    ],
    "object_VehicleC.AbstractDynamicObject$width_max": [
        0.0,
        0.0,
        0.0,
        0.0,
        0.0,
        0.0,
        0.0,
        0.0,
        0.0,
        0.0,
        0.0,
        0.0,
        0.0,
        0.0
    ],
    "object_VehicleC.AbstractDynamicObject$width_min": [
        1.5,
        1.5,
        1.5,
        1.5,
        1.5,
        1.5,
        1.5,
        1.5,
        1.5,
        1.5,
        1.5,
        1.5,
        1.5,
        0.0
    ],
    "object_VehicleC.AbstractDynamicObject$x": [
        -1.7916666666666667,
        -1.7916666666666667,
        -1.7916666666666667,
        -1.7916666666666667,
        -1.7916666666666667,
        -1.7916666666666667,
        -1.7916666666666667,
        -1.7916666666666667,
        -1.7916666666666667,
        -1.7916666666666667,
        -1.7916666666666667,
        -1.7916666666666667,
        -1.7916666666666667,
        -1.7916666666666667
    ],
    "object_VehicleC.AbstractDynamicObject$x2": [
        -1.7916666666666667,
        -1.7916666666666667,
        -1.7916666666666667,
        -1.7916666666666667,
        -1.7916666666666667,
        -1.7916666666666667,
        -1.7916666666666667,
        -1.7916666666666667,
        -1.7916666666666667,
        -1.7916666666666667,
        -1.7916666666666667,
        -1.7916666666666667,
        -1.7916666666666667,
        -1.7916666666666667
    ],
    "object_VehicleC.AbstractDynamicObject$y": [
        13.349166666666667,
        13.3325,
        13.315833333333334,
        13.299166666666666,
        13.240833333333333,
        12.145,
        9.0575,
        5.541666666666667,
        1.5975,
        -4.338333333333333,
        -11.27,
        -18.201666666666668,
        -25.133333333333333,
        -28.6075
    ],
    "object_VehicleC.AbstractDynamicObject$y2": [
        13.340833333333334,
        13.324166666666667,
        13.3075,
        13.290833333333333,
        13.190833333333334,
        11.099166666666667,
        7.015833333333333,
        4.0675,
        -0.8725,
        -7.804166666666666,
        -14.735833333333334,
        -21.6675,
        -28.599166666666665,
        -28.615833333333335
    ]
}