{
    "time": [
        0,
        1.0,
        2.0,
        3.0,
        4.0,
        5.0,
        6.0,
        7.0,
        8.0,
        9.0,
        10.0,
        11.0,
        12.0,
        13.0,
        14.0
    ],
    "object_EEELane.AbstractStaticDirectionalObject$direction": [
        0.0
    ],
    "object_EEELane.AbstractStaticHeadingObject$heading": [
        0.0
    ],
    "object_EEELane.AbstractStaticObject$length": [
        67.71666666666667
    ],
    "object_EEELane.AbstractStaticObject$width": [
        2.55
    ],
    "object_EEELane.AbstractStaticObject$x": [
        2.55
    ],
    "object_EEELane.AbstractStaticObject$y": [
        -1.275
    ],
    "object_ERoad.AbstractStaticHeadingObject$heading": [
        0.0
    ],
    "object_ERoad.AbstractStaticObject$length": [
        67.71666666666667
    ],
    "object_ERoad.AbstractStaticObject$width": [
        5.1
    ],
    "object_ERoad.AbstractStaticObject$x": [
        2.55
    ],
    "object_ERoad.AbstractStaticObject$y": [
        0.0
    ],
    "object_EWWLane.AbstractStaticDirectionalObject$direction": [
        3.1415926535
    ],
    "object_EWWLane.AbstractStaticHeadingObject$heading": [
        3.1415926535
    ],
    "object_EWWLane.AbstractStaticObject$length": [
        67.71666666666667
    ],
    "object_EWWLane.AbstractStaticObject$width": [
        2.55
    ],
    "object_EWWLane.AbstractStaticObject$x": [
        70.26666666666667
    ],
    "object_EWWLane.AbstractStaticObject$y": [
        1.275
    ],
    "object_Junction.AbstractStaticObject$length": [
        5.1
    ],
    "object_Junction.AbstractStaticObject$width": [
        5.1
    ],
    "object_Junction.AbstractStaticObject$x": [
        0.0
    ],
    "object_Junction.AbstractStaticObject$y": [
        0.0
    ],
    "object_NNNLane.AbstractStaticDirectionalObject$direction": [
        1.5707963267
    ],
    "object_NNNLane.AbstractStaticHeadingObject$heading": [
        1.5707963267
    ],
    "object_NNNLane.AbstractStaticObject$length": [
        16.0225
    ],
    "object_NNNLane.AbstractStaticObject$width": [
        2.55
    ],
    "object_NNNLane.AbstractStaticObject$x": [
        1.275
    ],
    "object_NNNLane.AbstractStaticObject$y": [
        2.55
    ],
    "object_NRoad.AbstractStaticHeadingObject$heading": [
        1.5707963267
    ],
    "object_NRoad.AbstractStaticObject$length": [
        16.0225
    ],
    "object_NRoad.AbstractStaticObject$width": [
        5.1
    ],
    "object_NRoad.AbstractStaticObject$x": [
        0.0
    ],
    "object_NRoad.AbstractStaticObject$y": [
        2.55
    ],
    "object_NSSLane.AbstractStaticDirectionalObject$direction": [
        4.7123889803
    ],
    "object_NSSLane.AbstractStaticHeadingObject$heading": [
        4.7123889803
    ],
    "object_NSSLane.AbstractStaticObject$length": [
        16.0225
    ],
    "object_NSSLane.AbstractStaticObject$width": [
        2.55
    ],
    "object_NSSLane.AbstractStaticObject$x": [
        -1.275
    ],
    "object_NSSLane.AbstractStaticObject$y": [
        18.5725
    ],
    "object_SNNLane.AbstractStaticDirectionalObject$direction": [
        1.5707963267
    ],
    "object_SNNLane.AbstractStaticHeadingObject$heading": [
        1.5707963267
    ],
    "object_SNNLane.AbstractStaticObject$length": [
        33.365833333333335
    ],
    "object_SNNLane.AbstractStaticObject$width": [
        2.55
    ],
    "object_SNNLane.AbstractStaticObject$x": [
        1.275
    ],
    "object_SNNLane.AbstractStaticObject$y": [
        -35.91583333333333
    ],
    "object_SRoad.AbstractStaticHeadingObject$heading": [
        4.7123889803
    ],
    "object_SRoad.AbstractStaticObject$length": [
        33.365833333333335
    ],
    "object_SRoad.AbstractStaticObject$width": [
        5.1
    ],
    "object_SRoad.AbstractStaticObject$x": [
        0.0
    ],
    "object_SRoad.AbstractStaticObject$y": [
        -2.55
    ],
    "object_SSSLane.AbstractStaticDirectionalObject$direction": [
        4.7123889803
    ],
    "object_SSSLane.AbstractStaticHeadingObject$heading": [
        4.7123889803
    ],
    "object_SSSLane.AbstractStaticObject$length": [
        33.365833333333335
    ],
    "object_SSSLane.AbstractStaticObject$width": [
        2.55
    ],
    "object_SSSLane.AbstractStaticObject$x": [
        -1.275
    ],
    "object_SSSLane.AbstractStaticObject$y": [
        -2.55
    ],
    "object_WEELane.AbstractStaticDirectionalObject$direction": [
        0.0
    ],
    "object_WEELane.AbstractStaticHeadingObject$heading": [
        0.0
    ],
    "object_WEELane.AbstractStaticObject$length": [
        92.89166666666667
    ],
    "object_WEELane.AbstractStaticObject$width": [
        2.55
    ],
    "object_WEELane.AbstractStaticObject$x": [
        -95.44166666666666
    ],
    "object_WEELane.AbstractStaticObject$y": [
        -1.275
    ],
    "object_WRoad.AbstractStaticHeadingObject$heading": [
        3.1415926535
    ],
    "object_WRoad.AbstractStaticObject$length": [
        92.89166666666667
    ],
    "object_WRoad.AbstractStaticObject$width": [
        5.1
    ],
    "object_WRoad.AbstractStaticObject$x": [
        -2.55
    ],
    "object_WRoad.AbstractStaticObject$y": [
        0.0
    ],
    "object_WWWLane.AbstractStaticDirectionalObject$direction": [
        3.1415926535
    ],
    "object_WWWLane.AbstractStaticHeadingObject$heading": [
        3.1415926535
    ],
    "object_WWWLane.AbstractStaticObject$length": [
        92.89166666666667
    ],
    "object_WWWLane.AbstractStaticObject$width": [
        2.55
    ],
    "object_WWWLane.AbstractStaticObject$x": [
        -2.55
    ],
    "object_WWWLane.AbstractStaticObject$y": [
        1.275
    ],
    "object_World.World$occlusion_distance": [
        0.008333333333333333
    ],
    "object_World.World$occlusion_epsilon": [
        0.0
    ],
    "object_VehicleA.AbstractDynamicObject$a_max": [
        0.0,
        0.0,
        0.0,
        0.0,
        0.0,
        0.0,
        0.0,
        0.0,
        0.0,
        0.0,
        0.0,
        0.0,
        0.0,
        0.0
    ],
    "object_VehicleA.AbstractDynamicObject$a_min": [
        0.0,
        0.0,
        0.0,
        0.0,
        0.0,
        0.0,
        0.0,
        0.0,
        0.0,
        0.0,
        0.0,
        0.0,
        0.0,
        0.0
    ],
    "object_VehicleA.AbstractDynamicObject$bb_max_x_max": [
        0.8,
        65.48333333333333,
        0.8,
        0.8,
        0.8,
        0.8,
        0.8,
        0.8,
        0.8,
        0.8,
        0.8,
        13.3,
        0.8,
        0.0
    ],
    "object_VehicleA.AbstractDynamicObject$bb_max_x_min": [
        0.0,
        0.0,
        0.0,
        0.0,
        0.8,
        0.8,
        0.8,
        0.8,
        0.8,
        0.8,
        0.8,
        0.0,
        0.0,
        0.0
    ],
    "object_VehicleA.AbstractDynamicObject$bb_max_y_max": [
        1.1,
        1.1,
        1.1,
        1.1,
        1.1,
        1.1166666666666667,
        1.1,
        1.1,
        1.1,
        1.1,
        1.1,
        1.1,
        1.1,
        0.0
    ],
    "object_VehicleA.AbstractDynamicObject$bb_max_y_min": [
        0.008333333333333333,
        0.0,
        0.0,
        0.0,
        1.1,
        1.1,
        1.1,
        1.1,
        1.1,
        1.1,
        1.1,
        0.008333333333333333,
        0.008333333333333333,
        0.0
    ],
    "object_VehicleA.AbstractDynamicObject$bb_min_x_max": [
        -0.008333333333333333,
        -0.008333333333333333,
        -0.008333333333333333,
        -0.008333333333333333,
        0.7916666666666666,
        0.7916666666666666,
        0.7916666666666666,
        0.7916666666666666,
        0.7916666666666666,
        -2.4,
        0.7916666666666666,
        -0.008333333333333333,
        -0.008333333333333333,
        0.0
    ],
    "object_VehicleA.AbstractDynamicObject$bb_min_x_min": [
        -2.4,
        -14.9,
        -2.4,
        -2.4,
        -2.4,
        -2.4,
        -2.4,
        -2.4,
        -4.408333333333333,
        -2.4,
        -2.4,
        -41.90833333333333,
        -54.40833333333333,
        0.0
    ],
    "object_VehicleA.AbstractDynamicObject$bb_min_y_max": [
        0.0,
        -0.008333333333333333,
        -0.008333333333333333,
        -0.008333333333333333,
        1.0916666666666666,
        1.0916666666666666,
        1.0916666666666666,
        1.0916666666666666,
        1.0916666666666666,
        1.0916666666666666,
        1.0916666666666666,
        0.0,
        0.0,
        0.0
    ],
    "object_VehicleA.AbstractDynamicObject$bb_min_y_min": [
        -1.1,
        -1.4333333333333333,
        -1.1,
        -1.1,
        -1.1,
        -1.4333333333333333,
        -1.4333333333333333,
        -1.4333333333333333,
        -1.4333333333333333,
        -1.4333333333333333,
        -1.1,
        -1.1,
        -1.1,
        0.0
    ],
    "object_VehicleA.AbstractDynamicObject$length_max": [
        0.0,
        0.0,
        0.0,
        0.0,
        0.0,
        0.0,
        0.0,
        0.0,
        0.0,
        0.0,
        0.0,
        0.0,
        0.0,
        0.0
    ],
    "object_VehicleA.AbstractDynamicObject$length_min": [
        4.8,
        4.8,
        4.8,
        4.8,
        4.8,
        4.8,
        4.8,
        4.8,
        4.8,
        4.8,
        4.8,
        4.8,
        4.8,
        0.0
    ],
    "object_VehicleA.AbstractDynamicObject$v2_max": [
        12.5,
        12.5,
        12.5,
        12.5,
        12.5,
        12.5,
        12.5,
        12.5,
        12.5,
        12.5,
        12.5,
        12.5,
        12.5,
        0.0
    ],
    "object_VehicleA.AbstractDynamicObject$v2_min": [
        12.5,
        12.5,
        12.5,
        12.5,
        12.5,
        12.5,
        12.5,
        12.5,
        12.5,
        12.5,
        12.5,
        12.5,
        12.5,
        0.0
    ],
    "object_VehicleA.AbstractDynamicObject$v_max": [
        12.5,
        12.5,
        12.5,
        12.5,
        12.5,
        12.5,
        12.5,
        12.5,
        12.5,
        12.5,
        12.5,
        12.5,
        12.5,
        0.0
    ],
    "object_VehicleA.AbstractDynamicObject$v_min": [
        12.5,
        12.5,
        12.5,
        12.5,
        12.5,
        12.5,
        12.5,
        12.5,
        12.5,
        12.5,
        12.5,
        12.5,
        12.5,
        0.0
    ],
    "object_VehicleA.AbstractDynamicObject$width_max": [
        0.0,
        0.0,
        0.0,
        0.0,
        0.0,
        0.0,
        0.0,
        0.0,
        0.0,
        0.0,
        0.0,
        0.0,
        0.0,
        0.0
    ],
    "object_VehicleA.AbstractDynamicObject$width_min": [
        2.2,
        2.2,
        2.2,
        2.2,
        2.2,
        2.2,
        2.2,
        2.2,
        2.2,
        2.2,
        2.2,
        2.2,
        2.2,
        0.0
    ],
    "object_VehicleA.AbstractDynamicObject$x": [
        -93.03333333333333,
        -80.53333333333333,
        -68.03333333333333,
        -55.53333333333333,
        -43.03333333333333,
        -30.533333333333335,
        -18.033333333333335,
        -5.533333333333333,
        6.966666666666667,
        19.466666666666665,
        31.966666666666665,
        44.46666666666667,
        56.96666666666667,
        69.46666666666667
    ],
    "object_VehicleA.AbstractDynamicObject$x2": [
        -86.78333333333333,
        -74.28333333333333,
        -61.78333333333333,
        -49.28333333333333,
        -36.78333333333333,
        -24.283333333333335,
        -11.783333333333333,
        0.7166666666666667,
        13.216666666666667,
        25.716666666666665,
        38.21666666666667,
        50.71666666666667,
        63.21666666666667,
        75.71666666666667
    ],
    "object_VehicleA.AbstractDynamicObject$y": [
        -1.1083333333333334,
        -1.1083333333333334,
        -1.1083333333333334,
        -1.1083333333333334,
        -1.1083333333333334,
        -1.1083333333333334,
        -1.1083333333333334,
        -1.1083333333333334,
        -1.1083333333333334,
        -1.1083333333333334,
        -1.1083333333333334,
        -1.1083333333333334,
        -1.1083333333333334,
        -1.1083333333333334
    ],
    "object_VehicleA.AbstractDynamicObject$y2": [
        -1.1083333333333334,
        -1.1083333333333334,
        -1.1083333333333334,
        -1.1083333333333334,
        -1.1083333333333334,
        -1.1083333333333334,
        -1.1083333333333334,
        -1.1083333333333334,
        -1.1083333333333334,
        -1.1083333333333334,
        -1.1083333333333334,
        -1.1083333333333334,
        -1.1083333333333334,
        -1.1083333333333334
    ],
    "object_VehicleB.AbstractDynamicObject$a_max": [
        0.0,
        0.08333333333333333,
        0.12222222222222222,
        -0.20555555555555555,
        0.0,
        0.0,
        13.872222222222222,
        0.0,
        -13.872222222222222,
        0.0,
        0.0,
        0.0,
        0.0,
        0.0
    ],
    "object_VehicleB.AbstractDynamicObject$a_min": [
        0.0,
        0.08333333333333333,
        0.12222222222222222,
        -0.20555555555555555,
        0.0,
        0.0,
        13.872222222222222,
        0.0,
        -13.872222222222222,
        0.0,
        0.0,
        0.0,
        0.0,
        0.0
    ],
    "object_VehicleB.AbstractDynamicObject$bb_max_x_max": [
        66.83333333333333,
        66.85,
        2.4,
        2.4,
        2.4,
        2.4,
        2.4,
        2.4,
        2.4,
        22.2,
        22.216666666666665,
        2.4,
        22.25,
        0.0
    ],
    "object_VehicleB.AbstractDynamicObject$bb_max_x_min": [
        0.0,
        0.008333333333333333,
        0.008333333333333333,
        0.008333333333333333,
        2.4,
        2.4,
        2.4,
        2.4,
        2.4,
        2.4,
        2.4,
        0.008333333333333333,
        0.0,
        0.0
    ],
    "object_VehicleB.AbstractDynamicObject$bb_max_y_max": [
        1.1,
        1.4333333333333333,
        1.1,
        1.1,
        1.1,
        1.1,
        1.1,
        1.1,
        1.1,
        1.1,
        1.1,
        1.4333333333333333,
        1.4333333333333333,
        0.0
    ],
    "object_VehicleB.AbstractDynamicObject$bb_max_y_min": [
        0.008333333333333333,
        0.0,
        0.0,
        0.008333333333333333,
        1.1,
        1.1,
        1.1,
        1.1,
        1.1,
        1.1,
        1.1,
        0.008333333333333333,
        0.0,
        0.0
    ],
    "object_VehicleB.AbstractDynamicObject$bb_min_x_max": [
        -0.008333333333333333,
        0.0,
        0.0,
        0.0,
        -0.8,
        -0.8,
        -0.8,
        -0.8,
        -0.8,
        -0.8,
        -0.8,
        0.0,
        -0.008333333333333333,
        0.0
    ],
    "object_VehicleB.AbstractDynamicObject$bb_min_x_min": [
        -0.8583333333333333,
        -0.8,
        -0.8,
        -0.8,
        -0.8,
        -98.48611111111111,
        -0.8,
        -0.8,
        -0.8,
        -0.8,
        -0.8,
        -70.63333333333334,
        -70.61666666666666,
        0.0
    ],
    "object_VehicleB.AbstractDynamicObject$bb_min_y_max": [
        0.0,
        -0.008333333333333333,
        0.0,
        0.0,
        -1.1,
        -1.1,
        -1.1,
        -1.1,
        -1.1,
        -1.1,
        -1.1,
        0.0,
        -0.008333333333333333,
        0.0
    ],
    "object_VehicleB.AbstractDynamicObject$bb_min_y_min": [
        -1.1,
        -1.1,
        -1.1,
        -1.1,
        -1.1,
        -1.1,
        -1.1166666666666667,
        -1.1,
        -1.1166666666666667,
        -1.1166666666666667,
        -1.1083333333333334,
        -1.1,
        -1.1,
        0.0
    ],
    "object_VehicleB.AbstractDynamicObject$length_max": [
        0.0,
        0.0,
        0.0,
        0.0,
        0.0,
        0.0,
        0.0,
        0.0,
        0.0,
        0.0,
        0.0,
        0.0,
        0.0,
        0.0
    ],
    "object_VehicleB.AbstractDynamicObject$length_min": [
        4.8,
        4.8,
        4.8,
        4.8,
        4.8,
        4.8,
        4.8,
        4.8,
        4.8,
        4.8,
        4.8,
        4.8,
        4.8,
        0.0
    ],
    "object_VehicleB.AbstractDynamicObject$v2_max": [
        0.1,
        0.1,
        0.2222222222222222,
        0.016666666666666666,
        0.016666666666666666,
        0.016666666666666666,
        13.88888888888889,
        13.88888888888889,
        0.016666666666666666,
        0.016666666666666666,
        0.016666666666666666,
        0.016666666666666666,
        0.016666666666666666,
        0.0
    ],
    "object_VehicleB.AbstractDynamicObject$v2_min": [
        0.016666666666666666,
        0.1,
        0.2222222222222222,
        0.0,
        0.0,
        0.0,
        0.0,
        0.0,
        0.0,
        0.0,
        0.0,
        0.0,
        0.0,
        0.0
    ],
    "object_VehicleB.AbstractDynamicObject$v_max": [
        0.016666666666666666,
        0.016666666666666666,
        0.1,
        13.88888888888889,
        0.016666666666666666,
        13.88888888888889,
        13.88888888888889,
        13.88888888888889,
        13.88888888888889,
        0.016666666666666666,
        13.88888888888889,
        13.88888888888889,
        0.016666666666666666,
        0.0
    ],
    "object_VehicleB.AbstractDynamicObject$v_min": [
        0.016666666666666666,
        0.016666666666666666,
        0.1,
        0.2222222222222222,
        0.016666666666666666,
        0.016666666666666666,
        0.016666666666666666,
        13.88888888888889,
        13.88888888888889,
        0.016666666666666666,
        0.016666666666666666,
        0.016666666666666666,
        0.016666666666666666,
        0.0
    ],
    "object_VehicleB.AbstractDynamicObject$width_max": [
        0.0,
        0.0,
        0.0,
        0.0,
        0.0,
        0.0,
        0.0,
        0.0,
        0.0,
        0.0,
        0.0,
        0.0,
        0.0,
        0.0
    ],
    "object_VehicleB.AbstractDynamicObject$width_min": [
        2.2,
        2.2,
        2.2,
        2.2,
        2.2,
        2.2,
        2.2,
        2.2,
        2.2,
        2.2,
        2.2,
        2.2,
        2.2,
        0.0
    ],
    "object_VehicleB.AbstractDynamicObject$x": [
        3.425,
        3.408333333333333,
        3.35,
        3.188888888888889,
        3.0694444444444446,
        3.0527777777777776,
        3.036111111111111,
        -3.9166666666666665,
        -17.805555555555557,
        -24.758333333333333,
        -24.775,
        -24.791666666666668,
        -24.808333333333334,
        -24.825
    ],
    "object_VehicleB.AbstractDynamicObject$x2": [
        3.4166666666666665,
        3.4,
        3.3,
        3.077777777777778,
        3.061111111111111,
        3.0444444444444443,
        3.0277777777777777,
        -10.86111111111111,
        -24.75,
        -24.766666666666666,
        -24.783333333333335,
        -24.8,
        -24.816666666666666,
        -24.833333333333332
    ],
    "object_VehicleB.AbstractDynamicObject$y": [
        1.1083333333333334,
        1.1083333333333334,
        1.1083333333333334,
        1.1083333333333334,
        1.1083333333333334,
        1.1083333333333334,
        1.1083333333333334,
        1.1083333333333334,
        1.1083333333333334,
        1.1083333333333334,
        1.1083333333333334,
        1.1083333333333334,
        1.1083333333333334,
        1.1083333333333334
    ],
    "object_VehicleB.AbstractDynamicObject$y2": [
        1.1083333333333334,
        1.1083333333333334,
        1.1083333333333334,
        1.1083333333333334,
        1.1083333333333334,
        1.1083333333333334,
        1.1083333333333334,
        1.1083333333333334,
        1.1083333333333334,
        1.1083333333333334,
        1.1083333333333334,
        1.1083333333333334,
        1.1083333333333334,
        1.1083333333333334
    ],
    "object_VehicleC.AbstractDynamicObject$a_max": [
        0.075,
        0.008333333333333333,
        -0.08333333333333333,
        1.9916666666666667,
        1.9916666666666667,
        1.9916666666666667,
        1.9916666666666667,
        1.9916666666666667,
        1.9916666666666667,
        1.9916666666666667,
        0.0,
        0.0,
        -6.915,
        0.0
    ],
    "object_VehicleC.AbstractDynamicObject$a_min": [
        0.075,
        0.008333333333333333,
        -0.08333333333333333,
        0.94,
        1.9916666666666667,
        1.9916666666666667,
        1.9916666666666667,
        0.0,
        0.0,
        0.0,
        0.0,
        0.0,
        -6.915,
        0.0
    ],
    "object_VehicleC.AbstractDynamicObject$bb_max_x_max": [
        0.75,
        0.75,
        0.75,
        0.75,
        0.7583333333333333,
        0.75,
        0.75,
        0.75,
        0.75,
        0.75,
        0.75,
        0.75,
        0.75,
        0.0
    ],
    "object_VehicleC.AbstractDynamicObject$bb_max_x_min": [
        0.0,
        0.0,
        0.0,
        0.008333333333333333,
        -0.7416666666666667,
        0.0,
        -0.7416666666666667,
        -0.7416666666666667,
        -0.7416666666666667,
        0.0,
        -0.7416666666666667,
        0.008333333333333333,
        0.0,
        0.0
    ],
    "object_VehicleC.AbstractDynamicObject$bb_max_y_max": [
        0.82,
        0.8741666666666666,
        0.82,
        0.82,
        0.82,
        0.82,
        0.82,
        0.82,
        0.82,
        0.82,
        0.82,
        0.82,
        26.883333333333333,
        0.0
    ],
    "object_VehicleC.AbstractDynamicObject$bb_max_y_min": [
        0.008333333333333333,
        0.008333333333333333,
        0.008333333333333333,
        0.008333333333333333,
        -2.9916666666666667,
        -2.9916666666666667,
        -2.9916666666666667,
        0.0,
        0.82,
        0.82,
        -2.9916666666666667,
        0.008333333333333333,
        0.008333333333333333,
        0.0
    ],
    "object_VehicleC.AbstractDynamicObject$bb_min_x_max": [
        -0.008333333333333333,
        -0.008333333333333333,
        -0.008333333333333333,
        0.0,
        -0.75,
        -0.75,
        -0.75,
        -0.75,
        -0.75,
        -0.75,
        -0.75,
        0.0,
        -0.008333333333333333,
        0.0
    ],
    "object_VehicleC.AbstractDynamicObject$bb_min_x_min": [
        -0.75,
        -1.7833333333333334,
        -0.75,
        -0.75,
        -0.75,
        -0.75,
        -1.7833333333333334,
        -0.75,
        -0.75,
        -0.75,
        -0.75,
        -1.7833333333333334,
        -1.7833333333333334,
        0.0
    ],
    "object_VehicleC.AbstractDynamicObject$bb_min_y_max": [
        0.0,
        0.0,
        0.0,
        0.0,
        -3.0,
        -3.0,
        -3.0,
        -3.0,
        -3.0,
        -3.0,
        -3.0,
        0.0,
        0.0,
        0.0
    ],
    "object_VehicleC.AbstractDynamicObject$bb_min_y_min": [
        -15.14,
        -15.044166666666667,
        -3.0,
        -14.9775,
        -3.0,
        -3.0,
        -3.0,
        -3.0,
        -3.0,
        -3.0,
        -3.0,
        -3.0,
        -3.0,
        0.0
    ],
    "object_VehicleC.AbstractDynamicObject$length_max": [
        0.0,
        0.0,
        0.0,
        0.0,
        0.0,
        0.0,
        0.0,
        0.0,
        0.0,
        0.0,
        0.0,
        0.0,
        0.0,
        0.0
    ],
    "object_VehicleC.AbstractDynamicObject$length_min": [
        1.65,
        1.65,
        1.65,
        1.65,
        1.65,
        1.65,
        1.65,
        1.65,
        1.65,
        1.65,
        1.65,
        1.65,
        1.65,
        0.0
    ],
    "object_VehicleC.AbstractDynamicObject$v2_max": [
        0.09166666666666666,
        0.1,
        0.016666666666666666,
        0.9566666666666667,
        2.9483333333333333,
        4.94,
        6.931666666666667,
        6.931666666666667,
        6.931666666666667,
        6.931666666666667,
        6.931666666666667,
        6.931666666666667,
        0.016666666666666666,
        0.0
    ],
    "object_VehicleC.AbstractDynamicObject$v2_min": [
        0.09166666666666666,
        0.1,
        0.016666666666666666,
        0.9566666666666667,
        2.9483333333333333,
        4.94,
        6.931666666666667,
        6.931666666666667,
        6.931666666666667,
        6.931666666666667,
        0.0,
        0.0,
        0.0,
        0.0
    ],
    "object_VehicleC.AbstractDynamicObject$v_max": [
        0.016666666666666666,
        0.09166666666666666,
        0.1,
        6.931666666666667,
        0.9566666666666667,
        2.9483333333333333,
        4.94,
        6.931666666666667,
        6.931666666666667,
        6.931666666666667,
        6.931666666666667,
        6.931666666666667,
        6.931666666666667,
        0.0
    ],
    "object_VehicleC.AbstractDynamicObject$v_min": [
        0.016666666666666666,
        0.09166666666666666,
        0.1,
        0.016666666666666666,
        0.9566666666666667,
        2.9483333333333333,
        4.94,
        6.931666666666667,
        6.931666666666667,
        6.931666666666667,
        6.931666666666667,
        6.931666666666667,
        6.931666666666667,
        0.0
    ],
    "object_VehicleC.AbstractDynamicObject$width_max": [
        0.0,
        0.0,
        0.0,
        0.0,
        0.0,
        0.0,
        0.0,
        0.0,
        0.0,
        0.0,
        0.0,
        0.0,
        0.0,
        0.0
    ],
    "object_VehicleC.AbstractDynamicObject$width_min": [
        1.5,
        1.5,
        1.5,
        1.5,
        1.5,
        1.5,
        1.5,
        1.5,
        1.5,
        1.5,
        1.5,
        1.5,
        1.5,
        0.0
    ],
    "object_VehicleC.AbstractDynamicObject$x": [
        -0.7583333333333333,
        -0.7583333333333333,
        -0.7583333333333333,
        -0.7583333333333333,
        -0.7583333333333333,
        -0.7583333333333333,
        -0.7583333333333333,
        -0.7583333333333333,
        -0.7583333333333333,
        -0.7583333333333333,
        -0.7583333333333333,
        -0.7583333333333333,
        -0.7583333333333333,
        -0.7583333333333333
    ],
    "object_VehicleC.AbstractDynamicObject$x2": [
        -0.7583333333333333,
        -0.7583333333333333,
        -0.7583333333333333,
        -0.7583333333333333,
        -0.7583333333333333,
        -0.7583333333333333,
        -0.7583333333333333,
        -0.7583333333333333,
        -0.7583333333333333,
        -0.7583333333333333,
        -0.7583333333333333,
        -0.7583333333333333,
        -0.7583333333333333,
        -0.7583333333333333
    ],
    "object_VehicleC.AbstractDynamicObject$y": [
        17.74416666666667,
        17.69,
        17.594166666666666,
        17.535833333333333,
        17.049166666666668,
        15.096666666666666,
        11.1525,
        5.216666666666667,
        -1.715,
        -8.646666666666667,
        -15.578333333333333,
        -22.51,
        -29.441666666666666,
        -32.91583333333333
    ],
    "object_VehicleC.AbstractDynamicObject$y2": [
        17.735833333333332,
        17.644166666666667,
        17.544166666666666,
        17.5275,
        16.570833333333333,
        13.6225,
        8.6825,
        1.7508333333333332,
        -5.180833333333333,
        -12.1125,
        -19.044166666666666,
        -25.975833333333334,
        -32.9075,
        -32.924166666666665
    ]
}